<?xml version="1.0" encoding="UTF-8"?>
<gpx version="1.1" creator="TokyoCycling2026" xmlns="http://www.topografix.com/GPX/1/1">
  <metadata>
    <name>Day 12: 湘南篇：熱海銀座 MARUYA ➔ 縣道740號柑橘道 ➔ 小田原城 ➔ 湘南海岸防風林 ➔ 江之島</name>
    <desc>63.2 km | +323m / -314m</desc>
  </metadata>
  <trk>
    <name>Day 12: 湘南篇：熱海銀座 MARUYA ➔ 縣道740號柑橘道 ➔ 小田原城 ➔ 湘南海岸防風林 ➔ 江之島</name>
    <trkseg>
      <trkpt lat="35.094333" lon="139.072461"></trkpt>
      <trkpt lat="35.094295" lon="139.072539"></trkpt>
      <trkpt lat="35.094078" lon="139.072959"></trkpt>
      <trkpt lat="35.093875" lon="139.073365"></trkpt>
      <trkpt lat="35.093868" lon="139.073389"></trkpt>
      <trkpt lat="35.093842" lon="139.073486"></trkpt>
      <trkpt lat="35.0939" lon="139.0735"></trkpt>
      <trkpt lat="35.094261" lon="139.073593"></trkpt>
      <trkpt lat="35.094291" lon="139.073607"></trkpt>
      <trkpt lat="35.094616" lon="139.073757"></trkpt>
      <trkpt lat="35.094754" lon="139.073812"></trkpt>
      <trkpt lat="35.094979" lon="139.073921"></trkpt>
      <trkpt lat="35.095399" lon="139.074099"></trkpt>
      <trkpt lat="35.095419" lon="139.074109"></trkpt>
      <trkpt lat="35.095456" lon="139.074126"></trkpt>
      <trkpt lat="35.095532" lon="139.07416"></trkpt>
      <trkpt lat="35.095566" lon="139.074175"></trkpt>
      <trkpt lat="35.095772" lon="139.074319"></trkpt>
      <trkpt lat="35.095783" lon="139.074327"></trkpt>
      <trkpt lat="35.096001" lon="139.074466"></trkpt>
      <trkpt lat="35.09627" lon="139.074638"></trkpt>
      <trkpt lat="35.096523" lon="139.074775"></trkpt>
      <trkpt lat="35.096608" lon="139.074821"></trkpt>
      <trkpt lat="35.096733" lon="139.074883"></trkpt>
      <trkpt lat="35.096988" lon="139.075031"></trkpt>
      <trkpt lat="35.096999" lon="139.075037"></trkpt>
      <trkpt lat="35.097022" lon="139.075076"></trkpt>
      <trkpt lat="35.097151" lon="139.075153"></trkpt>
      <trkpt lat="35.097386" lon="139.075292"></trkpt>
      <trkpt lat="35.098057" lon="139.075691"></trkpt>
      <trkpt lat="35.098317" lon="139.075847"></trkpt>
      <trkpt lat="35.098573" lon="139.076031"></trkpt>
      <trkpt lat="35.09871" lon="139.076159"></trkpt>
      <trkpt lat="35.098955" lon="139.076454"></trkpt>
      <trkpt lat="35.099181" lon="139.076688"></trkpt>
      <trkpt lat="35.099843" lon="139.077481"></trkpt>
      <trkpt lat="35.099989" lon="139.077711"></trkpt>
      <trkpt lat="35.100135" lon="139.078016"></trkpt>
      <trkpt lat="35.100065" lon="139.078102"></trkpt>
      <trkpt lat="35.100008" lon="139.078247"></trkpt>
      <trkpt lat="35.099986" lon="139.078333"></trkpt>
      <trkpt lat="35.09998" lon="139.078382"></trkpt>
      <trkpt lat="35.099982" lon="139.078424"></trkpt>
      <trkpt lat="35.09999" lon="139.078493"></trkpt>
      <trkpt lat="35.100003" lon="139.078551"></trkpt>
      <trkpt lat="35.100036" lon="139.07868"></trkpt>
      <trkpt lat="35.100061" lon="139.078792"></trkpt>
      <trkpt lat="35.100081" lon="139.078901"></trkpt>
      <trkpt lat="35.100092" lon="139.078979"></trkpt>
      <trkpt lat="35.1001" lon="139.079118"></trkpt>
      <trkpt lat="35.100101" lon="139.079224"></trkpt>
      <trkpt lat="35.100097" lon="139.079315"></trkpt>
      <trkpt lat="35.10009" lon="139.07956"></trkpt>
      <trkpt lat="35.100078" lon="139.079888"></trkpt>
      <trkpt lat="35.10008" lon="139.079994"></trkpt>
      <trkpt lat="35.100087" lon="139.080108"></trkpt>
      <trkpt lat="35.1001" lon="139.080219"></trkpt>
      <trkpt lat="35.100118" lon="139.080322"></trkpt>
      <trkpt lat="35.100142" lon="139.080431"></trkpt>
      <trkpt lat="35.100169" lon="139.080537"></trkpt>
      <trkpt lat="35.100197" lon="139.08063"></trkpt>
      <trkpt lat="35.100233" lon="139.080735"></trkpt>
      <trkpt lat="35.100266" lon="139.080843"></trkpt>
      <trkpt lat="35.100335" lon="139.081045"></trkpt>
      <trkpt lat="35.100373" lon="139.081148"></trkpt>
      <trkpt lat="35.100412" lon="139.081249"></trkpt>
      <trkpt lat="35.100495" lon="139.081435"></trkpt>
      <trkpt lat="35.100541" lon="139.081524"></trkpt>
      <trkpt lat="35.100597" lon="139.08162"></trkpt>
      <trkpt lat="35.100653" lon="139.081708"></trkpt>
      <trkpt lat="35.100716" lon="139.081789"></trkpt>
      <trkpt lat="35.100781" lon="139.081863"></trkpt>
      <trkpt lat="35.100848" lon="139.081936"></trkpt>
      <trkpt lat="35.100968" lon="139.08203"></trkpt>
      <trkpt lat="35.10118" lon="139.082199"></trkpt>
      <trkpt lat="35.102136" lon="139.08286"></trkpt>
      <trkpt lat="35.10269" lon="139.083213"></trkpt>
      <trkpt lat="35.103016" lon="139.083425"></trkpt>
      <trkpt lat="35.103601" lon="139.083909"></trkpt>
      <trkpt lat="35.10446" lon="139.084692"></trkpt>
      <trkpt lat="35.105262" lon="139.085367"></trkpt>
      <trkpt lat="35.106212" lon="139.086101"></trkpt>
      <trkpt lat="35.107046" lon="139.08677"></trkpt>
      <trkpt lat="35.107297" lon="139.086924"></trkpt>
      <trkpt lat="35.107419" lon="139.08696"></trkpt>
      <trkpt lat="35.107633" lon="139.086984"></trkpt>
      <trkpt lat="35.108617" lon="139.086958"></trkpt>
      <trkpt lat="35.108936" lon="139.086944"></trkpt>
      <trkpt lat="35.109205" lon="139.086909"></trkpt>
      <trkpt lat="35.109505" lon="139.086817"></trkpt>
      <trkpt lat="35.109724" lon="139.086732"></trkpt>
      <trkpt lat="35.109988" lon="139.086628"></trkpt>
      <trkpt lat="35.110286" lon="139.086528"></trkpt>
      <trkpt lat="35.110421" lon="139.086502"></trkpt>
      <trkpt lat="35.11054" lon="139.086495"></trkpt>
      <trkpt lat="35.110627" lon="139.086502"></trkpt>
      <trkpt lat="35.110774" lon="139.086514"></trkpt>
      <trkpt lat="35.11097" lon="139.086552"></trkpt>
      <trkpt lat="35.111209" lon="139.086628"></trkpt>
      <trkpt lat="35.11135" lon="139.08671"></trkpt>
      <trkpt lat="35.111636" lon="139.08693"></trkpt>
      <trkpt lat="35.111932" lon="139.087154"></trkpt>
      <trkpt lat="35.112068" lon="139.087269"></trkpt>
      <trkpt lat="35.112256" lon="139.087427"></trkpt>
      <trkpt lat="35.113296" lon="139.088281"></trkpt>
      <trkpt lat="35.113578" lon="139.088558"></trkpt>
      <trkpt lat="35.114016" lon="139.08898"></trkpt>
      <trkpt lat="35.114198" lon="139.089182"></trkpt>
      <trkpt lat="35.114366" lon="139.089454"></trkpt>
      <trkpt lat="35.114479" lon="139.089695"></trkpt>
      <trkpt lat="35.114618" lon="139.090127"></trkpt>
      <trkpt lat="35.114715" lon="139.090417"></trkpt>
      <trkpt lat="35.114874" lon="139.090827"></trkpt>
      <trkpt lat="35.114907" lon="139.090911"></trkpt>
      <trkpt lat="35.115042" lon="139.091201"></trkpt>
      <trkpt lat="35.11554" lon="139.092047"></trkpt>
      <trkpt lat="35.115727" lon="139.092392"></trkpt>
      <trkpt lat="35.115856" lon="139.09267"></trkpt>
      <trkpt lat="35.116292" lon="139.093773"></trkpt>
      <trkpt lat="35.116404" lon="139.094145"></trkpt>
      <trkpt lat="35.11644" lon="139.094347"></trkpt>
      <trkpt lat="35.116511" lon="139.095109"></trkpt>
      <trkpt lat="35.116582" lon="139.095503"></trkpt>
      <trkpt lat="35.116666" lon="139.095731"></trkpt>
      <trkpt lat="35.116757" lon="139.095934"></trkpt>
      <trkpt lat="35.116841" lon="139.09608"></trkpt>
      <trkpt lat="35.116957" lon="139.09624"></trkpt>
      <trkpt lat="35.117161" lon="139.09649"></trkpt>
      <trkpt lat="35.117701" lon="139.097153"></trkpt>
      <trkpt lat="35.118149" lon="139.097688"></trkpt>
      <trkpt lat="35.118373" lon="139.097923"></trkpt>
      <trkpt lat="35.118619" lon="139.098144"></trkpt>
      <trkpt lat="35.118895" lon="139.09832"></trkpt>
      <trkpt lat="35.119397" lon="139.098599"></trkpt>
      <trkpt lat="35.119849" lon="139.098856"></trkpt>
      <trkpt lat="35.120595" lon="139.099221"></trkpt>
      <trkpt lat="35.121371" lon="139.099552"></trkpt>
      <trkpt lat="35.121527" lon="139.099606"></trkpt>
      <trkpt lat="35.121801" lon="139.099748"></trkpt>
      <trkpt lat="35.121985" lon="139.099851"></trkpt>
      <trkpt lat="35.122138" lon="139.099958"></trkpt>
      <trkpt lat="35.123011" lon="139.100743"></trkpt>
      <trkpt lat="35.12418" lon="139.101823"></trkpt>
      <trkpt lat="35.124405" lon="139.102061"></trkpt>
      <trkpt lat="35.124626" lon="139.102342"></trkpt>
      <trkpt lat="35.125024" lon="139.102899"></trkpt>
      <trkpt lat="35.1254" lon="139.103453"></trkpt>
      <trkpt lat="35.125524" lon="139.103633"></trkpt>
      <trkpt lat="35.125718" lon="139.103859"></trkpt>
      <trkpt lat="35.125902" lon="139.104037"></trkpt>
      <trkpt lat="35.126202" lon="139.104244"></trkpt>
      <trkpt lat="35.12646" lon="139.104339"></trkpt>
      <trkpt lat="35.127196" lon="139.104525"></trkpt>
      <trkpt lat="35.127438" lon="139.104609"></trkpt>
      <trkpt lat="35.127655" lon="139.104734"></trkpt>
      <trkpt lat="35.127855" lon="139.104887"></trkpt>
      <trkpt lat="35.128012" lon="139.105044"></trkpt>
      <trkpt lat="35.128444" lon="139.105485"></trkpt>
      <trkpt lat="35.128713" lon="139.105785"></trkpt>
      <trkpt lat="35.128878" lon="139.10602"></trkpt>
      <trkpt lat="35.12899" lon="139.106233"></trkpt>
      <trkpt lat="35.129075" lon="139.106447"></trkpt>
      <trkpt lat="35.12924" lon="139.106898"></trkpt>
      <trkpt lat="35.129353" lon="139.107205"></trkpt>
      <trkpt lat="35.129789" lon="139.108092"></trkpt>
      <trkpt lat="35.129913" lon="139.108321"></trkpt>
      <trkpt lat="35.130056" lon="139.108564"></trkpt>
      <trkpt lat="35.130205" lon="139.108731"></trkpt>
      <trkpt lat="35.130372" lon="139.108859"></trkpt>
      <trkpt lat="35.13054" lon="139.10896"></trkpt>
      <trkpt lat="35.130771" lon="139.109014"></trkpt>
      <trkpt lat="35.130935" lon="139.109016"></trkpt>
      <trkpt lat="35.131102" lon="139.108982"></trkpt>
      <trkpt lat="35.131436" lon="139.108862"></trkpt>
      <trkpt lat="35.131942" lon="139.108693"></trkpt>
      <trkpt lat="35.132197" lon="139.108602"></trkpt>
      <trkpt lat="35.132409" lon="139.108565"></trkpt>
      <trkpt lat="35.132831" lon="139.108644"></trkpt>
      <trkpt lat="35.133182" lon="139.10882"></trkpt>
      <trkpt lat="35.133426" lon="139.10901"></trkpt>
      <trkpt lat="35.13414" lon="139.109556"></trkpt>
      <trkpt lat="35.13451" lon="139.109728"></trkpt>
      <trkpt lat="35.134659" lon="139.109772"></trkpt>
      <trkpt lat="35.134732" lon="139.109785"></trkpt>
      <trkpt lat="35.13481" lon="139.109791"></trkpt>
      <trkpt lat="35.134948" lon="139.109792"></trkpt>
      <trkpt lat="35.135018" lon="139.109791"></trkpt>
      <trkpt lat="35.135089" lon="139.109785"></trkpt>
      <trkpt lat="35.135262" lon="139.109764"></trkpt>
      <trkpt lat="35.135636" lon="139.109704"></trkpt>
      <trkpt lat="35.135994" lon="139.109638"></trkpt>
      <trkpt lat="35.136168" lon="139.109612"></trkpt>
      <trkpt lat="35.136258" lon="139.109598"></trkpt>
      <trkpt lat="35.136439" lon="139.109578"></trkpt>
      <trkpt lat="35.136528" lon="139.109569"></trkpt>
      <trkpt lat="35.136796" lon="139.109549"></trkpt>
      <trkpt lat="35.13716" lon="139.109524"></trkpt>
      <trkpt lat="35.137249" lon="139.109514"></trkpt>
      <trkpt lat="35.137425" lon="139.109497"></trkpt>
      <trkpt lat="35.13761" lon="139.109473"></trkpt>
      <trkpt lat="35.137698" lon="139.10946"></trkpt>
      <trkpt lat="35.137788" lon="139.109446"></trkpt>
      <trkpt lat="35.13803" lon="139.109405"></trkpt>
      <trkpt lat="35.138251" lon="139.109376"></trkpt>
      <trkpt lat="35.138354" lon="139.10937"></trkpt>
      <trkpt lat="35.138492" lon="139.109371"></trkpt>
      <trkpt lat="35.138567" lon="139.109381"></trkpt>
      <trkpt lat="35.138638" lon="139.109393"></trkpt>
      <trkpt lat="35.138765" lon="139.109419"></trkpt>
      <trkpt lat="35.138885" lon="139.109456"></trkpt>
      <trkpt lat="35.138998" lon="139.109503"></trkpt>
      <trkpt lat="35.139111" lon="139.109554"></trkpt>
      <trkpt lat="35.139281" lon="139.109635"></trkpt>
      <trkpt lat="35.139458" lon="139.109724"></trkpt>
      <trkpt lat="35.139678" lon="139.109839"></trkpt>
      <trkpt lat="35.139893" lon="139.109955"></trkpt>
      <trkpt lat="35.140018" lon="139.11"></trkpt>
      <trkpt lat="35.140302" lon="139.110151"></trkpt>
      <trkpt lat="35.140373" lon="139.110182"></trkpt>
      <trkpt lat="35.140443" lon="139.110213"></trkpt>
      <trkpt lat="35.140516" lon="139.110239"></trkpt>
      <trkpt lat="35.140591" lon="139.110261"></trkpt>
      <trkpt lat="35.140665" lon="139.110281"></trkpt>
      <trkpt lat="35.140745" lon="139.110292"></trkpt>
      <trkpt lat="35.140796" lon="139.110294"></trkpt>
      <trkpt lat="35.140851" lon="139.110292"></trkpt>
      <trkpt lat="35.140905" lon="139.110286"></trkpt>
      <trkpt lat="35.140957" lon="139.110252"></trkpt>
      <trkpt lat="35.141032" lon="139.110191"></trkpt>
      <trkpt lat="35.141318" lon="139.110291"></trkpt>
      <trkpt lat="35.141571" lon="139.110418"></trkpt>
      <trkpt lat="35.141609" lon="139.110438"></trkpt>
      <trkpt lat="35.141675" lon="139.110472"></trkpt>
      <trkpt lat="35.14192" lon="139.110624"></trkpt>
      <trkpt lat="35.142048" lon="139.110718"></trkpt>
      <trkpt lat="35.142325" lon="139.111085"></trkpt>
      <trkpt lat="35.142455" lon="139.111221"></trkpt>
      <trkpt lat="35.142596" lon="139.111343"></trkpt>
      <trkpt lat="35.142919" lon="139.111586"></trkpt>
      <trkpt lat="35.143073" lon="139.111705"></trkpt>
      <trkpt lat="35.143375" lon="139.11197"></trkpt>
      <trkpt lat="35.14359" lon="139.112185"></trkpt>
      <trkpt lat="35.143989" lon="139.112611"></trkpt>
      <trkpt lat="35.144277" lon="139.112931"></trkpt>
      <trkpt lat="35.144466" lon="139.11314"></trkpt>
      <trkpt lat="35.144565" lon="139.113251"></trkpt>
      <trkpt lat="35.144632" lon="139.113325"></trkpt>
      <trkpt lat="35.144977" lon="139.113714"></trkpt>
      <trkpt lat="35.145162" lon="139.113893"></trkpt>
      <trkpt lat="35.14567" lon="139.114538"></trkpt>
      <trkpt lat="35.145733" lon="139.114611"></trkpt>
      <trkpt lat="35.145805" lon="139.114696"></trkpt>
      <trkpt lat="35.145986" lon="139.114903"></trkpt>
      <trkpt lat="35.146297" lon="139.11526"></trkpt>
      <trkpt lat="35.146507" lon="139.115463"></trkpt>
      <trkpt lat="35.146769" lon="139.115803"></trkpt>
      <trkpt lat="35.146927" lon="139.116132"></trkpt>
      <trkpt lat="35.147165" lon="139.116617"></trkpt>
      <trkpt lat="35.147237" lon="139.116743"></trkpt>
      <trkpt lat="35.147339" lon="139.116888"></trkpt>
      <trkpt lat="35.147641" lon="139.117272"></trkpt>
      <trkpt lat="35.148592" lon="139.118477"></trkpt>
      <trkpt lat="35.149404" lon="139.119667"></trkpt>
      <trkpt lat="35.149613" lon="139.119954"></trkpt>
      <trkpt lat="35.149886" lon="139.120325"></trkpt>
      <trkpt lat="35.149961" lon="139.120432"></trkpt>
      <trkpt lat="35.150079" lon="139.120589"></trkpt>
      <trkpt lat="35.150146" lon="139.120715"></trkpt>
      <trkpt lat="35.150204" lon="139.120887"></trkpt>
      <trkpt lat="35.150305" lon="139.121189"></trkpt>
      <trkpt lat="35.150728" lon="139.122513"></trkpt>
      <trkpt lat="35.150757" lon="139.122715"></trkpt>
      <trkpt lat="35.150773" lon="139.122976"></trkpt>
      <trkpt lat="35.150768" lon="139.123125"></trkpt>
      <trkpt lat="35.150761" lon="139.123201"></trkpt>
      <trkpt lat="35.150753" lon="139.123273"></trkpt>
      <trkpt lat="35.15074" lon="139.123339"></trkpt>
      <trkpt lat="35.150726" lon="139.123404"></trkpt>
      <trkpt lat="35.150686" lon="139.123521"></trkpt>
      <trkpt lat="35.150638" lon="139.123634"></trkpt>
      <trkpt lat="35.150608" lon="139.1237"></trkpt>
      <trkpt lat="35.150576" lon="139.12376"></trkpt>
      <trkpt lat="35.150473" lon="139.123931"></trkpt>
      <trkpt lat="35.150364" lon="139.124107"></trkpt>
      <trkpt lat="35.150316" lon="139.124212"></trkpt>
      <trkpt lat="35.150268" lon="139.124312"></trkpt>
      <trkpt lat="35.150203" lon="139.124464"></trkpt>
      <trkpt lat="35.150182" lon="139.124521"></trkpt>
      <trkpt lat="35.150163" lon="139.124578"></trkpt>
      <trkpt lat="35.150148" lon="139.124643"></trkpt>
      <trkpt lat="35.150136" lon="139.124712"></trkpt>
      <trkpt lat="35.150127" lon="139.124782"></trkpt>
      <trkpt lat="35.150123" lon="139.124849"></trkpt>
      <trkpt lat="35.150119" lon="139.124928"></trkpt>
      <trkpt lat="35.150119" lon="139.125006"></trkpt>
      <trkpt lat="35.150123" lon="139.125112"></trkpt>
      <trkpt lat="35.150135" lon="139.125208"></trkpt>
      <trkpt lat="35.150145" lon="139.125278"></trkpt>
      <trkpt lat="35.150159" lon="139.125343"></trkpt>
      <trkpt lat="35.150175" lon="139.12541"></trkpt>
      <trkpt lat="35.150192" lon="139.125475"></trkpt>
      <trkpt lat="35.150243" lon="139.12562"></trkpt>
      <trkpt lat="35.1503" lon="139.125778"></trkpt>
      <trkpt lat="35.150333" lon="139.125855"></trkpt>
      <trkpt lat="35.150367" lon="139.12593"></trkpt>
      <trkpt lat="35.150405" lon="139.126034"></trkpt>
      <trkpt lat="35.150449" lon="139.126169"></trkpt>
      <trkpt lat="35.150463" lon="139.126215"></trkpt>
      <trkpt lat="35.150552" lon="139.126493"></trkpt>
      <trkpt lat="35.150737" lon="139.127108"></trkpt>
      <trkpt lat="35.150802" lon="139.127316"></trkpt>
      <trkpt lat="35.150863" lon="139.127521"></trkpt>
      <trkpt lat="35.150883" lon="139.127588"></trkpt>
      <trkpt lat="35.150931" lon="139.127739"></trkpt>
      <trkpt lat="35.150955" lon="139.127814"></trkpt>
      <trkpt lat="35.150976" lon="139.12789"></trkpt>
      <trkpt lat="35.151059" lon="139.128152"></trkpt>
      <trkpt lat="35.151126" lon="139.128362"></trkpt>
      <trkpt lat="35.151151" lon="139.128439"></trkpt>
      <trkpt lat="35.151167" lon="139.128478"></trkpt>
      <trkpt lat="35.151181" lon="139.128513"></trkpt>
      <trkpt lat="35.151197" lon="139.128542"></trkpt>
      <trkpt lat="35.151214" lon="139.128569"></trkpt>
      <trkpt lat="35.151249" lon="139.128623"></trkpt>
      <trkpt lat="35.151293" lon="139.128686"></trkpt>
      <trkpt lat="35.151341" lon="139.128745"></trkpt>
      <trkpt lat="35.151441" lon="139.128865"></trkpt>
      <trkpt lat="35.151487" lon="139.128929"></trkpt>
      <trkpt lat="35.151537" lon="139.128989"></trkpt>
      <trkpt lat="35.151636" lon="139.129109"></trkpt>
      <trkpt lat="35.151687" lon="139.129167"></trkpt>
      <trkpt lat="35.151739" lon="139.129224"></trkpt>
      <trkpt lat="35.151785" lon="139.129269"></trkpt>
      <trkpt lat="35.151834" lon="139.129314"></trkpt>
      <trkpt lat="35.151891" lon="139.129354"></trkpt>
      <trkpt lat="35.151951" lon="139.129391"></trkpt>
      <trkpt lat="35.152009" lon="139.12942"></trkpt>
      <trkpt lat="35.152072" lon="139.129448"></trkpt>
      <trkpt lat="35.15213" lon="139.129463"></trkpt>
      <trkpt lat="35.152191" lon="139.129472"></trkpt>
      <trkpt lat="35.152264" lon="139.129477"></trkpt>
      <trkpt lat="35.152339" lon="139.129475"></trkpt>
      <trkpt lat="35.15239" lon="139.129469"></trkpt>
      <trkpt lat="35.152443" lon="139.129461"></trkpt>
      <trkpt lat="35.152495" lon="139.129445"></trkpt>
      <trkpt lat="35.152547" lon="139.129427"></trkpt>
      <trkpt lat="35.152601" lon="139.129407"></trkpt>
      <trkpt lat="35.152657" lon="139.129382"></trkpt>
      <trkpt lat="35.152711" lon="139.129357"></trkpt>
      <trkpt lat="35.152766" lon="139.129331"></trkpt>
      <trkpt lat="35.152982" lon="139.129222"></trkpt>
      <trkpt lat="35.153072" lon="139.129172"></trkpt>
      <trkpt lat="35.15314" lon="139.129131"></trkpt>
      <trkpt lat="35.153211" lon="139.129087"></trkpt>
      <trkpt lat="35.153243" lon="139.129063"></trkpt>
      <trkpt lat="35.153277" lon="139.129037"></trkpt>
      <trkpt lat="35.153344" lon="139.128985"></trkpt>
      <trkpt lat="35.153403" lon="139.128934"></trkpt>
      <trkpt lat="35.153463" lon="139.128879"></trkpt>
      <trkpt lat="35.153579" lon="139.128775"></trkpt>
      <trkpt lat="35.153792" lon="139.128587"></trkpt>
      <trkpt lat="35.153893" lon="139.128497"></trkpt>
      <trkpt lat="35.153944" lon="139.128454"></trkpt>
      <trkpt lat="35.153991" lon="139.128414"></trkpt>
      <trkpt lat="35.154043" lon="139.128378"></trkpt>
      <trkpt lat="35.154088" lon="139.128347"></trkpt>
      <trkpt lat="35.154173" lon="139.128305"></trkpt>
      <trkpt lat="35.154235" lon="139.128284"></trkpt>
      <trkpt lat="35.154296" lon="139.128267"></trkpt>
      <trkpt lat="35.154357" lon="139.128258"></trkpt>
      <trkpt lat="35.154414" lon="139.128255"></trkpt>
      <trkpt lat="35.154472" lon="139.128255"></trkpt>
      <trkpt lat="35.154525" lon="139.128261"></trkpt>
      <trkpt lat="35.154554" lon="139.128265"></trkpt>
      <trkpt lat="35.15458" lon="139.12827"></trkpt>
      <trkpt lat="35.154606" lon="139.128277"></trkpt>
      <trkpt lat="35.154628" lon="139.128285"></trkpt>
      <trkpt lat="35.154678" lon="139.128303"></trkpt>
      <trkpt lat="35.154724" lon="139.128318"></trkpt>
      <trkpt lat="35.154792" lon="139.12835"></trkpt>
      <trkpt lat="35.154824" lon="139.128368"></trkpt>
      <trkpt lat="35.154855" lon="139.128389"></trkpt>
      <trkpt lat="35.154904" lon="139.128424"></trkpt>
      <trkpt lat="35.154973" lon="139.128483"></trkpt>
      <trkpt lat="35.155041" lon="139.128571"></trkpt>
      <trkpt lat="35.155074" lon="139.128617"></trkpt>
      <trkpt lat="35.155104" lon="139.128667"></trkpt>
      <trkpt lat="35.155123" lon="139.128707"></trkpt>
      <trkpt lat="35.15515" lon="139.128771"></trkpt>
      <trkpt lat="35.155169" lon="139.128831"></trkpt>
      <trkpt lat="35.155199" lon="139.128925"></trkpt>
      <trkpt lat="35.155224" lon="139.129023"></trkpt>
      <trkpt lat="35.155272" lon="139.129215"></trkpt>
      <trkpt lat="35.155317" lon="139.129404"></trkpt>
      <trkpt lat="35.155365" lon="139.129604"></trkpt>
      <trkpt lat="35.155385" lon="139.129669"></trkpt>
      <trkpt lat="35.155594" lon="139.130389"></trkpt>
      <trkpt lat="35.155694" lon="139.130747"></trkpt>
      <trkpt lat="35.155796" lon="139.1311"></trkpt>
      <trkpt lat="35.155858" lon="139.131321"></trkpt>
      <trkpt lat="35.155922" lon="139.131545"></trkpt>
      <trkpt lat="35.15595" lon="139.131654"></trkpt>
      <trkpt lat="35.155979" lon="139.131757"></trkpt>
      <trkpt lat="35.156015" lon="139.131863"></trkpt>
      <trkpt lat="35.156034" lon="139.131916"></trkpt>
      <trkpt lat="35.156054" lon="139.131964"></trkpt>
      <trkpt lat="35.15612" lon="139.132112"></trkpt>
      <trkpt lat="35.156157" lon="139.132186"></trkpt>
      <trkpt lat="35.156195" lon="139.132259"></trkpt>
      <trkpt lat="35.156245" lon="139.13235"></trkpt>
      <trkpt lat="35.156292" lon="139.132438"></trkpt>
      <trkpt lat="35.156362" lon="139.132552"></trkpt>
      <trkpt lat="35.156434" lon="139.132662"></trkpt>
      <trkpt lat="35.156452" lon="139.132688"></trkpt>
      <trkpt lat="35.156513" lon="139.132785"></trkpt>
      <trkpt lat="35.156133" lon="139.133648"></trkpt>
      <trkpt lat="35.155915" lon="139.134159"></trkpt>
      <trkpt lat="35.155872" lon="139.13426"></trkpt>
      <trkpt lat="35.155838" lon="139.134349"></trkpt>
      <trkpt lat="35.155821" lon="139.134395"></trkpt>
      <trkpt lat="35.155809" lon="139.134441"></trkpt>
      <trkpt lat="35.155782" lon="139.134625"></trkpt>
      <trkpt lat="35.155774" lon="139.134696"></trkpt>
      <trkpt lat="35.155804" lon="139.13486"></trkpt>
      <trkpt lat="35.15583" lon="139.134956"></trkpt>
      <trkpt lat="35.155981" lon="139.135291"></trkpt>
      <trkpt lat="35.156139" lon="139.135635"></trkpt>
      <trkpt lat="35.156176" lon="139.135725"></trkpt>
      <trkpt lat="35.156202" lon="139.135814"></trkpt>
      <trkpt lat="35.15622" lon="139.135896"></trkpt>
      <trkpt lat="35.156233" lon="139.136007"></trkpt>
      <trkpt lat="35.156234" lon="139.136304"></trkpt>
      <trkpt lat="35.156241" lon="139.137567"></trkpt>
      <trkpt lat="35.156251" lon="139.138182"></trkpt>
      <trkpt lat="35.156192" lon="139.138356"></trkpt>
      <trkpt lat="35.156117" lon="139.138487"></trkpt>
      <trkpt lat="35.156055" lon="139.138589"></trkpt>
      <trkpt lat="35.155873" lon="139.138841"></trkpt>
      <trkpt lat="35.155177" lon="139.139458"></trkpt>
      <trkpt lat="35.155073" lon="139.139542"></trkpt>
      <trkpt lat="35.155028" lon="139.139636"></trkpt>
      <trkpt lat="35.155016" lon="139.1397"></trkpt>
      <trkpt lat="35.155005" lon="139.139758"></trkpt>
      <trkpt lat="35.154983" lon="139.140445"></trkpt>
      <trkpt lat="35.155024" lon="139.140596"></trkpt>
      <trkpt lat="35.155073" lon="139.140664"></trkpt>
      <trkpt lat="35.155154" lon="139.140733"></trkpt>
      <trkpt lat="35.155306" lon="139.140816"></trkpt>
      <trkpt lat="35.155374" lon="139.140896"></trkpt>
      <trkpt lat="35.15542" lon="139.140963"></trkpt>
      <trkpt lat="35.155453" lon="139.141029"></trkpt>
      <trkpt lat="35.155474" lon="139.141109"></trkpt>
      <trkpt lat="35.155474" lon="139.141164"></trkpt>
      <trkpt lat="35.155462" lon="139.141241"></trkpt>
      <trkpt lat="35.155414" lon="139.14131"></trkpt>
      <trkpt lat="35.155431" lon="139.141363"></trkpt>
      <trkpt lat="35.155469" lon="139.141422"></trkpt>
      <trkpt lat="35.155511" lon="139.141445"></trkpt>
      <trkpt lat="35.155799" lon="139.141363"></trkpt>
      <trkpt lat="35.155888" lon="139.141365"></trkpt>
      <trkpt lat="35.155891" lon="139.14147"></trkpt>
      <trkpt lat="35.155864" lon="139.141581"></trkpt>
      <trkpt lat="35.155828" lon="139.141675"></trkpt>
      <trkpt lat="35.15569" lon="139.141794"></trkpt>
      <trkpt lat="35.155542" lon="139.141961"></trkpt>
      <trkpt lat="35.155368" lon="139.142104"></trkpt>
      <trkpt lat="35.155276" lon="139.142258"></trkpt>
      <trkpt lat="35.155191" lon="139.142313"></trkpt>
      <trkpt lat="35.155054" lon="139.142442"></trkpt>
      <trkpt lat="35.155011" lon="139.142578"></trkpt>
      <trkpt lat="35.154771" lon="139.142574"></trkpt>
      <trkpt lat="35.154802" lon="139.142684"></trkpt>
      <trkpt lat="35.154875" lon="139.142842"></trkpt>
      <trkpt lat="35.154876" lon="139.142902"></trkpt>
      <trkpt lat="35.154873" lon="139.142997"></trkpt>
      <trkpt lat="35.154901" lon="139.143085"></trkpt>
      <trkpt lat="35.154922" lon="139.143169"></trkpt>
      <trkpt lat="35.154909" lon="139.143258"></trkpt>
      <trkpt lat="35.154849" lon="139.14342"></trkpt>
      <trkpt lat="35.154818" lon="139.143573"></trkpt>
      <trkpt lat="35.154773" lon="139.14375"></trkpt>
      <trkpt lat="35.154751" lon="139.143785"></trkpt>
      <trkpt lat="35.154665" lon="139.143821"></trkpt>
      <trkpt lat="35.154605" lon="139.143847"></trkpt>
      <trkpt lat="35.15446" lon="139.143848"></trkpt>
      <trkpt lat="35.154605" lon="139.143847"></trkpt>
      <trkpt lat="35.154751" lon="139.143785"></trkpt>
      <trkpt lat="35.154773" lon="139.14375"></trkpt>
      <trkpt lat="35.154818" lon="139.143573"></trkpt>
      <trkpt lat="35.154849" lon="139.14342"></trkpt>
      <trkpt lat="35.154909" lon="139.143258"></trkpt>
      <trkpt lat="35.154922" lon="139.143169"></trkpt>
      <trkpt lat="35.154901" lon="139.143085"></trkpt>
      <trkpt lat="35.154873" lon="139.142997"></trkpt>
      <trkpt lat="35.154876" lon="139.142902"></trkpt>
      <trkpt lat="35.154875" lon="139.142842"></trkpt>
      <trkpt lat="35.154802" lon="139.142684"></trkpt>
      <trkpt lat="35.154771" lon="139.142574"></trkpt>
      <trkpt lat="35.155011" lon="139.142578"></trkpt>
      <trkpt lat="35.155082" lon="139.142587"></trkpt>
      <trkpt lat="35.155177" lon="139.142556"></trkpt>
      <trkpt lat="35.155239" lon="139.142553"></trkpt>
      <trkpt lat="35.155313" lon="139.142572"></trkpt>
      <trkpt lat="35.155386" lon="139.142587"></trkpt>
      <trkpt lat="35.155447" lon="139.142557"></trkpt>
      <trkpt lat="35.155532" lon="139.142481"></trkpt>
      <trkpt lat="35.155651" lon="139.142322"></trkpt>
      <trkpt lat="35.155777" lon="139.142193"></trkpt>
      <trkpt lat="35.15606" lon="139.141923"></trkpt>
      <trkpt lat="35.156171" lon="139.141828"></trkpt>
      <trkpt lat="35.156351" lon="139.141632"></trkpt>
      <trkpt lat="35.15644" lon="139.141519"></trkpt>
      <trkpt lat="35.156483" lon="139.141421"></trkpt>
      <trkpt lat="35.156509" lon="139.141342"></trkpt>
      <trkpt lat="35.156554" lon="139.141422"></trkpt>
      <trkpt lat="35.156556" lon="139.141504"></trkpt>
      <trkpt lat="35.156536" lon="139.141577"></trkpt>
      <trkpt lat="35.156595" lon="139.141653"></trkpt>
      <trkpt lat="35.156628" lon="139.141709"></trkpt>
      <trkpt lat="35.156649" lon="139.141771"></trkpt>
      <trkpt lat="35.156654" lon="139.141828"></trkpt>
      <trkpt lat="35.156647" lon="139.141891"></trkpt>
      <trkpt lat="35.156644" lon="139.142068"></trkpt>
      <trkpt lat="35.156657" lon="139.142124"></trkpt>
      <trkpt lat="35.156725" lon="139.142267"></trkpt>
      <trkpt lat="35.156732" lon="139.142319"></trkpt>
      <trkpt lat="35.156726" lon="139.142355"></trkpt>
      <trkpt lat="35.156666" lon="139.142502"></trkpt>
      <trkpt lat="35.156647" lon="139.142566"></trkpt>
      <trkpt lat="35.156624" lon="139.142787"></trkpt>
      <trkpt lat="35.156623" lon="139.142939"></trkpt>
      <trkpt lat="35.156638" lon="139.142989"></trkpt>
      <trkpt lat="35.156658" lon="139.143037"></trkpt>
      <trkpt lat="35.156698" lon="139.143081"></trkpt>
      <trkpt lat="35.156727" lon="139.143094"></trkpt>
      <trkpt lat="35.156769" lon="139.143102"></trkpt>
      <trkpt lat="35.156822" lon="139.143098"></trkpt>
      <trkpt lat="35.157047" lon="139.14298"></trkpt>
      <trkpt lat="35.157175" lon="139.142901"></trkpt>
      <trkpt lat="35.157244" lon="139.142867"></trkpt>
      <trkpt lat="35.157325" lon="139.142845"></trkpt>
      <trkpt lat="35.157384" lon="139.142857"></trkpt>
      <trkpt lat="35.157422" lon="139.142889"></trkpt>
      <trkpt lat="35.157442" lon="139.142938"></trkpt>
      <trkpt lat="35.157448" lon="139.143002"></trkpt>
      <trkpt lat="35.157382" lon="139.143208"></trkpt>
      <trkpt lat="35.157386" lon="139.143264"></trkpt>
      <trkpt lat="35.157418" lon="139.14331"></trkpt>
      <trkpt lat="35.157476" lon="139.143343"></trkpt>
      <trkpt lat="35.157859" lon="139.14333"></trkpt>
      <trkpt lat="35.157879" lon="139.143421"></trkpt>
      <trkpt lat="35.157895" lon="139.14346"></trkpt>
      <trkpt lat="35.157913" lon="139.143487"></trkpt>
      <trkpt lat="35.157936" lon="139.143507"></trkpt>
      <trkpt lat="35.157962" lon="139.14352"></trkpt>
      <trkpt lat="35.157995" lon="139.143529"></trkpt>
      <trkpt lat="35.15815" lon="139.143556"></trkpt>
      <trkpt lat="35.158269" lon="139.143587"></trkpt>
      <trkpt lat="35.158433" lon="139.143635"></trkpt>
      <trkpt lat="35.158636" lon="139.14371"></trkpt>
      <trkpt lat="35.158853" lon="139.143776"></trkpt>
      <trkpt lat="35.158972" lon="139.143806"></trkpt>
      <trkpt lat="35.159064" lon="139.143823"></trkpt>
      <trkpt lat="35.159221" lon="139.143843"></trkpt>
      <trkpt lat="35.159374" lon="139.143843"></trkpt>
      <trkpt lat="35.15953" lon="139.143819"></trkpt>
      <trkpt lat="35.159638" lon="139.143794"></trkpt>
      <trkpt lat="35.159753" lon="139.14376"></trkpt>
      <trkpt lat="35.159861" lon="139.143732"></trkpt>
      <trkpt lat="35.160053" lon="139.143706"></trkpt>
      <trkpt lat="35.160071" lon="139.143701"></trkpt>
      <trkpt lat="35.160688" lon="139.143447"></trkpt>
      <trkpt lat="35.161412" lon="139.14314"></trkpt>
      <trkpt lat="35.162112" lon="139.142854"></trkpt>
      <trkpt lat="35.164229" lon="139.141974"></trkpt>
      <trkpt lat="35.164444" lon="139.14189"></trkpt>
      <trkpt lat="35.164578" lon="139.141841"></trkpt>
      <trkpt lat="35.164695" lon="139.1418"></trkpt>
      <trkpt lat="35.164811" lon="139.141763"></trkpt>
      <trkpt lat="35.164959" lon="139.141724"></trkpt>
      <trkpt lat="35.165058" lon="139.1417"></trkpt>
      <trkpt lat="35.165236" lon="139.141675"></trkpt>
      <trkpt lat="35.165427" lon="139.141663"></trkpt>
      <trkpt lat="35.165634" lon="139.141675"></trkpt>
      <trkpt lat="35.165829" lon="139.141707"></trkpt>
      <trkpt lat="35.166015" lon="139.141759"></trkpt>
      <trkpt lat="35.166189" lon="139.141827"></trkpt>
      <trkpt lat="35.166368" lon="139.141913"></trkpt>
      <trkpt lat="35.166513" lon="139.141992"></trkpt>
      <trkpt lat="35.167355" lon="139.142536"></trkpt>
      <trkpt lat="35.167639" lon="139.142716"></trkpt>
      <trkpt lat="35.167822" lon="139.142812"></trkpt>
      <trkpt lat="35.168019" lon="139.142888"></trkpt>
      <trkpt lat="35.16822" lon="139.142945"></trkpt>
      <trkpt lat="35.168662" lon="139.143031"></trkpt>
      <trkpt lat="35.168959" lon="139.143057"></trkpt>
      <trkpt lat="35.169274" lon="139.143056"></trkpt>
      <trkpt lat="35.16975" lon="139.143039"></trkpt>
      <trkpt lat="35.169948" lon="139.143024"></trkpt>
      <trkpt lat="35.170344" lon="139.14297"></trkpt>
      <trkpt lat="35.170416" lon="139.142964"></trkpt>
      <trkpt lat="35.170576" lon="139.142927"></trkpt>
      <trkpt lat="35.170812" lon="139.142923"></trkpt>
      <trkpt lat="35.171069" lon="139.142951"></trkpt>
      <trkpt lat="35.171248" lon="139.14297"></trkpt>
      <trkpt lat="35.171385" lon="139.14298"></trkpt>
      <trkpt lat="35.171528" lon="139.142982"></trkpt>
      <trkpt lat="35.171679" lon="139.14298"></trkpt>
      <trkpt lat="35.171834" lon="139.142964"></trkpt>
      <trkpt lat="35.172047" lon="139.14295"></trkpt>
      <trkpt lat="35.172439" lon="139.142927"></trkpt>
      <trkpt lat="35.172531" lon="139.142915"></trkpt>
      <trkpt lat="35.17258" lon="139.142908"></trkpt>
      <trkpt lat="35.172632" lon="139.142895"></trkpt>
      <trkpt lat="35.172682" lon="139.142882"></trkpt>
      <trkpt lat="35.172724" lon="139.142868"></trkpt>
      <trkpt lat="35.172776" lon="139.142845"></trkpt>
      <trkpt lat="35.17283" lon="139.142819"></trkpt>
      <trkpt lat="35.172869" lon="139.142799"></trkpt>
      <trkpt lat="35.172908" lon="139.142778"></trkpt>
      <trkpt lat="35.172945" lon="139.142753"></trkpt>
      <trkpt lat="35.172983" lon="139.142725"></trkpt>
      <trkpt lat="35.173043" lon="139.142667"></trkpt>
      <trkpt lat="35.173103" lon="139.142612"></trkpt>
      <trkpt lat="35.17323" lon="139.142487"></trkpt>
      <trkpt lat="35.173476" lon="139.142247"></trkpt>
      <trkpt lat="35.173927" lon="139.141766"></trkpt>
      <trkpt lat="35.17397" lon="139.141718"></trkpt>
      <trkpt lat="35.174017" lon="139.141665"></trkpt>
      <trkpt lat="35.174058" lon="139.141611"></trkpt>
      <trkpt lat="35.174095" lon="139.141561"></trkpt>
      <trkpt lat="35.174135" lon="139.141507"></trkpt>
      <trkpt lat="35.174174" lon="139.141448"></trkpt>
      <trkpt lat="35.174224" lon="139.141368"></trkpt>
      <trkpt lat="35.174273" lon="139.141285"></trkpt>
      <trkpt lat="35.174368" lon="139.141113"></trkpt>
      <trkpt lat="35.17445" lon="139.140959"></trkpt>
      <trkpt lat="35.174534" lon="139.14081"></trkpt>
      <trkpt lat="35.174698" lon="139.140513"></trkpt>
      <trkpt lat="35.174816" lon="139.140299"></trkpt>
      <trkpt lat="35.174935" lon="139.140083"></trkpt>
      <trkpt lat="35.175008" lon="139.139955"></trkpt>
      <trkpt lat="35.175077" lon="139.139827"></trkpt>
      <trkpt lat="35.175213" lon="139.139572"></trkpt>
      <trkpt lat="35.175355" lon="139.139312"></trkpt>
      <trkpt lat="35.175493" lon="139.139064"></trkpt>
      <trkpt lat="35.175593" lon="139.138896"></trkpt>
      <trkpt lat="35.175619" lon="139.138861"></trkpt>
      <trkpt lat="35.175644" lon="139.138828"></trkpt>
      <trkpt lat="35.175671" lon="139.138798"></trkpt>
      <trkpt lat="35.175698" lon="139.138769"></trkpt>
      <trkpt lat="35.175728" lon="139.13874"></trkpt>
      <trkpt lat="35.175758" lon="139.138716"></trkpt>
      <trkpt lat="35.175787" lon="139.138692"></trkpt>
      <trkpt lat="35.175817" lon="139.138669"></trkpt>
      <trkpt lat="35.175867" lon="139.138633"></trkpt>
      <trkpt lat="35.17591" lon="139.138606"></trkpt>
      <trkpt lat="35.175965" lon="139.138582"></trkpt>
      <trkpt lat="35.17602" lon="139.13856"></trkpt>
      <trkpt lat="35.176125" lon="139.138523"></trkpt>
      <trkpt lat="35.176285" lon="139.138475"></trkpt>
      <trkpt lat="35.176452" lon="139.13842"></trkpt>
      <trkpt lat="35.176779" lon="139.138318"></trkpt>
      <trkpt lat="35.176847" lon="139.138296"></trkpt>
      <trkpt lat="35.176904" lon="139.138274"></trkpt>
      <trkpt lat="35.176961" lon="139.138249"></trkpt>
      <trkpt lat="35.177041" lon="139.138213"></trkpt>
      <trkpt lat="35.17712" lon="139.138173"></trkpt>
      <trkpt lat="35.177205" lon="139.138126"></trkpt>
      <trkpt lat="35.177278" lon="139.138084"></trkpt>
      <trkpt lat="35.177637" lon="139.137818"></trkpt>
      <trkpt lat="35.17778" lon="139.137729"></trkpt>
      <trkpt lat="35.177921" lon="139.137627"></trkpt>
      <trkpt lat="35.178043" lon="139.137541"></trkpt>
      <trkpt lat="35.178164" lon="139.137458"></trkpt>
      <trkpt lat="35.178287" lon="139.137368"></trkpt>
      <trkpt lat="35.178409" lon="139.137285"></trkpt>
      <trkpt lat="35.178652" lon="139.137114"></trkpt>
      <trkpt lat="35.17882" lon="139.136998"></trkpt>
      <trkpt lat="35.178986" lon="139.136887"></trkpt>
      <trkpt lat="35.179106" lon="139.136806"></trkpt>
      <trkpt lat="35.17917" lon="139.136771"></trkpt>
      <trkpt lat="35.179231" lon="139.136736"></trkpt>
      <trkpt lat="35.179354" lon="139.136668"></trkpt>
      <trkpt lat="35.179479" lon="139.136603"></trkpt>
      <trkpt lat="35.179603" lon="139.136538"></trkpt>
      <trkpt lat="35.179726" lon="139.136474"></trkpt>
      <trkpt lat="35.179843" lon="139.136413"></trkpt>
      <trkpt lat="35.179906" lon="139.13638"></trkpt>
      <trkpt lat="35.179968" lon="139.136344"></trkpt>
      <trkpt lat="35.180024" lon="139.136311"></trkpt>
      <trkpt lat="35.180077" lon="139.136281"></trkpt>
      <trkpt lat="35.180287" lon="139.13617"></trkpt>
      <trkpt lat="35.180418" lon="139.136102"></trkpt>
      <trkpt lat="35.18055" lon="139.136034"></trkpt>
      <trkpt lat="35.180809" lon="139.135902"></trkpt>
      <trkpt lat="35.180896" lon="139.135857"></trkpt>
      <trkpt lat="35.180981" lon="139.135819"></trkpt>
      <trkpt lat="35.181038" lon="139.135797"></trkpt>
      <trkpt lat="35.181094" lon="139.135776"></trkpt>
      <trkpt lat="35.181155" lon="139.135759"></trkpt>
      <trkpt lat="35.181213" lon="139.135744"></trkpt>
      <trkpt lat="35.181307" lon="139.135726"></trkpt>
      <trkpt lat="35.181401" lon="139.135711"></trkpt>
      <trkpt lat="35.181633" lon="139.135682"></trkpt>
      <trkpt lat="35.18187" lon="139.135653"></trkpt>
      <trkpt lat="35.182343" lon="139.135597"></trkpt>
      <trkpt lat="35.182463" lon="139.135583"></trkpt>
      <trkpt lat="35.182565" lon="139.13557"></trkpt>
      <trkpt lat="35.182663" lon="139.135564"></trkpt>
      <trkpt lat="35.182724" lon="139.135561"></trkpt>
      <trkpt lat="35.18278" lon="139.135564"></trkpt>
      <trkpt lat="35.182835" lon="139.135567"></trkpt>
      <trkpt lat="35.182886" lon="139.135575"></trkpt>
      <trkpt lat="35.182935" lon="139.135583"></trkpt>
      <trkpt lat="35.182981" lon="139.135594"></trkpt>
      <trkpt lat="35.183028" lon="139.135607"></trkpt>
      <trkpt lat="35.183071" lon="139.135621"></trkpt>
      <trkpt lat="35.183216" lon="139.135676"></trkpt>
      <trkpt lat="35.183361" lon="139.135733"></trkpt>
      <trkpt lat="35.183525" lon="139.135799"></trkpt>
      <trkpt lat="35.183671" lon="139.135864"></trkpt>
      <trkpt lat="35.183822" lon="139.135924"></trkpt>
      <trkpt lat="35.184051" lon="139.136015"></trkpt>
      <trkpt lat="35.184164" lon="139.136061"></trkpt>
      <trkpt lat="35.184276" lon="139.136108"></trkpt>
      <trkpt lat="35.184387" lon="139.136155"></trkpt>
      <trkpt lat="35.184501" lon="139.136197"></trkpt>
      <trkpt lat="35.18472" lon="139.136291"></trkpt>
      <trkpt lat="35.184773" lon="139.136319"></trkpt>
      <trkpt lat="35.184823" lon="139.136351"></trkpt>
      <trkpt lat="35.184872" lon="139.136383"></trkpt>
      <trkpt lat="35.184919" lon="139.136418"></trkpt>
      <trkpt lat="35.184966" lon="139.136457"></trkpt>
      <trkpt lat="35.185011" lon="139.1365"></trkpt>
      <trkpt lat="35.185055" lon="139.136543"></trkpt>
      <trkpt lat="35.185096" lon="139.136589"></trkpt>
      <trkpt lat="35.185133" lon="139.136633"></trkpt>
      <trkpt lat="35.185167" lon="139.136679"></trkpt>
      <trkpt lat="35.185232" lon="139.136778"></trkpt>
      <trkpt lat="35.185359" lon="139.136977"></trkpt>
      <trkpt lat="35.185485" lon="139.137168"></trkpt>
      <trkpt lat="35.185615" lon="139.137351"></trkpt>
      <trkpt lat="35.185723" lon="139.137489"></trkpt>
      <trkpt lat="35.185834" lon="139.137624"></trkpt>
      <trkpt lat="35.186064" lon="139.137884"></trkpt>
      <trkpt lat="35.186293" lon="139.138144"></trkpt>
      <trkpt lat="35.186525" lon="139.138396"></trkpt>
      <trkpt lat="35.186586" lon="139.13846"></trkpt>
      <trkpt lat="35.186668" lon="139.138541"></trkpt>
      <trkpt lat="35.186752" lon="139.13862"></trkpt>
      <trkpt lat="35.186926" lon="139.13877"></trkpt>
      <trkpt lat="35.187108" lon="139.138926"></trkpt>
      <trkpt lat="35.187289" lon="139.139084"></trkpt>
      <trkpt lat="35.18737" lon="139.139143"></trkpt>
      <trkpt lat="35.187451" lon="139.139201"></trkpt>
      <trkpt lat="35.187535" lon="139.139254"></trkpt>
      <trkpt lat="35.187621" lon="139.139302"></trkpt>
      <trkpt lat="35.187717" lon="139.139353"></trkpt>
      <trkpt lat="35.187814" lon="139.139401"></trkpt>
      <trkpt lat="35.188009" lon="139.139496"></trkpt>
      <trkpt lat="35.18819" lon="139.139586"></trkpt>
      <trkpt lat="35.188284" lon="139.139628"></trkpt>
      <trkpt lat="35.188378" lon="139.139668"></trkpt>
      <trkpt lat="35.188432" lon="139.13969"></trkpt>
      <trkpt lat="35.188487" lon="139.139709"></trkpt>
      <trkpt lat="35.188601" lon="139.13974"></trkpt>
      <trkpt lat="35.188676" lon="139.139756"></trkpt>
      <trkpt lat="35.188753" lon="139.139766"></trkpt>
      <trkpt lat="35.188911" lon="139.139783"></trkpt>
      <trkpt lat="35.189065" lon="139.139798"></trkpt>
      <trkpt lat="35.189142" lon="139.139804"></trkpt>
      <trkpt lat="35.189218" lon="139.13981"></trkpt>
      <trkpt lat="35.189267" lon="139.13981"></trkpt>
      <trkpt lat="35.189318" lon="139.139804"></trkpt>
      <trkpt lat="35.189368" lon="139.139796"></trkpt>
      <trkpt lat="35.18942" lon="139.139785"></trkpt>
      <trkpt lat="35.189461" lon="139.139772"></trkpt>
      <trkpt lat="35.189505" lon="139.139756"></trkpt>
      <trkpt lat="35.189547" lon="139.139737"></trkpt>
      <trkpt lat="35.18959" lon="139.139716"></trkpt>
      <trkpt lat="35.189621" lon="139.139698"></trkpt>
      <trkpt lat="35.189654" lon="139.139677"></trkpt>
      <trkpt lat="35.18972" lon="139.139628"></trkpt>
      <trkpt lat="35.189781" lon="139.139576"></trkpt>
      <trkpt lat="35.189839" lon="139.13952"></trkpt>
      <trkpt lat="35.189917" lon="139.139446"></trkpt>
      <trkpt lat="35.189996" lon="139.139371"></trkpt>
      <trkpt lat="35.190071" lon="139.139289"></trkpt>
      <trkpt lat="35.190107" lon="139.139244"></trkpt>
      <trkpt lat="35.190145" lon="139.139193"></trkpt>
      <trkpt lat="35.190197" lon="139.139121"></trkpt>
      <trkpt lat="35.190241" lon="139.139058"></trkpt>
      <trkpt lat="35.190288" lon="139.138986"></trkpt>
      <trkpt lat="35.190336" lon="139.138907"></trkpt>
      <trkpt lat="35.19041" lon="139.138777"></trkpt>
      <trkpt lat="35.190489" lon="139.138625"></trkpt>
      <trkpt lat="35.190795" lon="139.138028"></trkpt>
      <trkpt lat="35.190885" lon="139.137851"></trkpt>
      <trkpt lat="35.190925" lon="139.137774"></trkpt>
      <trkpt lat="35.190968" lon="139.137694"></trkpt>
      <trkpt lat="35.191012" lon="139.137614"></trkpt>
      <trkpt lat="35.191037" lon="139.137573"></trkpt>
      <trkpt lat="35.19106" lon="139.137535"></trkpt>
      <trkpt lat="35.191087" lon="139.137499"></trkpt>
      <trkpt lat="35.191116" lon="139.137461"></trkpt>
      <trkpt lat="35.191168" lon="139.1374"></trkpt>
      <trkpt lat="35.191196" lon="139.137371"></trkpt>
      <trkpt lat="35.191223" lon="139.137345"></trkpt>
      <trkpt lat="35.191259" lon="139.137315"></trkpt>
      <trkpt lat="35.191294" lon="139.137288"></trkpt>
      <trkpt lat="35.191327" lon="139.137267"></trkpt>
      <trkpt lat="35.191358" lon="139.137247"></trkpt>
      <trkpt lat="35.191407" lon="139.137221"></trkpt>
      <trkpt lat="35.191457" lon="139.137196"></trkpt>
      <trkpt lat="35.191552" lon="139.137153"></trkpt>
      <trkpt lat="35.191651" lon="139.137113"></trkpt>
      <trkpt lat="35.191815" lon="139.137047"></trkpt>
      <trkpt lat="35.191895" lon="139.137016"></trkpt>
      <trkpt lat="35.191973" lon="139.13699"></trkpt>
      <trkpt lat="35.192033" lon="139.136974"></trkpt>
      <trkpt lat="35.19209" lon="139.136965"></trkpt>
      <trkpt lat="35.192143" lon="139.136962"></trkpt>
      <trkpt lat="35.192196" lon="139.136961"></trkpt>
      <trkpt lat="35.192248" lon="139.136965"></trkpt>
      <trkpt lat="35.192299" lon="139.13697"></trkpt>
      <trkpt lat="35.192348" lon="139.136978"></trkpt>
      <trkpt lat="35.192397" lon="139.136988"></trkpt>
      <trkpt lat="35.192481" lon="139.137011"></trkpt>
      <trkpt lat="35.192565" lon="139.137036"></trkpt>
      <trkpt lat="35.192729" lon="139.137089"></trkpt>
      <trkpt lat="35.192904" lon="139.137143"></trkpt>
      <trkpt lat="35.193076" lon="139.137199"></trkpt>
      <trkpt lat="35.193246" lon="139.137255"></trkpt>
      <trkpt lat="35.193333" lon="139.137281"></trkpt>
      <trkpt lat="35.19342" lon="139.137305"></trkpt>
      <trkpt lat="35.19351" lon="139.137328"></trkpt>
      <trkpt lat="35.193601" lon="139.137352"></trkpt>
      <trkpt lat="35.193773" lon="139.137394"></trkpt>
      <trkpt lat="35.193946" lon="139.137434"></trkpt>
      <trkpt lat="35.194411" lon="139.137539"></trkpt>
      <trkpt lat="35.19488" lon="139.137642"></trkpt>
      <trkpt lat="35.19549" lon="139.137777"></trkpt>
      <trkpt lat="35.195864" lon="139.137858"></trkpt>
      <trkpt lat="35.196211" lon="139.13794"></trkpt>
      <trkpt lat="35.196358" lon="139.137972"></trkpt>
      <trkpt lat="35.196427" lon="139.137986"></trkpt>
      <trkpt lat="35.196496" lon="139.137999"></trkpt>
      <trkpt lat="35.196531" lon="139.138003"></trkpt>
      <trkpt lat="35.196567" lon="139.138006"></trkpt>
      <trkpt lat="35.196642" lon="139.138008"></trkpt>
      <trkpt lat="35.196795" lon="139.138007"></trkpt>
      <trkpt lat="35.196864" lon="139.138001"></trkpt>
      <trkpt lat="35.196933" lon="139.137994"></trkpt>
      <trkpt lat="35.197074" lon="139.137977"></trkpt>
      <trkpt lat="35.197355" lon="139.137939"></trkpt>
      <trkpt lat="35.197633" lon="139.1379"></trkpt>
      <trkpt lat="35.197919" lon="139.137861"></trkpt>
      <trkpt lat="35.198298" lon="139.137812"></trkpt>
      <trkpt lat="35.198679" lon="139.137762"></trkpt>
      <trkpt lat="35.19905" lon="139.137714"></trkpt>
      <trkpt lat="35.199107" lon="139.13771"></trkpt>
      <trkpt lat="35.199163" lon="139.137707"></trkpt>
      <trkpt lat="35.199217" lon="139.137706"></trkpt>
      <trkpt lat="35.19927" lon="139.137707"></trkpt>
      <trkpt lat="35.19936" lon="139.137715"></trkpt>
      <trkpt lat="35.199496" lon="139.137748"></trkpt>
      <trkpt lat="35.19958" lon="139.137774"></trkpt>
      <trkpt lat="35.199667" lon="139.137806"></trkpt>
      <trkpt lat="35.199814" lon="139.137874"></trkpt>
      <trkpt lat="35.200084" lon="139.137998"></trkpt>
      <trkpt lat="35.200177" lon="139.138042"></trkpt>
      <trkpt lat="35.200424" lon="139.138152"></trkpt>
      <trkpt lat="35.200552" lon="139.138211"></trkpt>
      <trkpt lat="35.200779" lon="139.138326"></trkpt>
      <trkpt lat="35.200948" lon="139.138427"></trkpt>
      <trkpt lat="35.201026" lon="139.138481"></trkpt>
      <trkpt lat="35.201184" lon="139.138588"></trkpt>
      <trkpt lat="35.201303" lon="139.138677"></trkpt>
      <trkpt lat="35.201418" lon="139.138767"></trkpt>
      <trkpt lat="35.201652" lon="139.138948"></trkpt>
      <trkpt lat="35.202267" lon="139.139428"></trkpt>
      <trkpt lat="35.20252" lon="139.139626"></trkpt>
      <trkpt lat="35.202712" lon="139.139779"></trkpt>
      <trkpt lat="35.2028" lon="139.139844"></trkpt>
      <trkpt lat="35.202917" lon="139.139922"></trkpt>
      <trkpt lat="35.202996" lon="139.139969"></trkpt>
      <trkpt lat="35.203054" lon="139.140001"></trkpt>
      <trkpt lat="35.203114" lon="139.140032"></trkpt>
      <trkpt lat="35.203175" lon="139.140061"></trkpt>
      <trkpt lat="35.203237" lon="139.140087"></trkpt>
      <trkpt lat="35.203314" lon="139.140115"></trkpt>
      <trkpt lat="35.203493" lon="139.140165"></trkpt>
      <trkpt lat="35.20412" lon="139.140358"></trkpt>
      <trkpt lat="35.204365" lon="139.140427"></trkpt>
      <trkpt lat="35.204463" lon="139.140456"></trkpt>
      <trkpt lat="35.204559" lon="139.140489"></trkpt>
      <trkpt lat="35.204753" lon="139.140546"></trkpt>
      <trkpt lat="35.204867" lon="139.140587"></trkpt>
      <trkpt lat="35.204992" lon="139.140631"></trkpt>
      <trkpt lat="35.205259" lon="139.14071"></trkpt>
      <trkpt lat="35.205484" lon="139.140818"></trkpt>
      <trkpt lat="35.205731" lon="139.140941"></trkpt>
      <trkpt lat="35.205858" lon="139.141008"></trkpt>
      <trkpt lat="35.205923" lon="139.141041"></trkpt>
      <trkpt lat="35.205989" lon="139.141071"></trkpt>
      <trkpt lat="35.206031" lon="139.141092"></trkpt>
      <trkpt lat="35.206075" lon="139.141109"></trkpt>
      <trkpt lat="35.206118" lon="139.141124"></trkpt>
      <trkpt lat="35.206167" lon="139.141139"></trkpt>
      <trkpt lat="35.206259" lon="139.141159"></trkpt>
      <trkpt lat="35.206354" lon="139.141172"></trkpt>
      <trkpt lat="35.206457" lon="139.141186"></trkpt>
      <trkpt lat="35.206569" lon="139.141192"></trkpt>
      <trkpt lat="35.206834" lon="139.141191"></trkpt>
      <trkpt lat="35.207146" lon="139.141199"></trkpt>
      <trkpt lat="35.207503" lon="139.14122"></trkpt>
      <trkpt lat="35.207596" lon="139.141234"></trkpt>
      <trkpt lat="35.20769" lon="139.141251"></trkpt>
      <trkpt lat="35.207975" lon="139.141309"></trkpt>
      <trkpt lat="35.208337" lon="139.141379"></trkpt>
      <trkpt lat="35.208416" lon="139.141388"></trkpt>
      <trkpt lat="35.208498" lon="139.141393"></trkpt>
      <trkpt lat="35.208601" lon="139.141393"></trkpt>
      <trkpt lat="35.208658" lon="139.141395"></trkpt>
      <trkpt lat="35.208752" lon="139.141422"></trkpt>
      <trkpt lat="35.208935" lon="139.141441"></trkpt>
      <trkpt lat="35.209025" lon="139.141451"></trkpt>
      <trkpt lat="35.209109" lon="139.141464"></trkpt>
      <trkpt lat="35.209295" lon="139.141508"></trkpt>
      <trkpt lat="35.209482" lon="139.141554"></trkpt>
      <trkpt lat="35.209687" lon="139.141605"></trkpt>
      <trkpt lat="35.209896" lon="139.141643"></trkpt>
      <trkpt lat="35.210011" lon="139.141664"></trkpt>
      <trkpt lat="35.210068" lon="139.141674"></trkpt>
      <trkpt lat="35.210126" lon="139.141681"></trkpt>
      <trkpt lat="35.210203" lon="139.14168"></trkpt>
      <trkpt lat="35.210244" lon="139.141674"></trkpt>
      <trkpt lat="35.21028" lon="139.141669"></trkpt>
      <trkpt lat="35.210314" lon="139.141664"></trkpt>
      <trkpt lat="35.21035" lon="139.141656"></trkpt>
      <trkpt lat="35.210384" lon="139.141645"></trkpt>
      <trkpt lat="35.210419" lon="139.141633"></trkpt>
      <trkpt lat="35.210554" lon="139.14159"></trkpt>
      <trkpt lat="35.210695" lon="139.141551"></trkpt>
      <trkpt lat="35.210851" lon="139.141505"></trkpt>
      <trkpt lat="35.21101" lon="139.141456"></trkpt>
      <trkpt lat="35.211168" lon="139.14141"></trkpt>
      <trkpt lat="35.21133" lon="139.14136"></trkpt>
      <trkpt lat="35.211401" lon="139.141343"></trkpt>
      <trkpt lat="35.211472" lon="139.141327"></trkpt>
      <trkpt lat="35.211513" lon="139.14132"></trkpt>
      <trkpt lat="35.211551" lon="139.141317"></trkpt>
      <trkpt lat="35.211588" lon="139.141315"></trkpt>
      <trkpt lat="35.211624" lon="139.141316"></trkpt>
      <trkpt lat="35.211699" lon="139.141323"></trkpt>
      <trkpt lat="35.211773" lon="139.141331"></trkpt>
      <trkpt lat="35.211992" lon="139.141358"></trkpt>
      <trkpt lat="35.212079" lon="139.141364"></trkpt>
      <trkpt lat="35.21217" lon="139.14137"></trkpt>
      <trkpt lat="35.212287" lon="139.141367"></trkpt>
      <trkpt lat="35.212404" lon="139.141357"></trkpt>
      <trkpt lat="35.212509" lon="139.141348"></trkpt>
      <trkpt lat="35.212615" lon="139.14134"></trkpt>
      <trkpt lat="35.212694" lon="139.141339"></trkpt>
      <trkpt lat="35.212769" lon="139.141342"></trkpt>
      <trkpt lat="35.212812" lon="139.141348"></trkpt>
      <trkpt lat="35.212853" lon="139.141357"></trkpt>
      <trkpt lat="35.212894" lon="139.141365"></trkpt>
      <trkpt lat="35.212933" lon="139.141375"></trkpt>
      <trkpt lat="35.213015" lon="139.141399"></trkpt>
      <trkpt lat="35.213097" lon="139.141423"></trkpt>
      <trkpt lat="35.213309" lon="139.141492"></trkpt>
      <trkpt lat="35.21352" lon="139.141558"></trkpt>
      <trkpt lat="35.21372" lon="139.141623"></trkpt>
      <trkpt lat="35.213918" lon="139.141689"></trkpt>
      <trkpt lat="35.21397" lon="139.141703"></trkpt>
      <trkpt lat="35.21402" lon="139.141715"></trkpt>
      <trkpt lat="35.214055" lon="139.14172"></trkpt>
      <trkpt lat="35.214091" lon="139.141725"></trkpt>
      <trkpt lat="35.214164" lon="139.141731"></trkpt>
      <trkpt lat="35.214235" lon="139.141733"></trkpt>
      <trkpt lat="35.214271" lon="139.141729"></trkpt>
      <trkpt lat="35.214308" lon="139.141725"></trkpt>
      <trkpt lat="35.214345" lon="139.141718"></trkpt>
      <trkpt lat="35.214383" lon="139.141706"></trkpt>
      <trkpt lat="35.214448" lon="139.14168"></trkpt>
      <trkpt lat="35.214487" lon="139.141659"></trkpt>
      <trkpt lat="35.21453" lon="139.141631"></trkpt>
      <trkpt lat="35.214688" lon="139.141528"></trkpt>
      <trkpt lat="35.214836" lon="139.141426"></trkpt>
      <trkpt lat="35.214914" lon="139.141378"></trkpt>
      <trkpt lat="35.214954" lon="139.141352"></trkpt>
      <trkpt lat="35.214991" lon="139.141331"></trkpt>
      <trkpt lat="35.215051" lon="139.141303"></trkpt>
      <trkpt lat="35.21508" lon="139.141291"></trkpt>
      <trkpt lat="35.215123" lon="139.141275"></trkpt>
      <trkpt lat="35.215198" lon="139.141251"></trkpt>
      <trkpt lat="35.215257" lon="139.14124"></trkpt>
      <trkpt lat="35.215296" lon="139.141235"></trkpt>
      <trkpt lat="35.215373" lon="139.141228"></trkpt>
      <trkpt lat="35.215412" lon="139.141227"></trkpt>
      <trkpt lat="35.215449" lon="139.141227"></trkpt>
      <trkpt lat="35.215534" lon="139.141233"></trkpt>
      <trkpt lat="35.215574" lon="139.14124"></trkpt>
      <trkpt lat="35.215636" lon="139.141252"></trkpt>
      <trkpt lat="35.215695" lon="139.141269"></trkpt>
      <trkpt lat="35.215755" lon="139.141289"></trkpt>
      <trkpt lat="35.21581" lon="139.141313"></trkpt>
      <trkpt lat="35.215869" lon="139.141344"></trkpt>
      <trkpt lat="35.215922" lon="139.141376"></trkpt>
      <trkpt lat="35.216029" lon="139.141449"></trkpt>
      <trkpt lat="35.216116" lon="139.141518"></trkpt>
      <trkpt lat="35.216262" lon="139.141651"></trkpt>
      <trkpt lat="35.216423" lon="139.141803"></trkpt>
      <trkpt lat="35.216509" lon="139.141879"></trkpt>
      <trkpt lat="35.216557" lon="139.141914"></trkpt>
      <trkpt lat="35.216608" lon="139.141944"></trkpt>
      <trkpt lat="35.216639" lon="139.141961"></trkpt>
      <trkpt lat="35.216672" lon="139.141977"></trkpt>
      <trkpt lat="35.216709" lon="139.141993"></trkpt>
      <trkpt lat="35.216747" lon="139.142005"></trkpt>
      <trkpt lat="35.216831" lon="139.142028"></trkpt>
      <trkpt lat="35.216918" lon="139.142046"></trkpt>
      <trkpt lat="35.217055" lon="139.14207"></trkpt>
      <trkpt lat="35.21734" lon="139.142129"></trkpt>
      <trkpt lat="35.217504" lon="139.142161"></trkpt>
      <trkpt lat="35.217664" lon="139.142197"></trkpt>
      <trkpt lat="35.217886" lon="139.142241"></trkpt>
      <trkpt lat="35.2181" lon="139.142283"></trkpt>
      <trkpt lat="35.218403" lon="139.142343"></trkpt>
      <trkpt lat="35.21855" lon="139.142372"></trkpt>
      <trkpt lat="35.218624" lon="139.142383"></trkpt>
      <trkpt lat="35.218701" lon="139.142394"></trkpt>
      <trkpt lat="35.2188" lon="139.142399"></trkpt>
      <trkpt lat="35.218901" lon="139.142399"></trkpt>
      <trkpt lat="35.219027" lon="139.142388"></trkpt>
      <trkpt lat="35.219158" lon="139.142367"></trkpt>
      <trkpt lat="35.219445" lon="139.142312"></trkpt>
      <trkpt lat="35.219683" lon="139.14227"></trkpt>
      <trkpt lat="35.219917" lon="139.142225"></trkpt>
      <trkpt lat="35.22019" lon="139.142175"></trkpt>
      <trkpt lat="35.220312" lon="139.142146"></trkpt>
      <trkpt lat="35.22043" lon="139.142123"></trkpt>
      <trkpt lat="35.220493" lon="139.142112"></trkpt>
      <trkpt lat="35.220553" lon="139.142102"></trkpt>
      <trkpt lat="35.220616" lon="139.142093"></trkpt>
      <trkpt lat="35.220676" lon="139.142087"></trkpt>
      <trkpt lat="35.220769" lon="139.142092"></trkpt>
      <trkpt lat="35.220862" lon="139.142096"></trkpt>
      <trkpt lat="35.220954" lon="139.142105"></trkpt>
      <trkpt lat="35.221043" lon="139.142119"></trkpt>
      <trkpt lat="35.221373" lon="139.142155"></trkpt>
      <trkpt lat="35.221539" lon="139.142172"></trkpt>
      <trkpt lat="35.221709" lon="139.142182"></trkpt>
      <trkpt lat="35.221834" lon="139.142175"></trkpt>
      <trkpt lat="35.221967" lon="139.142158"></trkpt>
      <trkpt lat="35.222152" lon="139.142136"></trkpt>
      <trkpt lat="35.222343" lon="139.142112"></trkpt>
      <trkpt lat="35.222525" lon="139.142087"></trkpt>
      <trkpt lat="35.2227" lon="139.142063"></trkpt>
      <trkpt lat="35.222815" lon="139.142042"></trkpt>
      <trkpt lat="35.222934" lon="139.14201"></trkpt>
      <trkpt lat="35.22305" lon="139.141978"></trkpt>
      <trkpt lat="35.223169" lon="139.141938"></trkpt>
      <trkpt lat="35.223315" lon="139.141889"></trkpt>
      <trkpt lat="35.223466" lon="139.141832"></trkpt>
      <trkpt lat="35.223661" lon="139.14177"></trkpt>
      <trkpt lat="35.223956" lon="139.14169"></trkpt>
      <trkpt lat="35.22408" lon="139.141665"></trkpt>
      <trkpt lat="35.224208" lon="139.141635"></trkpt>
      <trkpt lat="35.2244" lon="139.141599"></trkpt>
      <trkpt lat="35.224523" lon="139.141579"></trkpt>
      <trkpt lat="35.224643" lon="139.141564"></trkpt>
      <trkpt lat="35.224772" lon="139.141549"></trkpt>
      <trkpt lat="35.224897" lon="139.141542"></trkpt>
      <trkpt lat="35.225004" lon="139.141539"></trkpt>
      <trkpt lat="35.225094" lon="139.141537"></trkpt>
      <trkpt lat="35.225109" lon="139.141537"></trkpt>
      <trkpt lat="35.225173" lon="139.141544"></trkpt>
      <trkpt lat="35.225235" lon="139.14155"></trkpt>
      <trkpt lat="35.225357" lon="139.141566"></trkpt>
      <trkpt lat="35.225475" lon="139.141584"></trkpt>
      <trkpt lat="35.225587" lon="139.141604"></trkpt>
      <trkpt lat="35.225704" lon="139.141629"></trkpt>
      <trkpt lat="35.225806" lon="139.141659"></trkpt>
      <trkpt lat="35.225905" lon="139.141691"></trkpt>
      <trkpt lat="35.226004" lon="139.141724"></trkpt>
      <trkpt lat="35.226095" lon="139.141755"></trkpt>
      <trkpt lat="35.226183" lon="139.141789"></trkpt>
      <trkpt lat="35.226286" lon="139.141836"></trkpt>
      <trkpt lat="35.226389" lon="139.141873"></trkpt>
      <trkpt lat="35.226524" lon="139.141941"></trkpt>
      <trkpt lat="35.226589" lon="139.141978"></trkpt>
      <trkpt lat="35.226648" lon="139.142021"></trkpt>
      <trkpt lat="35.2269" lon="139.142165"></trkpt>
      <trkpt lat="35.227001" lon="139.142216"></trkpt>
      <trkpt lat="35.227106" lon="139.142262"></trkpt>
      <trkpt lat="35.227301" lon="139.142348"></trkpt>
      <trkpt lat="35.227621" lon="139.142396"></trkpt>
      <trkpt lat="35.227811" lon="139.142416"></trkpt>
      <trkpt lat="35.227981" lon="139.142411"></trkpt>
      <trkpt lat="35.228134" lon="139.142391"></trkpt>
      <trkpt lat="35.228308" lon="139.142355"></trkpt>
      <trkpt lat="35.228438" lon="139.142329"></trkpt>
      <trkpt lat="35.228887" lon="139.142227"></trkpt>
      <trkpt lat="35.229071" lon="139.142197"></trkpt>
      <trkpt lat="35.229268" lon="139.142181"></trkpt>
      <trkpt lat="35.229516" lon="139.142179"></trkpt>
      <trkpt lat="35.229767" lon="139.142207"></trkpt>
      <trkpt lat="35.230134" lon="139.14226"></trkpt>
      <trkpt lat="35.230891" lon="139.142337"></trkpt>
      <trkpt lat="35.23134" lon="139.142368"></trkpt>
      <trkpt lat="35.231664" lon="139.142409"></trkpt>
      <trkpt lat="35.231853" lon="139.142459"></trkpt>
      <trkpt lat="35.23205" lon="139.142542"></trkpt>
      <trkpt lat="35.232554" lon="139.142775"></trkpt>
      <trkpt lat="35.23289" lon="139.142909"></trkpt>
      <trkpt lat="35.233043" lon="139.142974"></trkpt>
      <trkpt lat="35.233315" lon="139.143087"></trkpt>
      <trkpt lat="35.233501" lon="139.143177"></trkpt>
      <trkpt lat="35.233643" lon="139.143272"></trkpt>
      <trkpt lat="35.233842" lon="139.143422"></trkpt>
      <trkpt lat="35.234261" lon="139.143735"></trkpt>
      <trkpt lat="35.234607" lon="139.143998"></trkpt>
      <trkpt lat="35.234683" lon="139.144057"></trkpt>
      <trkpt lat="35.235132" lon="139.144398"></trkpt>
      <trkpt lat="35.235277" lon="139.144504"></trkpt>
      <trkpt lat="35.235714" lon="139.14484"></trkpt>
      <trkpt lat="35.235973" lon="139.145035"></trkpt>
      <trkpt lat="35.236128" lon="139.145153"></trkpt>
      <trkpt lat="35.2362" lon="139.145217"></trkpt>
      <trkpt lat="35.236275" lon="139.145292"></trkpt>
      <trkpt lat="35.236443" lon="139.14546"></trkpt>
      <trkpt lat="35.237071" lon="139.146131"></trkpt>
      <trkpt lat="35.237306" lon="139.146364"></trkpt>
      <trkpt lat="35.237496" lon="139.146543"></trkpt>
      <trkpt lat="35.237612" lon="139.14661"></trkpt>
      <trkpt lat="35.237724" lon="139.146641"></trkpt>
      <trkpt lat="35.237949" lon="139.146634"></trkpt>
      <trkpt lat="35.238065" lon="139.146604"></trkpt>
      <trkpt lat="35.238239" lon="139.146519"></trkpt>
      <trkpt lat="35.238428" lon="139.146393"></trkpt>
      <trkpt lat="35.238659" lon="139.146244"></trkpt>
      <trkpt lat="35.238888" lon="139.1461"></trkpt>
      <trkpt lat="35.239078" lon="139.145993"></trkpt>
      <trkpt lat="35.239238" lon="139.145932"></trkpt>
      <trkpt lat="35.239348" lon="139.145903"></trkpt>
      <trkpt lat="35.239478" lon="139.145874"></trkpt>
      <trkpt lat="35.239625" lon="139.14585"></trkpt>
      <trkpt lat="35.239834" lon="139.14584"></trkpt>
      <trkpt lat="35.240043" lon="139.145863"></trkpt>
      <trkpt lat="35.240198" lon="139.145898"></trkpt>
      <trkpt lat="35.24035" lon="139.145944"></trkpt>
      <trkpt lat="35.240488" lon="139.146011"></trkpt>
      <trkpt lat="35.240792" lon="139.146145"></trkpt>
      <trkpt lat="35.241025" lon="139.146246"></trkpt>
      <trkpt lat="35.241283" lon="139.146361"></trkpt>
      <trkpt lat="35.241319" lon="139.146382"></trkpt>
      <trkpt lat="35.241828" lon="139.146682"></trkpt>
      <trkpt lat="35.242078" lon="139.146839"></trkpt>
      <trkpt lat="35.243173" lon="139.14752"></trkpt>
      <trkpt lat="35.243229" lon="139.147552"></trkpt>
      <trkpt lat="35.243346" lon="139.147622"></trkpt>
      <trkpt lat="35.243642" lon="139.147802"></trkpt>
      <trkpt lat="35.243823" lon="139.147918"></trkpt>
      <trkpt lat="35.244123" lon="139.148103"></trkpt>
      <trkpt lat="35.244784" lon="139.148505"></trkpt>
      <trkpt lat="35.245017" lon="139.148636"></trkpt>
      <trkpt lat="35.245637" lon="139.148983"></trkpt>
      <trkpt lat="35.246416" lon="139.149442"></trkpt>
      <trkpt lat="35.246547" lon="139.149518"></trkpt>
      <trkpt lat="35.2466" lon="139.149758"></trkpt>
      <trkpt lat="35.246729" lon="139.150566"></trkpt>
      <trkpt lat="35.246883" lon="139.151699"></trkpt>
      <trkpt lat="35.246902" lon="139.151825"></trkpt>
      <trkpt lat="35.247053" lon="139.152873"></trkpt>
      <trkpt lat="35.247223" lon="139.154115"></trkpt>
      <trkpt lat="35.247303" lon="139.154115"></trkpt>
      <trkpt lat="35.247648" lon="139.154115"></trkpt>
      <trkpt lat="35.248005" lon="139.154115"></trkpt>
      <trkpt lat="35.24812" lon="139.154143"></trkpt>
      <trkpt lat="35.248366" lon="139.154222"></trkpt>
      <trkpt lat="35.248396" lon="139.15423"></trkpt>
      <trkpt lat="35.248449" lon="139.154245"></trkpt>
      <trkpt lat="35.248516" lon="139.154267"></trkpt>
      <trkpt lat="35.248718" lon="139.154332"></trkpt>
      <trkpt lat="35.249059" lon="139.154445"></trkpt>
      <trkpt lat="35.249086" lon="139.1543"></trkpt>
      <trkpt lat="35.249114" lon="139.154263"></trkpt>
      <trkpt lat="35.249157" lon="139.154206"></trkpt>
      <trkpt lat="35.249285" lon="139.15399"></trkpt>
      <trkpt lat="35.249406" lon="139.153805"></trkpt>
      <trkpt lat="35.249459" lon="139.153735"></trkpt>
      <trkpt lat="35.249534" lon="139.153758"></trkpt>
      <trkpt lat="35.249608" lon="139.153785"></trkpt>
      <trkpt lat="35.249865" lon="139.153888"></trkpt>
      <trkpt lat="35.249865" lon="139.153888"></trkpt>
      <trkpt lat="35.249608" lon="139.153785"></trkpt>
      <trkpt lat="35.249534" lon="139.153758"></trkpt>
      <trkpt lat="35.249459" lon="139.153735"></trkpt>
      <trkpt lat="35.249406" lon="139.153805"></trkpt>
      <trkpt lat="35.249285" lon="139.15399"></trkpt>
      <trkpt lat="35.249157" lon="139.154206"></trkpt>
      <trkpt lat="35.249114" lon="139.154263"></trkpt>
      <trkpt lat="35.249086" lon="139.1543"></trkpt>
      <trkpt lat="35.249059" lon="139.154445"></trkpt>
      <trkpt lat="35.249034" lon="139.154566"></trkpt>
      <trkpt lat="35.249022" lon="139.154623"></trkpt>
      <trkpt lat="35.248914" lon="139.155137"></trkpt>
      <trkpt lat="35.248895" lon="139.155232"></trkpt>
      <trkpt lat="35.248867" lon="139.155264"></trkpt>
      <trkpt lat="35.248807" lon="139.155334"></trkpt>
      <trkpt lat="35.248722" lon="139.155451"></trkpt>
      <trkpt lat="35.248693" lon="139.155606"></trkpt>
      <trkpt lat="35.248688" lon="139.156194"></trkpt>
      <trkpt lat="35.248676" lon="139.15747"></trkpt>
      <trkpt lat="35.248675" lon="139.157553"></trkpt>
      <trkpt lat="35.24878" lon="139.157558"></trkpt>
      <trkpt lat="35.249045" lon="139.15757"></trkpt>
      <trkpt lat="35.249559" lon="139.157571"></trkpt>
      <trkpt lat="35.24969" lon="139.157571"></trkpt>
      <trkpt lat="35.250048" lon="139.157574"></trkpt>
      <trkpt lat="35.250193" lon="139.15758"></trkpt>
      <trkpt lat="35.250193" lon="139.157623"></trkpt>
      <trkpt lat="35.250194" lon="139.158642"></trkpt>
      <trkpt lat="35.250201" lon="139.159212"></trkpt>
      <trkpt lat="35.250202" lon="139.159334"></trkpt>
      <trkpt lat="35.25059" lon="139.159307"></trkpt>
      <trkpt lat="35.250612" lon="139.159811"></trkpt>
      <trkpt lat="35.250629" lon="139.160117"></trkpt>
      <trkpt lat="35.250659" lon="139.16065"></trkpt>
      <trkpt lat="35.250672" lon="139.160875"></trkpt>
      <trkpt lat="35.250689" lon="139.161186"></trkpt>
      <trkpt lat="35.250708" lon="139.161528"></trkpt>
      <trkpt lat="35.250712" lon="139.161638"></trkpt>
      <trkpt lat="35.25072" lon="139.161738"></trkpt>
      <trkpt lat="35.25075" lon="139.16227"></trkpt>
      <trkpt lat="35.250761" lon="139.162447"></trkpt>
      <trkpt lat="35.250767" lon="139.162539"></trkpt>
      <trkpt lat="35.250786" lon="139.162784"></trkpt>
      <trkpt lat="35.250813" lon="139.162942"></trkpt>
      <trkpt lat="35.250857" lon="139.163086"></trkpt>
      <trkpt lat="35.250907" lon="139.163193"></trkpt>
      <trkpt lat="35.250966" lon="139.163292"></trkpt>
      <trkpt lat="35.251271" lon="139.163634"></trkpt>
      <trkpt lat="35.251432" lon="139.163807"></trkpt>
      <trkpt lat="35.251544" lon="139.163929"></trkpt>
      <trkpt lat="35.252082" lon="139.164518"></trkpt>
      <trkpt lat="35.252342" lon="139.164807"></trkpt>
      <trkpt lat="35.25253" lon="139.164989"></trkpt>
      <trkpt lat="35.252638" lon="139.165074"></trkpt>
      <trkpt lat="35.252716" lon="139.165126"></trkpt>
      <trkpt lat="35.252828" lon="139.165221"></trkpt>
      <trkpt lat="35.252936" lon="139.165362"></trkpt>
      <trkpt lat="35.253493" lon="139.166218"></trkpt>
      <trkpt lat="35.25383" lon="139.166715"></trkpt>
      <trkpt lat="35.2545" lon="139.167721"></trkpt>
      <trkpt lat="35.25463" lon="139.167942"></trkpt>
      <trkpt lat="35.254732" lon="139.168116"></trkpt>
      <trkpt lat="35.254857" lon="139.168344"></trkpt>
      <trkpt lat="35.25501" lon="139.168617"></trkpt>
      <trkpt lat="35.255215" lon="139.168986"></trkpt>
      <trkpt lat="35.255246" lon="139.169048"></trkpt>
      <trkpt lat="35.2553" lon="139.169146"></trkpt>
      <trkpt lat="35.255521" lon="139.169549"></trkpt>
      <trkpt lat="35.255835" lon="139.170088"></trkpt>
      <trkpt lat="35.255958" lon="139.170376"></trkpt>
      <trkpt lat="35.25597" lon="139.170435"></trkpt>
      <trkpt lat="35.255942" lon="139.170507"></trkpt>
      <trkpt lat="35.255902" lon="139.170548"></trkpt>
      <trkpt lat="35.255489" lon="139.170807"></trkpt>
      <trkpt lat="35.255087" lon="139.171043"></trkpt>
      <trkpt lat="35.255006" lon="139.171126"></trkpt>
      <trkpt lat="35.254952" lon="139.17124"></trkpt>
      <trkpt lat="35.254939" lon="139.17136"></trkpt>
      <trkpt lat="35.254976" lon="139.171544"></trkpt>
      <trkpt lat="35.255524" lon="139.172843"></trkpt>
      <trkpt lat="35.255651" lon="139.173257"></trkpt>
      <trkpt lat="35.259053" lon="139.18004"></trkpt>
      <trkpt lat="35.2596" lon="139.181112"></trkpt>
      <trkpt lat="35.259815" lon="139.181519"></trkpt>
      <trkpt lat="35.260019" lon="139.181879"></trkpt>
      <trkpt lat="35.260249" lon="139.182241"></trkpt>
      <trkpt lat="35.26208" lon="139.18488"></trkpt>
      <trkpt lat="35.262171" lon="139.185013"></trkpt>
      <trkpt lat="35.26228" lon="139.185174"></trkpt>
      <trkpt lat="35.262367" lon="139.185311"></trkpt>
      <trkpt lat="35.262466" lon="139.185473"></trkpt>
      <trkpt lat="35.26256" lon="139.185628"></trkpt>
      <trkpt lat="35.26265" lon="139.185788"></trkpt>
      <trkpt lat="35.262744" lon="139.185963"></trkpt>
      <trkpt lat="35.262828" lon="139.18612"></trkpt>
      <trkpt lat="35.263007" lon="139.186481"></trkpt>
      <trkpt lat="35.263184" lon="139.186879"></trkpt>
      <trkpt lat="35.263348" lon="139.187286"></trkpt>
      <trkpt lat="35.263857" lon="139.188654"></trkpt>
      <trkpt lat="35.264051" lon="139.189129"></trkpt>
      <trkpt lat="35.264261" lon="139.189573"></trkpt>
      <trkpt lat="35.264439" lon="139.189927"></trkpt>
      <trkpt lat="35.264694" lon="139.190395"></trkpt>
      <trkpt lat="35.265251" lon="139.191291"></trkpt>
      <trkpt lat="35.265884" lon="139.192287"></trkpt>
      <trkpt lat="35.266718" lon="139.193616"></trkpt>
      <trkpt lat="35.266991" lon="139.194017"></trkpt>
      <trkpt lat="35.267309" lon="139.194415"></trkpt>
      <trkpt lat="35.268265" lon="139.195461"></trkpt>
      <trkpt lat="35.269221" lon="139.196492"></trkpt>
      <trkpt lat="35.269474" lon="139.196775"></trkpt>
      <trkpt lat="35.269716" lon="139.197057"></trkpt>
      <trkpt lat="35.269947" lon="139.197343"></trkpt>
      <trkpt lat="35.270171" lon="139.197625"></trkpt>
      <trkpt lat="35.270503" lon="139.198061"></trkpt>
      <trkpt lat="35.270876" lon="139.198555"></trkpt>
      <trkpt lat="35.272091" lon="139.200139"></trkpt>
      <trkpt lat="35.272333" lon="139.200452"></trkpt>
      <trkpt lat="35.272462" lon="139.200622"></trkpt>
      <trkpt lat="35.27258" lon="139.200782"></trkpt>
      <trkpt lat="35.272696" lon="139.20093"></trkpt>
      <trkpt lat="35.272821" lon="139.201091"></trkpt>
      <trkpt lat="35.272954" lon="139.20125"></trkpt>
      <trkpt lat="35.273085" lon="139.201399"></trkpt>
      <trkpt lat="35.273351" lon="139.201689"></trkpt>
      <trkpt lat="35.273488" lon="139.201831"></trkpt>
      <trkpt lat="35.273767" lon="139.202105"></trkpt>
      <trkpt lat="35.274194" lon="139.20252"></trkpt>
      <trkpt lat="35.274478" lon="139.202797"></trkpt>
      <trkpt lat="35.274894" lon="139.203196"></trkpt>
      <trkpt lat="35.275201" lon="139.203488"></trkpt>
      <trkpt lat="35.275548" lon="139.203825"></trkpt>
      <trkpt lat="35.275825" lon="139.204092"></trkpt>
      <trkpt lat="35.275953" lon="139.204218"></trkpt>
      <trkpt lat="35.276084" lon="139.204359"></trkpt>
      <trkpt lat="35.276205" lon="139.204496"></trkpt>
      <trkpt lat="35.276329" lon="139.204648"></trkpt>
      <trkpt lat="35.276495" lon="139.204872"></trkpt>
      <trkpt lat="35.276555" lon="139.204957"></trkpt>
      <trkpt lat="35.276679" lon="139.205139"></trkpt>
      <trkpt lat="35.276788" lon="139.20531"></trkpt>
      <trkpt lat="35.276893" lon="139.205485"></trkpt>
      <trkpt lat="35.276993" lon="139.205665"></trkpt>
      <trkpt lat="35.277044" lon="139.205757"></trkpt>
      <trkpt lat="35.277092" lon="139.205856"></trkpt>
      <trkpt lat="35.27718" lon="139.206041"></trkpt>
      <trkpt lat="35.277278" lon="139.206261"></trkpt>
      <trkpt lat="35.277326" lon="139.20638"></trkpt>
      <trkpt lat="35.277371" lon="139.2065"></trkpt>
      <trkpt lat="35.277694" lon="139.207421"></trkpt>
      <trkpt lat="35.278014" lon="139.208351"></trkpt>
      <trkpt lat="35.278914" lon="139.210987"></trkpt>
      <trkpt lat="35.279187" lon="139.211793"></trkpt>
      <trkpt lat="35.279402" lon="139.212415"></trkpt>
      <trkpt lat="35.279897" lon="139.213852"></trkpt>
      <trkpt lat="35.280383" lon="139.21529"></trkpt>
      <trkpt lat="35.28045" lon="139.215496"></trkpt>
      <trkpt lat="35.280514" lon="139.215708"></trkpt>
      <trkpt lat="35.280575" lon="139.215931"></trkpt>
      <trkpt lat="35.280638" lon="139.216175"></trkpt>
      <trkpt lat="35.280693" lon="139.216401"></trkpt>
      <trkpt lat="35.280777" lon="139.216792"></trkpt>
      <trkpt lat="35.280824" lon="139.21706"></trkpt>
      <trkpt lat="35.280861" lon="139.217279"></trkpt>
      <trkpt lat="35.280897" lon="139.217508"></trkpt>
      <trkpt lat="35.281043" lon="139.218411"></trkpt>
      <trkpt lat="35.281275" lon="139.219851"></trkpt>
      <trkpt lat="35.281322" lon="139.220146"></trkpt>
      <trkpt lat="35.281346" lon="139.220293"></trkpt>
      <trkpt lat="35.281372" lon="139.220437"></trkpt>
      <trkpt lat="35.281403" lon="139.220625"></trkpt>
      <trkpt lat="35.281419" lon="139.220715"></trkpt>
      <trkpt lat="35.281441" lon="139.220808"></trkpt>
      <trkpt lat="35.281461" lon="139.220899"></trkpt>
      <trkpt lat="35.281483" lon="139.220989"></trkpt>
      <trkpt lat="35.281529" lon="139.221161"></trkpt>
      <trkpt lat="35.281607" lon="139.221414"></trkpt>
      <trkpt lat="35.281653" lon="139.221539"></trkpt>
      <trkpt lat="35.2817" lon="139.221655"></trkpt>
      <trkpt lat="35.281775" lon="139.221835"></trkpt>
      <trkpt lat="35.281855" lon="139.22201"></trkpt>
      <trkpt lat="35.282028" lon="139.222352"></trkpt>
      <trkpt lat="35.282527" lon="139.223296"></trkpt>
      <trkpt lat="35.282617" lon="139.22347"></trkpt>
      <trkpt lat="35.282756" lon="139.223733"></trkpt>
      <trkpt lat="35.282893" lon="139.22401"></trkpt>
      <trkpt lat="35.283029" lon="139.224293"></trkpt>
      <trkpt lat="35.283094" lon="139.224436"></trkpt>
      <trkpt lat="35.283158" lon="139.224582"></trkpt>
      <trkpt lat="35.283218" lon="139.22472"></trkpt>
      <trkpt lat="35.283385" lon="139.225157"></trkpt>
      <trkpt lat="35.283454" lon="139.225352"></trkpt>
      <trkpt lat="35.283523" lon="139.225559"></trkpt>
      <trkpt lat="35.283584" lon="139.22575"></trkpt>
      <trkpt lat="35.283717" lon="139.226177"></trkpt>
      <trkpt lat="35.283843" lon="139.226577"></trkpt>
      <trkpt lat="35.283912" lon="139.226777"></trkpt>
      <trkpt lat="35.283986" lon="139.226984"></trkpt>
      <trkpt lat="35.284058" lon="139.227182"></trkpt>
      <trkpt lat="35.284133" lon="139.227372"></trkpt>
      <trkpt lat="35.284214" lon="139.22758"></trkpt>
      <trkpt lat="35.284382" lon="139.227976"></trkpt>
      <trkpt lat="35.284578" lon="139.228428"></trkpt>
      <trkpt lat="35.284689" lon="139.228686"></trkpt>
      <trkpt lat="35.2848" lon="139.228941"></trkpt>
      <trkpt lat="35.285065" lon="139.229531"></trkpt>
      <trkpt lat="35.285278" lon="139.230015"></trkpt>
      <trkpt lat="35.285386" lon="139.230262"></trkpt>
      <trkpt lat="35.285492" lon="139.230499"></trkpt>
      <trkpt lat="35.285716" lon="139.23102"></trkpt>
      <trkpt lat="35.285935" lon="139.231522"></trkpt>
      <trkpt lat="35.286075" lon="139.231839"></trkpt>
      <trkpt lat="35.286207" lon="139.232116"></trkpt>
      <trkpt lat="35.286282" lon="139.23225"></trkpt>
      <trkpt lat="35.286322" lon="139.232315"></trkpt>
      <trkpt lat="35.286359" lon="139.232379"></trkpt>
      <trkpt lat="35.286433" lon="139.232491"></trkpt>
      <trkpt lat="35.286498" lon="139.232605"></trkpt>
      <trkpt lat="35.286561" lon="139.23272"></trkpt>
      <trkpt lat="35.286624" lon="139.23285"></trkpt>
      <trkpt lat="35.286734" lon="139.233102"></trkpt>
      <trkpt lat="35.286817" lon="139.233295"></trkpt>
      <trkpt lat="35.286884" lon="139.233425"></trkpt>
      <trkpt lat="35.287109" lon="139.233814"></trkpt>
      <trkpt lat="35.28718" lon="139.233952"></trkpt>
      <trkpt lat="35.287271" lon="139.234145"></trkpt>
      <trkpt lat="35.287368" lon="139.234395"></trkpt>
      <trkpt lat="35.287451" lon="139.234622"></trkpt>
      <trkpt lat="35.287513" lon="139.234805"></trkpt>
      <trkpt lat="35.28755" lon="139.234939"></trkpt>
      <trkpt lat="35.287578" lon="139.235075"></trkpt>
      <trkpt lat="35.287599" lon="139.235214"></trkpt>
      <trkpt lat="35.287617" lon="139.23538"></trkpt>
      <trkpt lat="35.287632" lon="139.235482"></trkpt>
      <trkpt lat="35.287651" lon="139.235581"></trkpt>
      <trkpt lat="35.287675" lon="139.235679"></trkpt>
      <trkpt lat="35.287702" lon="139.235772"></trkpt>
      <trkpt lat="35.287762" lon="139.235954"></trkpt>
      <trkpt lat="35.287825" lon="139.236137"></trkpt>
      <trkpt lat="35.288113" lon="139.236881"></trkpt>
      <trkpt lat="35.288189" lon="139.237085"></trkpt>
      <trkpt lat="35.288453" lon="139.237727"></trkpt>
      <trkpt lat="35.28857" lon="139.238007"></trkpt>
      <trkpt lat="35.288694" lon="139.238289"></trkpt>
      <trkpt lat="35.288788" lon="139.238503"></trkpt>
      <trkpt lat="35.289034" lon="139.239051"></trkpt>
      <trkpt lat="35.289205" lon="139.239439"></trkpt>
      <trkpt lat="35.289434" lon="139.239965"></trkpt>
      <trkpt lat="35.289627" lon="139.240426"></trkpt>
      <trkpt lat="35.289841" lon="139.240969"></trkpt>
      <trkpt lat="35.290081" lon="139.24162"></trkpt>
      <trkpt lat="35.290301" lon="139.242223"></trkpt>
      <trkpt lat="35.290444" lon="139.242627"></trkpt>
      <trkpt lat="35.290591" lon="139.243021"></trkpt>
      <trkpt lat="35.290739" lon="139.243432"></trkpt>
      <trkpt lat="35.29096" lon="139.244035"></trkpt>
      <trkpt lat="35.29111" lon="139.244429"></trkpt>
      <trkpt lat="35.291417" lon="139.245214"></trkpt>
      <trkpt lat="35.29167" lon="139.245804"></trkpt>
      <trkpt lat="35.292171" lon="139.246971"></trkpt>
      <trkpt lat="35.292414" lon="139.247554"></trkpt>
      <trkpt lat="35.292577" lon="139.247938"></trkpt>
      <trkpt lat="35.292746" lon="139.248332"></trkpt>
      <trkpt lat="35.292831" lon="139.248528"></trkpt>
      <trkpt lat="35.292915" lon="139.248724"></trkpt>
      <trkpt lat="35.292997" lon="139.248922"></trkpt>
      <trkpt lat="35.293074" lon="139.249113"></trkpt>
      <trkpt lat="35.293162" lon="139.249353"></trkpt>
      <trkpt lat="35.293282" lon="139.249705"></trkpt>
      <trkpt lat="35.293357" lon="139.249944"></trkpt>
      <trkpt lat="35.293411" lon="139.25013"></trkpt>
      <trkpt lat="35.293469" lon="139.250335"></trkpt>
      <trkpt lat="35.293523" lon="139.250547"></trkpt>
      <trkpt lat="35.293577" lon="139.250753"></trkpt>
      <trkpt lat="35.293631" lon="139.250968"></trkpt>
      <trkpt lat="35.293797" lon="139.251594"></trkpt>
      <trkpt lat="35.294123" lon="139.252847"></trkpt>
      <trkpt lat="35.294442" lon="139.254096"></trkpt>
      <trkpt lat="35.294716" lon="139.255141"></trkpt>
      <trkpt lat="35.294931" lon="139.255974"></trkpt>
      <trkpt lat="35.295198" lon="139.257001"></trkpt>
      <trkpt lat="35.295306" lon="139.25743"></trkpt>
      <trkpt lat="35.295468" lon="139.258063"></trkpt>
      <trkpt lat="35.295575" lon="139.258492"></trkpt>
      <trkpt lat="35.295713" lon="139.259105"></trkpt>
      <trkpt lat="35.295787" lon="139.259478"></trkpt>
      <trkpt lat="35.295956" lon="139.260363"></trkpt>
      <trkpt lat="35.296143" lon="139.261318"></trkpt>
      <trkpt lat="35.296194" lon="139.261576"></trkpt>
      <trkpt lat="35.296385" lon="139.26259"></trkpt>
      <trkpt lat="35.296445" lon="139.262886"></trkpt>
      <trkpt lat="35.296566" lon="139.263476"></trkpt>
      <trkpt lat="35.296844" lon="139.265003"></trkpt>
      <trkpt lat="35.297179" lon="139.266682"></trkpt>
      <trkpt lat="35.297427" lon="139.267764"></trkpt>
      <trkpt lat="35.297673" lon="139.268713"></trkpt>
      <trkpt lat="35.297975" lon="139.269895"></trkpt>
      <trkpt lat="35.298544" lon="139.272065"></trkpt>
      <trkpt lat="35.298831" lon="139.273236"></trkpt>
      <trkpt lat="35.299037" lon="139.274283"></trkpt>
      <trkpt lat="35.299211" lon="139.275339"></trkpt>
      <trkpt lat="35.29949" lon="139.277083"></trkpt>
      <trkpt lat="35.299661" lon="139.278161"></trkpt>
      <trkpt lat="35.299796" lon="139.279003"></trkpt>
      <trkpt lat="35.299934" lon="139.279874"></trkpt>
      <trkpt lat="35.300076" lon="139.28075"></trkpt>
      <trkpt lat="35.300516" lon="139.283484"></trkpt>
      <trkpt lat="35.30065" lon="139.284276"></trkpt>
      <trkpt lat="35.300831" lon="139.285177"></trkpt>
      <trkpt lat="35.30099" lon="139.2857"></trkpt>
      <trkpt lat="35.301148" lon="139.286399"></trkpt>
      <trkpt lat="35.301171" lon="139.286451"></trkpt>
      <trkpt lat="35.301193" lon="139.286491"></trkpt>
      <trkpt lat="35.30122" lon="139.286526"></trkpt>
      <trkpt lat="35.301258" lon="139.286564"></trkpt>
      <trkpt lat="35.301303" lon="139.286598"></trkpt>
      <trkpt lat="35.301357" lon="139.286614"></trkpt>
      <trkpt lat="35.301391" lon="139.286621"></trkpt>
      <trkpt lat="35.301426" lon="139.286622"></trkpt>
      <trkpt lat="35.301488" lon="139.286616"></trkpt>
      <trkpt lat="35.301553" lon="139.286602"></trkpt>
      <trkpt lat="35.301802" lon="139.286533"></trkpt>
      <trkpt lat="35.301984" lon="139.286485"></trkpt>
      <trkpt lat="35.302097" lon="139.286457"></trkpt>
      <trkpt lat="35.302151" lon="139.286459"></trkpt>
      <trkpt lat="35.302276" lon="139.286452"></trkpt>
      <trkpt lat="35.302426" lon="139.286378"></trkpt>
      <trkpt lat="35.302566" lon="139.286317"></trkpt>
      <trkpt lat="35.302623" lon="139.286295"></trkpt>
      <trkpt lat="35.302701" lon="139.286273"></trkpt>
      <trkpt lat="35.302789" lon="139.286252"></trkpt>
      <trkpt lat="35.302866" lon="139.286241"></trkpt>
      <trkpt lat="35.302944" lon="139.286245"></trkpt>
      <trkpt lat="35.303021" lon="139.286256"></trkpt>
      <trkpt lat="35.303097" lon="139.286278"></trkpt>
      <trkpt lat="35.303228" lon="139.286323"></trkpt>
      <trkpt lat="35.303422" lon="139.286399"></trkpt>
      <trkpt lat="35.303514" lon="139.286448"></trkpt>
      <trkpt lat="35.30367" lon="139.286531"></trkpt>
      <trkpt lat="35.303852" lon="139.286624"></trkpt>
      <trkpt lat="35.303929" lon="139.286654"></trkpt>
      <trkpt lat="35.303989" lon="139.286663"></trkpt>
      <trkpt lat="35.304139" lon="139.286684"></trkpt>
      <trkpt lat="35.304129" lon="139.286846"></trkpt>
      <trkpt lat="35.304099" lon="139.287197"></trkpt>
      <trkpt lat="35.304042" lon="139.287964"></trkpt>
      <trkpt lat="35.304035" lon="139.288046"></trkpt>
      <trkpt lat="35.303964" lon="139.288957"></trkpt>
      <trkpt lat="35.303828" lon="139.290842"></trkpt>
      <trkpt lat="35.303837" lon="139.291022"></trkpt>
      <trkpt lat="35.303854" lon="139.291194"></trkpt>
      <trkpt lat="35.303904" lon="139.291541"></trkpt>
      <trkpt lat="35.303935" lon="139.291682"></trkpt>
      <trkpt lat="35.303986" lon="139.291863"></trkpt>
      <trkpt lat="35.304039" lon="139.291992"></trkpt>
      <trkpt lat="35.304253" lon="139.292469"></trkpt>
      <trkpt lat="35.304315" lon="139.292626"></trkpt>
      <trkpt lat="35.30455" lon="139.293159"></trkpt>
      <trkpt lat="35.304599" lon="139.293275"></trkpt>
      <trkpt lat="35.304718" lon="139.293562"></trkpt>
      <trkpt lat="35.30481" lon="139.293842"></trkpt>
      <trkpt lat="35.304909" lon="139.294194"></trkpt>
      <trkpt lat="35.304973" lon="139.294468"></trkpt>
      <trkpt lat="35.305098" lon="139.294991"></trkpt>
      <trkpt lat="35.305122" lon="139.295086"></trkpt>
      <trkpt lat="35.305295" lon="139.295789"></trkpt>
      <trkpt lat="35.305377" lon="139.296121"></trkpt>
      <trkpt lat="35.305477" lon="139.296537"></trkpt>
      <trkpt lat="35.30556" lon="139.296882"></trkpt>
      <trkpt lat="35.305575" lon="139.296964"></trkpt>
      <trkpt lat="35.305639" lon="139.296948"></trkpt>
      <trkpt lat="35.30606" lon="139.296913"></trkpt>
      <trkpt lat="35.306867" lon="139.296845"></trkpt>
      <trkpt lat="35.306898" lon="139.296842"></trkpt>
      <trkpt lat="35.306955" lon="139.296837"></trkpt>
      <trkpt lat="35.307672" lon="139.296777"></trkpt>
      <trkpt lat="35.307932" lon="139.296754"></trkpt>
      <trkpt lat="35.309132" lon="139.296642"></trkpt>
      <trkpt lat="35.309423" lon="139.296621"></trkpt>
      <trkpt lat="35.309551" lon="139.297694"></trkpt>
      <trkpt lat="35.309677" lon="139.298753"></trkpt>
      <trkpt lat="35.309715" lon="139.299022"></trkpt>
      <trkpt lat="35.309723" lon="139.299091"></trkpt>
      <trkpt lat="35.309728" lon="139.299135"></trkpt>
      <trkpt lat="35.309986" lon="139.299135"></trkpt>
      <trkpt lat="35.310265" lon="139.299146"></trkpt>
      <trkpt lat="35.310318" lon="139.29915"></trkpt>
      <trkpt lat="35.310365" lon="139.299161"></trkpt>
      <trkpt lat="35.310414" lon="139.299641"></trkpt>
      <trkpt lat="35.310528" lon="139.30057"></trkpt>
      <trkpt lat="35.310563" lon="139.300559"></trkpt>
      <trkpt lat="35.310921" lon="139.300522"></trkpt>
      <trkpt lat="35.311004" lon="139.300493"></trkpt>
      <trkpt lat="35.311518" lon="139.300222"></trkpt>
      <trkpt lat="35.312365" lon="139.299766"></trkpt>
      <trkpt lat="35.313209" lon="139.299315"></trkpt>
      <trkpt lat="35.313413" lon="139.299213"></trkpt>
      <trkpt lat="35.313784" lon="139.299015"></trkpt>
      <trkpt lat="35.314014" lon="139.298894"></trkpt>
      <trkpt lat="35.314316" lon="139.298725"></trkpt>
      <trkpt lat="35.314608" lon="139.298562"></trkpt>
      <trkpt lat="35.314925" lon="139.298395"></trkpt>
      <trkpt lat="35.315123" lon="139.298294"></trkpt>
      <trkpt lat="35.315377" lon="139.298223"></trkpt>
      <trkpt lat="35.315707" lon="139.29821"></trkpt>
      <trkpt lat="35.315868" lon="139.298227"></trkpt>
      <trkpt lat="35.316007" lon="139.298264"></trkpt>
      <trkpt lat="35.316395" lon="139.298438"></trkpt>
      <trkpt lat="35.316573" lon="139.298522"></trkpt>
      <trkpt lat="35.316743" lon="139.298611"></trkpt>
      <trkpt lat="35.319278" lon="139.300293"></trkpt>
      <trkpt lat="35.319843" lon="139.300671"></trkpt>
      <trkpt lat="35.319949" lon="139.300714"></trkpt>
      <trkpt lat="35.320075" lon="139.300756"></trkpt>
      <trkpt lat="35.320715" lon="139.300958"></trkpt>
      <trkpt lat="35.321128" lon="139.301099"></trkpt>
      <trkpt lat="35.322418" lon="139.301538"></trkpt>
      <trkpt lat="35.322655" lon="139.301638"></trkpt>
      <trkpt lat="35.322925" lon="139.30181"></trkpt>
      <trkpt lat="35.323821" lon="139.302343"></trkpt>
      <trkpt lat="35.323922" lon="139.302402"></trkpt>
      <trkpt lat="35.324073" lon="139.302491"></trkpt>
      <trkpt lat="35.32417" lon="139.302546"></trkpt>
      <trkpt lat="35.324227" lon="139.30258"></trkpt>
      <trkpt lat="35.324272" lon="139.302632"></trkpt>
      <trkpt lat="35.324313" lon="139.302722"></trkpt>
      <trkpt lat="35.324343" lon="139.30295"></trkpt>
      <trkpt lat="35.3244" lon="139.303563"></trkpt>
      <trkpt lat="35.3244" lon="139.303693"></trkpt>
      <trkpt lat="35.324379" lon="139.303802"></trkpt>
      <trkpt lat="35.324301" lon="139.303995"></trkpt>
      <trkpt lat="35.324256" lon="139.304086"></trkpt>
      <trkpt lat="35.324071" lon="139.304486"></trkpt>
      <trkpt lat="35.32398" lon="139.304732"></trkpt>
      <trkpt lat="35.323962" lon="139.304846"></trkpt>
      <trkpt lat="35.323951" lon="139.304975"></trkpt>
      <trkpt lat="35.323966" lon="139.305101"></trkpt>
      <trkpt lat="35.324004" lon="139.305169"></trkpt>
      <trkpt lat="35.32406" lon="139.305241"></trkpt>
      <trkpt lat="35.324292" lon="139.305324"></trkpt>
      <trkpt lat="35.324706" lon="139.305413"></trkpt>
      <trkpt lat="35.325114" lon="139.305493"></trkpt>
      <trkpt lat="35.325435" lon="139.305569"></trkpt>
      <trkpt lat="35.32552" lon="139.305638"></trkpt>
      <trkpt lat="35.325694" lon="139.305729"></trkpt>
      <trkpt lat="35.325797" lon="139.305769"></trkpt>
      <trkpt lat="35.325901" lon="139.305793"></trkpt>
      <trkpt lat="35.326116" lon="139.305828"></trkpt>
      <trkpt lat="35.326346" lon="139.305876"></trkpt>
      <trkpt lat="35.326428" lon="139.305907"></trkpt>
      <trkpt lat="35.326524" lon="139.305949"></trkpt>
      <trkpt lat="35.326593" lon="139.305991"></trkpt>
      <trkpt lat="35.326635" lon="139.306057"></trkpt>
      <trkpt lat="35.326647" lon="139.306144"></trkpt>
      <trkpt lat="35.326642" lon="139.306278"></trkpt>
      <trkpt lat="35.326573" lon="139.306714"></trkpt>
      <trkpt lat="35.326542" lon="139.306973"></trkpt>
      <trkpt lat="35.32653" lon="139.307074"></trkpt>
      <trkpt lat="35.326521" lon="139.307198"></trkpt>
      <trkpt lat="35.326526" lon="139.307274"></trkpt>
      <trkpt lat="35.326557" lon="139.307331"></trkpt>
      <trkpt lat="35.326628" lon="139.307404"></trkpt>
      <trkpt lat="35.32657" lon="139.307509"></trkpt>
      <trkpt lat="35.326537" lon="139.307568"></trkpt>
      <trkpt lat="35.326513" lon="139.307619"></trkpt>
      <trkpt lat="35.326498" lon="139.307682"></trkpt>
      <trkpt lat="35.326447" lon="139.308017"></trkpt>
      <trkpt lat="35.326432" lon="139.308135"></trkpt>
      <trkpt lat="35.326449" lon="139.308226"></trkpt>
      <trkpt lat="35.326471" lon="139.308307"></trkpt>
      <trkpt lat="35.326526" lon="139.308407"></trkpt>
      <trkpt lat="35.326766" lon="139.308651"></trkpt>
      <trkpt lat="35.326805" lon="139.308703"></trkpt>
      <trkpt lat="35.326838" lon="139.308766"></trkpt>
      <trkpt lat="35.32686" lon="139.308835"></trkpt>
      <trkpt lat="35.326857" lon="139.30894"></trkpt>
      <trkpt lat="35.326829" lon="139.309067"></trkpt>
      <trkpt lat="35.326765" lon="139.309289"></trkpt>
      <trkpt lat="35.326727" lon="139.309376"></trkpt>
      <trkpt lat="35.326649" lon="139.309471"></trkpt>
      <trkpt lat="35.326608" lon="139.309504"></trkpt>
      <trkpt lat="35.326562" lon="139.309519"></trkpt>
      <trkpt lat="35.326513" lon="139.309517"></trkpt>
      <trkpt lat="35.326455" lon="139.309502"></trkpt>
      <trkpt lat="35.326377" lon="139.309468"></trkpt>
      <trkpt lat="35.326271" lon="139.309422"></trkpt>
      <trkpt lat="35.326162" lon="139.309366"></trkpt>
      <trkpt lat="35.326066" lon="139.309323"></trkpt>
      <trkpt lat="35.32597" lon="139.309289"></trkpt>
      <trkpt lat="35.325874" lon="139.309275"></trkpt>
      <trkpt lat="35.325785" lon="139.309299"></trkpt>
      <trkpt lat="35.325681" lon="139.309332"></trkpt>
      <trkpt lat="35.325621" lon="139.309403"></trkpt>
      <trkpt lat="35.325519" lon="139.309537"></trkpt>
      <trkpt lat="35.325408" lon="139.309677"></trkpt>
      <trkpt lat="35.325214" lon="139.30993"></trkpt>
      <trkpt lat="35.325159" lon="139.31001"></trkpt>
      <trkpt lat="35.325027" lon="139.310181"></trkpt>
      <trkpt lat="35.324928" lon="139.310305"></trkpt>
      <trkpt lat="35.324886" lon="139.310338"></trkpt>
      <trkpt lat="35.324849" lon="139.310366"></trkpt>
      <trkpt lat="35.324812" lon="139.310385"></trkpt>
      <trkpt lat="35.32476" lon="139.310406"></trkpt>
      <trkpt lat="35.324711" lon="139.310416"></trkpt>
      <trkpt lat="35.324658" lon="139.310418"></trkpt>
      <trkpt lat="35.324581" lon="139.310408"></trkpt>
      <trkpt lat="35.324514" lon="139.310391"></trkpt>
      <trkpt lat="35.324448" lon="139.310358"></trkpt>
      <trkpt lat="35.324392" lon="139.310321"></trkpt>
      <trkpt lat="35.324338" lon="139.310276"></trkpt>
      <trkpt lat="35.323929" lon="139.309659"></trkpt>
      <trkpt lat="35.323812" lon="139.309486"></trkpt>
      <trkpt lat="35.32344" lon="139.30893"></trkpt>
      <trkpt lat="35.323088" lon="139.308398"></trkpt>
      <trkpt lat="35.322586" lon="139.30763"></trkpt>
      <trkpt lat="35.322473" lon="139.307481"></trkpt>
      <trkpt lat="35.32241" lon="139.307425"></trkpt>
      <trkpt lat="35.322349" lon="139.3074"></trkpt>
      <trkpt lat="35.322294" lon="139.307392"></trkpt>
      <trkpt lat="35.322226" lon="139.307405"></trkpt>
      <trkpt lat="35.322155" lon="139.307449"></trkpt>
      <trkpt lat="35.322094" lon="139.30751"></trkpt>
      <trkpt lat="35.322057" lon="139.307572"></trkpt>
      <trkpt lat="35.32201" lon="139.307688"></trkpt>
      <trkpt lat="35.321607" lon="139.308707"></trkpt>
      <trkpt lat="35.321328" lon="139.309205"></trkpt>
      <trkpt lat="35.321207" lon="139.309347"></trkpt>
      <trkpt lat="35.321125" lon="139.309418"></trkpt>
      <trkpt lat="35.321021" lon="139.309492"></trkpt>
      <trkpt lat="35.320952" lon="139.309534"></trkpt>
      <trkpt lat="35.320886" lon="139.309535"></trkpt>
      <trkpt lat="35.32084" lon="139.309511"></trkpt>
      <trkpt lat="35.320798" lon="139.309445"></trkpt>
      <trkpt lat="35.32074" lon="139.309345"></trkpt>
      <trkpt lat="35.320686" lon="139.309166"></trkpt>
      <trkpt lat="35.320445" lon="139.308307"></trkpt>
      <trkpt lat="35.320397" lon="139.308071"></trkpt>
      <trkpt lat="35.320383" lon="139.307937"></trkpt>
      <trkpt lat="35.320366" lon="139.30785"></trkpt>
      <trkpt lat="35.320337" lon="139.307788"></trkpt>
      <trkpt lat="35.320277" lon="139.307727"></trkpt>
      <trkpt lat="35.32023" lon="139.307689"></trkpt>
      <trkpt lat="35.320175" lon="139.307675"></trkpt>
      <trkpt lat="35.319896" lon="139.307639"></trkpt>
      <trkpt lat="35.31979" lon="139.307611"></trkpt>
      <trkpt lat="35.319697" lon="139.307554"></trkpt>
      <trkpt lat="35.319615" lon="139.307458"></trkpt>
      <trkpt lat="35.319574" lon="139.30733"></trkpt>
      <trkpt lat="35.319555" lon="139.307248"></trkpt>
      <trkpt lat="35.319538" lon="139.307166"></trkpt>
      <trkpt lat="35.319505" lon="139.307099"></trkpt>
      <trkpt lat="35.319476" lon="139.307067"></trkpt>
      <trkpt lat="35.319449" lon="139.307056"></trkpt>
      <trkpt lat="35.319415" lon="139.307053"></trkpt>
      <trkpt lat="35.319382" lon="139.307068"></trkpt>
      <trkpt lat="35.319357" lon="139.307094"></trkpt>
      <trkpt lat="35.319343" lon="139.307143"></trkpt>
      <trkpt lat="35.319337" lon="139.3072"></trkpt>
      <trkpt lat="35.319363" lon="139.307253"></trkpt>
      <trkpt lat="35.319389" lon="139.307302"></trkpt>
      <trkpt lat="35.319414" lon="139.307367"></trkpt>
      <trkpt lat="35.319431" lon="139.307441"></trkpt>
      <trkpt lat="35.319456" lon="139.307544"></trkpt>
      <trkpt lat="35.319473" lon="139.307606"></trkpt>
      <trkpt lat="35.319496" lon="139.307665"></trkpt>
      <trkpt lat="35.319526" lon="139.307721"></trkpt>
      <trkpt lat="35.319565" lon="139.307772"></trkpt>
      <trkpt lat="35.319612" lon="139.307817"></trkpt>
      <trkpt lat="35.319809" lon="139.307968"></trkpt>
      <trkpt lat="35.319855" lon="139.308017"></trkpt>
      <trkpt lat="35.319886" lon="139.308065"></trkpt>
      <trkpt lat="35.319916" lon="139.308122"></trkpt>
      <trkpt lat="35.319945" lon="139.308196"></trkpt>
      <trkpt lat="35.320045" lon="139.308509"></trkpt>
      <trkpt lat="35.320106" lon="139.308674"></trkpt>
      <trkpt lat="35.320179" lon="139.308915"></trkpt>
      <trkpt lat="35.320179" lon="139.308915"></trkpt>
      <trkpt lat="35.320106" lon="139.308674"></trkpt>
      <trkpt lat="35.320045" lon="139.308509"></trkpt>
      <trkpt lat="35.319945" lon="139.308196"></trkpt>
      <trkpt lat="35.319916" lon="139.308122"></trkpt>
      <trkpt lat="35.319886" lon="139.308065"></trkpt>
      <trkpt lat="35.319855" lon="139.308017"></trkpt>
      <trkpt lat="35.319809" lon="139.307968"></trkpt>
      <trkpt lat="35.319612" lon="139.307817"></trkpt>
      <trkpt lat="35.319565" lon="139.307772"></trkpt>
      <trkpt lat="35.319526" lon="139.307721"></trkpt>
      <trkpt lat="35.319496" lon="139.307665"></trkpt>
      <trkpt lat="35.319473" lon="139.307606"></trkpt>
      <trkpt lat="35.319456" lon="139.307544"></trkpt>
      <trkpt lat="35.319431" lon="139.307441"></trkpt>
      <trkpt lat="35.319414" lon="139.307367"></trkpt>
      <trkpt lat="35.319389" lon="139.307302"></trkpt>
      <trkpt lat="35.319363" lon="139.307253"></trkpt>
      <trkpt lat="35.319337" lon="139.3072"></trkpt>
      <trkpt lat="35.319343" lon="139.307143"></trkpt>
      <trkpt lat="35.319357" lon="139.307094"></trkpt>
      <trkpt lat="35.319382" lon="139.307068"></trkpt>
      <trkpt lat="35.319415" lon="139.307053"></trkpt>
      <trkpt lat="35.319449" lon="139.307056"></trkpt>
      <trkpt lat="35.319476" lon="139.307067"></trkpt>
      <trkpt lat="35.319505" lon="139.307099"></trkpt>
      <trkpt lat="35.319538" lon="139.307166"></trkpt>
      <trkpt lat="35.319555" lon="139.307248"></trkpt>
      <trkpt lat="35.319574" lon="139.30733"></trkpt>
      <trkpt lat="35.319615" lon="139.307458"></trkpt>
      <trkpt lat="35.319697" lon="139.307554"></trkpt>
      <trkpt lat="35.31979" lon="139.307611"></trkpt>
      <trkpt lat="35.319896" lon="139.307639"></trkpt>
      <trkpt lat="35.320175" lon="139.307675"></trkpt>
      <trkpt lat="35.32023" lon="139.307689"></trkpt>
      <trkpt lat="35.320277" lon="139.307727"></trkpt>
      <trkpt lat="35.320337" lon="139.307788"></trkpt>
      <trkpt lat="35.320366" lon="139.30785"></trkpt>
      <trkpt lat="35.320383" lon="139.307937"></trkpt>
      <trkpt lat="35.320397" lon="139.308071"></trkpt>
      <trkpt lat="35.320445" lon="139.308307"></trkpt>
      <trkpt lat="35.320686" lon="139.309166"></trkpt>
      <trkpt lat="35.32074" lon="139.309345"></trkpt>
      <trkpt lat="35.320798" lon="139.309445"></trkpt>
      <trkpt lat="35.32084" lon="139.309511"></trkpt>
      <trkpt lat="35.320886" lon="139.309535"></trkpt>
      <trkpt lat="35.320952" lon="139.309534"></trkpt>
      <trkpt lat="35.321021" lon="139.309492"></trkpt>
      <trkpt lat="35.321125" lon="139.309418"></trkpt>
      <trkpt lat="35.321207" lon="139.309347"></trkpt>
      <trkpt lat="35.321328" lon="139.309205"></trkpt>
      <trkpt lat="35.321607" lon="139.308707"></trkpt>
      <trkpt lat="35.32201" lon="139.307688"></trkpt>
      <trkpt lat="35.322057" lon="139.307572"></trkpt>
      <trkpt lat="35.322094" lon="139.30751"></trkpt>
      <trkpt lat="35.322155" lon="139.307449"></trkpt>
      <trkpt lat="35.322226" lon="139.307405"></trkpt>
      <trkpt lat="35.322294" lon="139.307392"></trkpt>
      <trkpt lat="35.322349" lon="139.3074"></trkpt>
      <trkpt lat="35.32241" lon="139.307425"></trkpt>
      <trkpt lat="35.322473" lon="139.307481"></trkpt>
      <trkpt lat="35.322586" lon="139.30763"></trkpt>
      <trkpt lat="35.323088" lon="139.308398"></trkpt>
      <trkpt lat="35.32344" lon="139.30893"></trkpt>
      <trkpt lat="35.323812" lon="139.309486"></trkpt>
      <trkpt lat="35.323929" lon="139.309659"></trkpt>
      <trkpt lat="35.324338" lon="139.310276"></trkpt>
      <trkpt lat="35.324392" lon="139.310321"></trkpt>
      <trkpt lat="35.324448" lon="139.310358"></trkpt>
      <trkpt lat="35.324514" lon="139.310391"></trkpt>
      <trkpt lat="35.324581" lon="139.310408"></trkpt>
      <trkpt lat="35.324658" lon="139.310418"></trkpt>
      <trkpt lat="35.324711" lon="139.310416"></trkpt>
      <trkpt lat="35.32476" lon="139.310406"></trkpt>
      <trkpt lat="35.324812" lon="139.310385"></trkpt>
      <trkpt lat="35.324849" lon="139.310366"></trkpt>
      <trkpt lat="35.324886" lon="139.310338"></trkpt>
      <trkpt lat="35.324928" lon="139.310305"></trkpt>
      <trkpt lat="35.325027" lon="139.310181"></trkpt>
      <trkpt lat="35.325159" lon="139.31001"></trkpt>
      <trkpt lat="35.325214" lon="139.30993"></trkpt>
      <trkpt lat="35.325408" lon="139.309677"></trkpt>
      <trkpt lat="35.325519" lon="139.309537"></trkpt>
      <trkpt lat="35.325621" lon="139.309403"></trkpt>
      <trkpt lat="35.325681" lon="139.309332"></trkpt>
      <trkpt lat="35.325785" lon="139.309299"></trkpt>
      <trkpt lat="35.325874" lon="139.309275"></trkpt>
      <trkpt lat="35.32597" lon="139.309289"></trkpt>
      <trkpt lat="35.326066" lon="139.309323"></trkpt>
      <trkpt lat="35.326162" lon="139.309366"></trkpt>
      <trkpt lat="35.326271" lon="139.309422"></trkpt>
      <trkpt lat="35.326377" lon="139.309468"></trkpt>
      <trkpt lat="35.326455" lon="139.309502"></trkpt>
      <trkpt lat="35.326513" lon="139.309517"></trkpt>
      <trkpt lat="35.326562" lon="139.309519"></trkpt>
      <trkpt lat="35.326608" lon="139.309504"></trkpt>
      <trkpt lat="35.326649" lon="139.309471"></trkpt>
      <trkpt lat="35.326727" lon="139.309376"></trkpt>
      <trkpt lat="35.326765" lon="139.309289"></trkpt>
      <trkpt lat="35.326829" lon="139.309067"></trkpt>
      <trkpt lat="35.326857" lon="139.30894"></trkpt>
      <trkpt lat="35.32686" lon="139.308835"></trkpt>
      <trkpt lat="35.326838" lon="139.308766"></trkpt>
      <trkpt lat="35.326805" lon="139.308703"></trkpt>
      <trkpt lat="35.326766" lon="139.308651"></trkpt>
      <trkpt lat="35.326526" lon="139.308407"></trkpt>
      <trkpt lat="35.326471" lon="139.308307"></trkpt>
      <trkpt lat="35.326449" lon="139.308226"></trkpt>
      <trkpt lat="35.326432" lon="139.308135"></trkpt>
      <trkpt lat="35.326447" lon="139.308017"></trkpt>
      <trkpt lat="35.326498" lon="139.307682"></trkpt>
      <trkpt lat="35.326513" lon="139.307619"></trkpt>
      <trkpt lat="35.326537" lon="139.307568"></trkpt>
      <trkpt lat="35.32657" lon="139.307509"></trkpt>
      <trkpt lat="35.326628" lon="139.307404"></trkpt>
      <trkpt lat="35.32683" lon="139.307498"></trkpt>
      <trkpt lat="35.326884" lon="139.307535"></trkpt>
      <trkpt lat="35.326938" lon="139.307588"></trkpt>
      <trkpt lat="35.327018" lon="139.307697"></trkpt>
      <trkpt lat="35.327191" lon="139.30796"></trkpt>
      <trkpt lat="35.327296" lon="139.308063"></trkpt>
      <trkpt lat="35.327424" lon="139.308189"></trkpt>
      <trkpt lat="35.327449" lon="139.308214"></trkpt>
      <trkpt lat="35.327684" lon="139.308396"></trkpt>
      <trkpt lat="35.327953" lon="139.308516"></trkpt>
      <trkpt lat="35.328123" lon="139.308633"></trkpt>
      <trkpt lat="35.328174" lon="139.308687"></trkpt>
      <trkpt lat="35.328224" lon="139.308741"></trkpt>
      <trkpt lat="35.328279" lon="139.308838"></trkpt>
      <trkpt lat="35.328329" lon="139.308983"></trkpt>
      <trkpt lat="35.328349" lon="139.309094"></trkpt>
      <trkpt lat="35.328389" lon="139.309418"></trkpt>
      <trkpt lat="35.328501" lon="139.310074"></trkpt>
      <trkpt lat="35.328545" lon="139.310163"></trkpt>
      <trkpt lat="35.328589" lon="139.310221"></trkpt>
      <trkpt lat="35.328797" lon="139.31044"></trkpt>
      <trkpt lat="35.328509" lon="139.311251"></trkpt>
      <trkpt lat="35.328426" lon="139.311504"></trkpt>
      <trkpt lat="35.328386" lon="139.3131"></trkpt>
      <trkpt lat="35.328358" lon="139.313764"></trkpt>
      <trkpt lat="35.328338" lon="139.313956"></trkpt>
      <trkpt lat="35.32832" lon="139.314137"></trkpt>
      <trkpt lat="35.328286" lon="139.314367"></trkpt>
      <trkpt lat="35.328211" lon="139.314659"></trkpt>
      <trkpt lat="35.328144" lon="139.314859"></trkpt>
      <trkpt lat="35.327684" lon="139.315987"></trkpt>
      <trkpt lat="35.327089" lon="139.317475"></trkpt>
      <trkpt lat="35.327023" lon="139.31774"></trkpt>
      <trkpt lat="35.326942" lon="139.318151"></trkpt>
      <trkpt lat="35.32683" lon="139.318913"></trkpt>
      <trkpt lat="35.326747" lon="139.319483"></trkpt>
      <trkpt lat="35.326637" lon="139.320179"></trkpt>
      <trkpt lat="35.326594" lon="139.320893"></trkpt>
      <trkpt lat="35.32659" lon="139.320962"></trkpt>
      <trkpt lat="35.326578" lon="139.321573"></trkpt>
      <trkpt lat="35.326534" lon="139.322079"></trkpt>
      <trkpt lat="35.326492" lon="139.322523"></trkpt>
      <trkpt lat="35.32648" lon="139.322649"></trkpt>
      <trkpt lat="35.326389" lon="139.323567"></trkpt>
      <trkpt lat="35.326373" lon="139.323806"></trkpt>
      <trkpt lat="35.326374" lon="139.323865"></trkpt>
      <trkpt lat="35.326378" lon="139.324002"></trkpt>
      <trkpt lat="35.326379" lon="139.324047"></trkpt>
      <trkpt lat="35.326401" lon="139.324292"></trkpt>
      <trkpt lat="35.326493" lon="139.324632"></trkpt>
      <trkpt lat="35.326611" lon="139.324956"></trkpt>
      <trkpt lat="35.327149" lon="139.326114"></trkpt>
      <trkpt lat="35.327168" lon="139.326154"></trkpt>
      <trkpt lat="35.327189" lon="139.326223"></trkpt>
      <trkpt lat="35.327108" lon="139.326295"></trkpt>
      <trkpt lat="35.326759" lon="139.326609"></trkpt>
      <trkpt lat="35.326559" lon="139.326805"></trkpt>
      <trkpt lat="35.326102" lon="139.327305"></trkpt>
      <trkpt lat="35.326057" lon="139.327359"></trkpt>
      <trkpt lat="35.325604" lon="139.327851"></trkpt>
      <trkpt lat="35.325097" lon="139.328392"></trkpt>
      <trkpt lat="35.325055" lon="139.328437"></trkpt>
      <trkpt lat="35.324821" lon="139.328686"></trkpt>
      <trkpt lat="35.32431" lon="139.329136"></trkpt>
      <trkpt lat="35.324014" lon="139.329366"></trkpt>
      <trkpt lat="35.323795" lon="139.329478"></trkpt>
      <trkpt lat="35.323714" lon="139.32951"></trkpt>
      <trkpt lat="35.323594" lon="139.329584"></trkpt>
      <trkpt lat="35.323499" lon="139.329644"></trkpt>
      <trkpt lat="35.32309" lon="139.329918"></trkpt>
      <trkpt lat="35.322424" lon="139.330339"></trkpt>
      <trkpt lat="35.322146" lon="139.330459"></trkpt>
      <trkpt lat="35.321453" lon="139.330723"></trkpt>
      <trkpt lat="35.320967" lon="139.330938"></trkpt>
      <trkpt lat="35.320678" lon="139.330992"></trkpt>
      <trkpt lat="35.320479" lon="139.331012"></trkpt>
      <trkpt lat="35.320317" lon="139.331011"></trkpt>
      <trkpt lat="35.320038" lon="139.33098"></trkpt>
      <trkpt lat="35.319798" lon="139.330936"></trkpt>
      <trkpt lat="35.319378" lon="139.330807"></trkpt>
      <trkpt lat="35.319108" lon="139.330726"></trkpt>
      <trkpt lat="35.318961" lon="139.330704"></trkpt>
      <trkpt lat="35.318568" lon="139.330578"></trkpt>
      <trkpt lat="35.317982" lon="139.330411"></trkpt>
      <trkpt lat="35.317894" lon="139.330388"></trkpt>
      <trkpt lat="35.317792" lon="139.33036"></trkpt>
      <trkpt lat="35.317672" lon="139.330353"></trkpt>
      <trkpt lat="35.317637" lon="139.33035"></trkpt>
      <trkpt lat="35.317508" lon="139.330347"></trkpt>
      <trkpt lat="35.317372" lon="139.330374"></trkpt>
      <trkpt lat="35.31725" lon="139.330413"></trkpt>
      <trkpt lat="35.317109" lon="139.330471"></trkpt>
      <trkpt lat="35.316895" lon="139.3306"></trkpt>
      <trkpt lat="35.316824" lon="139.330662"></trkpt>
      <trkpt lat="35.316816" lon="139.33067"></trkpt>
      <trkpt lat="35.316705" lon="139.33077"></trkpt>
      <trkpt lat="35.316607" lon="139.330909"></trkpt>
      <trkpt lat="35.316515" lon="139.331066"></trkpt>
      <trkpt lat="35.31632" lon="139.331524"></trkpt>
      <trkpt lat="35.316302" lon="139.331565"></trkpt>
      <trkpt lat="35.316219" lon="139.33176"></trkpt>
      <trkpt lat="35.316098" lon="139.332044"></trkpt>
      <trkpt lat="35.31602" lon="139.332227"></trkpt>
      <trkpt lat="35.315599" lon="139.333235"></trkpt>
      <trkpt lat="35.315508" lon="139.333454"></trkpt>
      <trkpt lat="35.315401" lon="139.333691"></trkpt>
      <trkpt lat="35.315284" lon="139.333912"></trkpt>
      <trkpt lat="35.315161" lon="139.33407"></trkpt>
      <trkpt lat="35.31506" lon="139.334166"></trkpt>
      <trkpt lat="35.31496" lon="139.334238"></trkpt>
      <trkpt lat="35.314941" lon="139.334247"></trkpt>
      <trkpt lat="35.314844" lon="139.33429"></trkpt>
      <trkpt lat="35.314886" lon="139.334427"></trkpt>
      <trkpt lat="35.314923" lon="139.334583"></trkpt>
      <trkpt lat="35.314947" lon="139.334701"></trkpt>
      <trkpt lat="35.314977" lon="139.334901"></trkpt>
      <trkpt lat="35.314996" lon="139.335108"></trkpt>
      <trkpt lat="35.315002" lon="139.335424"></trkpt>
      <trkpt lat="35.314991" lon="139.335594"></trkpt>
      <trkpt lat="35.314976" lon="139.335844"></trkpt>
      <trkpt lat="35.314858" lon="139.337413"></trkpt>
      <trkpt lat="35.314816" lon="139.337962"></trkpt>
      <trkpt lat="35.314802" lon="139.338359"></trkpt>
      <trkpt lat="35.314795" lon="139.338797"></trkpt>
      <trkpt lat="35.314803" lon="139.33927"></trkpt>
      <trkpt lat="35.314826" lon="139.339674"></trkpt>
      <trkpt lat="35.314862" lon="139.340086"></trkpt>
      <trkpt lat="35.315035" lon="139.341426"></trkpt>
      <trkpt lat="35.315475" lon="139.344855"></trkpt>
      <trkpt lat="35.315587" lon="139.346203"></trkpt>
      <trkpt lat="35.315754" lon="139.348022"></trkpt>
      <trkpt lat="35.315858" lon="139.349251"></trkpt>
      <trkpt lat="35.316009" lon="139.351625"></trkpt>
      <trkpt lat="35.316165" lon="139.354066"></trkpt>
      <trkpt lat="35.316221" lon="139.355333"></trkpt>
      <trkpt lat="35.316277" lon="139.356943"></trkpt>
      <trkpt lat="35.316287" lon="139.357321"></trkpt>
      <trkpt lat="35.3163" lon="139.358002"></trkpt>
      <trkpt lat="35.316315" lon="139.359308"></trkpt>
      <trkpt lat="35.316328" lon="139.359627"></trkpt>
      <trkpt lat="35.316359" lon="139.360068"></trkpt>
      <trkpt lat="35.316394" lon="139.360458"></trkpt>
      <trkpt lat="35.316441" lon="139.360822"></trkpt>
      <trkpt lat="35.316503" lon="139.361108"></trkpt>
      <trkpt lat="35.316589" lon="139.361397"></trkpt>
      <trkpt lat="35.316753" lon="139.361924"></trkpt>
      <trkpt lat="35.316805" lon="139.362088"></trkpt>
      <trkpt lat="35.317074" lon="139.363009"></trkpt>
      <trkpt lat="35.317217" lon="139.363536"></trkpt>
      <trkpt lat="35.317292" lon="139.363997"></trkpt>
      <trkpt lat="35.317408" lon="139.365104"></trkpt>
      <trkpt lat="35.317475" lon="139.365606"></trkpt>
      <trkpt lat="35.317555" lon="139.366063"></trkpt>
      <trkpt lat="35.317624" lon="139.366356"></trkpt>
      <trkpt lat="35.318305" lon="139.368799"></trkpt>
      <trkpt lat="35.319657" lon="139.373604"></trkpt>
      <trkpt lat="35.320054" lon="139.374987"></trkpt>
      <trkpt lat="35.320108" lon="139.375177"></trkpt>
      <trkpt lat="35.320167" lon="139.375406"></trkpt>
      <trkpt lat="35.320256" lon="139.375755"></trkpt>
      <trkpt lat="35.320295" lon="139.375996"></trkpt>
      <trkpt lat="35.320316" lon="139.376205"></trkpt>
      <trkpt lat="35.320328" lon="139.376397"></trkpt>
      <trkpt lat="35.320327" lon="139.376614"></trkpt>
      <trkpt lat="35.320316" lon="139.376783"></trkpt>
      <trkpt lat="35.320305" lon="139.376902"></trkpt>
      <trkpt lat="35.320301" lon="139.376937"></trkpt>
      <trkpt lat="35.320288" lon="139.377041"></trkpt>
      <trkpt lat="35.320264" lon="139.377189"></trkpt>
      <trkpt lat="35.320234" lon="139.37733"></trkpt>
      <trkpt lat="35.320195" lon="139.377487"></trkpt>
      <trkpt lat="35.320146" lon="139.377658"></trkpt>
      <trkpt lat="35.32008" lon="139.37784"></trkpt>
      <trkpt lat="35.319993" lon="139.37804"></trkpt>
      <trkpt lat="35.319849" lon="139.378307"></trkpt>
      <trkpt lat="35.319747" lon="139.378466"></trkpt>
      <trkpt lat="35.319225" lon="139.379222"></trkpt>
      <trkpt lat="35.318573" lon="139.38017"></trkpt>
      <trkpt lat="35.318177" lon="139.380746"></trkpt>
      <trkpt lat="35.318076" lon="139.3809"></trkpt>
      <trkpt lat="35.317833" lon="139.381322"></trkpt>
      <trkpt lat="35.317752" lon="139.381461"></trkpt>
      <trkpt lat="35.317501" lon="139.381991"></trkpt>
      <trkpt lat="35.317451" lon="139.382111"></trkpt>
      <trkpt lat="35.317375" lon="139.382322"></trkpt>
      <trkpt lat="35.317259" lon="139.382672"></trkpt>
      <trkpt lat="35.317186" lon="139.382925"></trkpt>
      <trkpt lat="35.317118" lon="139.383177"></trkpt>
      <trkpt lat="35.317032" lon="139.383589"></trkpt>
      <trkpt lat="35.316998" lon="139.383805"></trkpt>
      <trkpt lat="35.316968" lon="139.384034"></trkpt>
      <trkpt lat="35.316958" lon="139.384138"></trkpt>
      <trkpt lat="35.31693" lon="139.384482"></trkpt>
      <trkpt lat="35.316916" lon="139.384837"></trkpt>
      <trkpt lat="35.316924" lon="139.385299"></trkpt>
      <trkpt lat="35.316947" lon="139.38565"></trkpt>
      <trkpt lat="35.317063" lon="139.38683"></trkpt>
      <trkpt lat="35.317074" lon="139.386942"></trkpt>
      <trkpt lat="35.317087" lon="139.387071"></trkpt>
      <trkpt lat="35.317404" lon="139.390333"></trkpt>
      <trkpt lat="35.317415" lon="139.390435"></trkpt>
      <trkpt lat="35.317428" lon="139.390551"></trkpt>
      <trkpt lat="35.317669" lon="139.392652"></trkpt>
      <trkpt lat="35.317903" lon="139.394435"></trkpt>
      <trkpt lat="35.318133" lon="139.396106"></trkpt>
      <trkpt lat="35.318157" lon="139.396266"></trkpt>
      <trkpt lat="35.318202" lon="139.396513"></trkpt>
      <trkpt lat="35.318418" lon="139.397663"></trkpt>
      <trkpt lat="35.318441" lon="139.397792"></trkpt>
      <trkpt lat="35.318461" lon="139.397907"></trkpt>
      <trkpt lat="35.318535" lon="139.398386"></trkpt>
      <trkpt lat="35.318561" lon="139.398609"></trkpt>
      <trkpt lat="35.318609" lon="139.399273"></trkpt>
      <trkpt lat="35.318617" lon="139.399385"></trkpt>
      <trkpt lat="35.318648" lon="139.400151"></trkpt>
      <trkpt lat="35.318696" lon="139.401419"></trkpt>
      <trkpt lat="35.318701" lon="139.401559"></trkpt>
      <trkpt lat="35.318707" lon="139.401676"></trkpt>
      <trkpt lat="35.318726" lon="139.40245"></trkpt>
      <trkpt lat="35.318753" lon="139.403397"></trkpt>
      <trkpt lat="35.318777" lon="139.406325"></trkpt>
      <trkpt lat="35.318768" lon="139.406729"></trkpt>
      <trkpt lat="35.318755" lon="139.407127"></trkpt>
      <trkpt lat="35.31868" lon="139.408162"></trkpt>
      <trkpt lat="35.318671" lon="139.408286"></trkpt>
      <trkpt lat="35.318484" lon="139.411082"></trkpt>
      <trkpt lat="35.318365" lon="139.41262"></trkpt>
      <trkpt lat="35.318143" lon="139.415284"></trkpt>
      <trkpt lat="35.318086" lon="139.416046"></trkpt>
      <trkpt lat="35.318064" lon="139.416835"></trkpt>
      <trkpt lat="35.318079" lon="139.417315"></trkpt>
      <trkpt lat="35.318121" lon="139.417812"></trkpt>
      <trkpt lat="35.318191" lon="139.418343"></trkpt>
      <trkpt lat="35.318216" lon="139.418488"></trkpt>
      <trkpt lat="35.318239" lon="139.418623"></trkpt>
      <trkpt lat="35.318267" lon="139.418749"></trkpt>
      <trkpt lat="35.318404" lon="139.419367"></trkpt>
      <trkpt lat="35.318678" lon="139.420566"></trkpt>
      <trkpt lat="35.318961" lon="139.421797"></trkpt>
      <trkpt lat="35.319229" lon="139.423067"></trkpt>
      <trkpt lat="35.319355" lon="139.423905"></trkpt>
      <trkpt lat="35.319552" lon="139.425323"></trkpt>
      <trkpt lat="35.319865" lon="139.427692"></trkpt>
      <trkpt lat="35.319906" lon="139.428051"></trkpt>
      <trkpt lat="35.31994" lon="139.428527"></trkpt>
      <trkpt lat="35.319986" lon="139.429685"></trkpt>
      <trkpt lat="35.319993" lon="139.429877"></trkpt>
      <trkpt lat="35.320127" lon="139.432146"></trkpt>
      <trkpt lat="35.320132" lon="139.432228"></trkpt>
      <trkpt lat="35.320138" lon="139.432342"></trkpt>
      <trkpt lat="35.32018" lon="139.433013"></trkpt>
      <trkpt lat="35.320194" lon="139.433232"></trkpt>
      <trkpt lat="35.320219" lon="139.43364"></trkpt>
      <trkpt lat="35.32037" lon="139.436038"></trkpt>
      <trkpt lat="35.320402" lon="139.436426"></trkpt>
      <trkpt lat="35.320448" lon="139.43677"></trkpt>
      <trkpt lat="35.32059" lon="139.437633"></trkpt>
      <trkpt lat="35.320699" lon="139.438454"></trkpt>
      <trkpt lat="35.320766" lon="139.439125"></trkpt>
      <trkpt lat="35.320796" lon="139.43964"></trkpt>
      <trkpt lat="35.320813" lon="139.440181"></trkpt>
      <trkpt lat="35.320822" lon="139.440712"></trkpt>
      <trkpt lat="35.320817" lon="139.441156"></trkpt>
      <trkpt lat="35.320802" lon="139.441644"></trkpt>
      <trkpt lat="35.320763" lon="139.44247"></trkpt>
      <trkpt lat="35.320706" lon="139.443298"></trkpt>
      <trkpt lat="35.320673" lon="139.443694"></trkpt>
      <trkpt lat="35.320627" lon="139.444193"></trkpt>
      <trkpt lat="35.320527" lon="139.445016"></trkpt>
      <trkpt lat="35.320476" lon="139.445415"></trkpt>
      <trkpt lat="35.320409" lon="139.445885"></trkpt>
      <trkpt lat="35.320298" lon="139.446632"></trkpt>
      <trkpt lat="35.320203" lon="139.447256"></trkpt>
      <trkpt lat="35.320043" lon="139.448068"></trkpt>
      <trkpt lat="35.319857" lon="139.448946"></trkpt>
      <trkpt lat="35.319595" lon="139.450023"></trkpt>
      <trkpt lat="35.31955" lon="139.450213"></trkpt>
      <trkpt lat="35.319505" lon="139.450406"></trkpt>
      <trkpt lat="35.31942" lon="139.450819"></trkpt>
      <trkpt lat="35.319395" lon="139.450987"></trkpt>
      <trkpt lat="35.319209" lon="139.452225"></trkpt>
      <trkpt lat="35.319038" lon="139.453363"></trkpt>
      <trkpt lat="35.318874" lon="139.454454"></trkpt>
      <trkpt lat="35.318718" lon="139.455491"></trkpt>
      <trkpt lat="35.318582" lon="139.456386"></trkpt>
      <trkpt lat="35.318436" lon="139.457313"></trkpt>
      <trkpt lat="35.318319" lon="139.458033"></trkpt>
      <trkpt lat="35.318037" lon="139.459714"></trkpt>
      <trkpt lat="35.317802" lon="139.461123"></trkpt>
      <trkpt lat="35.317593" lon="139.462244"></trkpt>
      <trkpt lat="35.317432" lon="139.46315"></trkpt>
      <trkpt lat="35.317279" lon="139.464018"></trkpt>
      <trkpt lat="35.317261" lon="139.464121"></trkpt>
      <trkpt lat="35.317243" lon="139.464234"></trkpt>
      <trkpt lat="35.317028" lon="139.465571"></trkpt>
      <trkpt lat="35.317004" lon="139.465816"></trkpt>
      <trkpt lat="35.316996" lon="139.466048"></trkpt>
      <trkpt lat="35.317005" lon="139.466239"></trkpt>
      <trkpt lat="35.317022" lon="139.466444"></trkpt>
      <trkpt lat="35.317067" lon="139.466701"></trkpt>
      <trkpt lat="35.317103" lon="139.466862"></trkpt>
      <trkpt lat="35.317126" lon="139.466968"></trkpt>
      <trkpt lat="35.317254" lon="139.467541"></trkpt>
      <trkpt lat="35.317278" lon="139.467649"></trkpt>
      <trkpt lat="35.317351" lon="139.467979"></trkpt>
      <trkpt lat="35.317383" lon="139.468141"></trkpt>
      <trkpt lat="35.317401" lon="139.468259"></trkpt>
      <trkpt lat="35.317413" lon="139.468399"></trkpt>
      <trkpt lat="35.317417" lon="139.468559"></trkpt>
      <trkpt lat="35.317413" lon="139.468724"></trkpt>
      <trkpt lat="35.317382" lon="139.469028"></trkpt>
      <trkpt lat="35.317336" lon="139.469349"></trkpt>
      <trkpt lat="35.317313" lon="139.469521"></trkpt>
      <trkpt lat="35.317239" lon="139.470083"></trkpt>
      <trkpt lat="35.317209" lon="139.470307"></trkpt>
      <trkpt lat="35.317159" lon="139.470556"></trkpt>
      <trkpt lat="35.317118" lon="139.470708"></trkpt>
      <trkpt lat="35.317073" lon="139.470841"></trkpt>
      <trkpt lat="35.316994" lon="139.47102"></trkpt>
      <trkpt lat="35.316921" lon="139.471159"></trkpt>
      <trkpt lat="35.316914" lon="139.471173"></trkpt>
      <trkpt lat="35.316713" lon="139.471501"></trkpt>
      <trkpt lat="35.316576" lon="139.471726"></trkpt>
      <trkpt lat="35.316495" lon="139.471858"></trkpt>
      <trkpt lat="35.316253" lon="139.472253"></trkpt>
      <trkpt lat="35.315956" lon="139.472745"></trkpt>
      <trkpt lat="35.315757" lon="139.473065"></trkpt>
      <trkpt lat="35.315271" lon="139.473858"></trkpt>
      <trkpt lat="35.314977" lon="139.474339"></trkpt>
      <trkpt lat="35.314668" lon="139.474845"></trkpt>
      <trkpt lat="35.314346" lon="139.475371"></trkpt>
      <trkpt lat="35.314149" lon="139.475693"></trkpt>
      <trkpt lat="35.313936" lon="139.476042"></trkpt>
      <trkpt lat="35.313882" lon="139.47613"></trkpt>
      <trkpt lat="35.313825" lon="139.476224"></trkpt>
      <trkpt lat="35.313714" lon="139.476405"></trkpt>
      <trkpt lat="35.313511" lon="139.476683"></trkpt>
      <trkpt lat="35.313435" lon="139.476767"></trkpt>
      <trkpt lat="35.313366" lon="139.476848"></trkpt>
      <trkpt lat="35.312973" lon="139.477224"></trkpt>
      <trkpt lat="35.31151" lon="139.478629"></trkpt>
      <trkpt lat="35.31084" lon="139.479319"></trkpt>
      <trkpt lat="35.310619" lon="139.479547"></trkpt>
      <trkpt lat="35.310542" lon="139.479625"></trkpt>
      <trkpt lat="35.310468" lon="139.4797"></trkpt>
      <trkpt lat="35.309765" lon="139.480399"></trkpt>
      <trkpt lat="35.309136" lon="139.481026"></trkpt>
      <trkpt lat="35.308657" lon="139.481502"></trkpt>
      <trkpt lat="35.308549" lon="139.481622"></trkpt>
      <trkpt lat="35.308421" lon="139.481801"></trkpt>
      <trkpt lat="35.308303" lon="139.482004"></trkpt>
      <trkpt lat="35.308234" lon="139.482151"></trkpt>
      <trkpt lat="35.308174" lon="139.4823"></trkpt>
      <trkpt lat="35.308121" lon="139.482454"></trkpt>
      <trkpt lat="35.308039" lon="139.482392"></trkpt>
      <trkpt lat="35.308087" lon="139.482252"></trkpt>
      <trkpt lat="35.308147" lon="139.482104"></trkpt>
      <trkpt lat="35.308148" lon="139.482101"></trkpt>
    </trkseg>
  </trk>
</gpx>