<?xml version="1.0" encoding="UTF-8"?>
<gpx version="1.1" creator="rebuild_routes_brouter.py" xmlns="http://www.topografix.com/GPX/1/1">
<metadata><name>Day 1 rebuilt B (含六郷橋)</name></metadata>
<trk><name>Day 1 rebuilt B (含六郷橋)</name><trkseg>
<trkpt lat="35.698424" lon="139.778495"><ele>15.8</ele></trkpt>
<trkpt lat="35.698410" lon="139.778948"><ele>16.8</ele></trkpt>
<trkpt lat="35.698291" lon="139.778945"><ele>16.2</ele></trkpt>
<trkpt lat="35.698114" lon="139.778940"><ele>15.8</ele></trkpt>
<trkpt lat="35.697941" lon="139.778936"><ele>15.2</ele></trkpt>
<trkpt lat="35.697816" lon="139.778933"><ele>15.0</ele></trkpt>
<trkpt lat="35.697552" lon="139.778930"><ele>14.2</ele></trkpt>
<trkpt lat="35.697550" lon="139.779495"><ele>14.0</ele></trkpt>
<trkpt lat="35.697550" lon="139.779575"><ele>14.0</ele></trkpt>
<trkpt lat="35.697533" lon="139.780000"><ele>14.0</ele></trkpt>
<trkpt lat="35.697530" lon="139.780073"><ele>13.8</ele></trkpt>
<trkpt lat="35.697527" lon="139.780159"><ele>13.5</ele></trkpt>
<trkpt lat="35.697393" lon="139.780138"><ele>14.0</ele></trkpt>
<trkpt lat="35.697151" lon="139.780099"><ele>15.0</ele></trkpt>
<trkpt lat="35.696994" lon="139.780074"><ele>15.5</ele></trkpt>
<trkpt lat="35.696552" lon="139.780041"><ele>17.8</ele></trkpt>
<trkpt lat="35.696503" lon="139.780042"><ele>18.2</ele></trkpt>
<trkpt lat="35.696414" lon="139.780037"><ele>19.0</ele></trkpt>
<trkpt lat="35.696352" lon="139.780034"><ele>19.5</ele></trkpt>
<trkpt lat="35.695959" lon="139.780022"><ele>22.8</ele></trkpt>
<trkpt lat="35.695598" lon="139.780013"><ele>22.8</ele></trkpt>
<trkpt lat="35.695550" lon="139.780012"><ele>22.5</ele></trkpt>
<trkpt lat="35.695427" lon="139.780009"><ele>22.0</ele></trkpt>
<trkpt lat="35.695305" lon="139.780010"><ele>21.2</ele></trkpt>
<trkpt lat="35.695200" lon="139.780008"><ele>20.8</ele></trkpt>
<trkpt lat="35.694826" lon="139.780002"><ele>18.8</ele></trkpt>
<trkpt lat="35.694695" lon="139.780000"><ele>18.0</ele></trkpt>
<trkpt lat="35.694561" lon="139.779990"><ele>17.2</ele></trkpt>
<trkpt lat="35.694460" lon="139.779967"><ele>16.8</ele></trkpt>
<trkpt lat="35.694418" lon="139.779950"><ele>16.5</ele></trkpt>
<trkpt lat="35.694358" lon="139.779913"><ele>16.2</ele></trkpt>
<trkpt lat="35.694289" lon="139.779848"><ele>15.8</ele></trkpt>
<trkpt lat="35.694168" lon="139.779692"><ele>15.0</ele></trkpt>
<trkpt lat="35.693942" lon="139.779375"><ele>15.8</ele></trkpt>
<trkpt lat="35.693908" lon="139.779326"><ele>16.0</ele></trkpt>
<trkpt lat="35.693850" lon="139.779241"><ele>16.2</ele></trkpt>
<trkpt lat="35.693761" lon="139.779110"><ele>17.0</ele></trkpt>
<trkpt lat="35.693545" lon="139.778824"><ele>18.2</ele></trkpt>
<trkpt lat="35.693023" lon="139.778058"><ele>19.0</ele></trkpt>
<trkpt lat="35.692773" lon="139.777495"><ele>20.2</ele></trkpt>
<trkpt lat="35.692733" lon="139.777396"><ele>20.2</ele></trkpt>
<trkpt lat="35.692691" lon="139.777314"><ele>20.2</ele></trkpt>
<trkpt lat="35.692627" lon="139.777186"><ele>20.2</ele></trkpt>
<trkpt lat="35.692570" lon="139.777042"><ele>20.2</ele></trkpt>
<trkpt lat="35.692287" lon="139.776327"><ele>17.8</ele></trkpt>
<trkpt lat="35.692264" lon="139.776267"><ele>17.5</ele></trkpt>
<trkpt lat="35.692240" lon="139.776204"><ele>17.5</ele></trkpt>
<trkpt lat="35.691932" lon="139.775413"><ele>17.5</ele></trkpt>
<trkpt lat="35.691805" lon="139.775052"><ele>19.2</ele></trkpt>
<trkpt lat="35.691771" lon="139.774956"><ele>19.5</ele></trkpt>
<trkpt lat="35.691719" lon="139.774813"><ele>19.2</ele></trkpt>
<trkpt lat="35.691678" lon="139.774669"><ele>18.8</ele></trkpt>
<trkpt lat="35.691636" lon="139.774527"><ele>18.2</ele></trkpt>
<trkpt lat="35.691596" lon="139.774392"><ele>17.8</ele></trkpt>
<trkpt lat="35.691351" lon="139.773554"><ele>19.2</ele></trkpt>
<trkpt lat="35.691329" lon="139.773480"><ele>19.5</ele></trkpt>
<trkpt lat="35.691237" lon="139.773519"><ele>19.8</ele></trkpt>
<trkpt lat="35.691043" lon="139.773601"><ele>20.0</ele></trkpt>
<trkpt lat="35.690988" lon="139.773625"><ele>20.0</ele></trkpt>
<trkpt lat="35.690771" lon="139.773712"><ele>20.2</ele></trkpt>
<trkpt lat="35.690724" lon="139.773731"><ele>20.5</ele></trkpt>
<trkpt lat="35.690677" lon="139.773749"><ele>20.8</ele></trkpt>
<trkpt lat="35.690513" lon="139.773813"><ele>21.2</ele></trkpt>
<trkpt lat="35.690302" lon="139.773906"><ele>22.2</ele></trkpt>
<trkpt lat="35.690257" lon="139.773926"><ele>22.5</ele></trkpt>
<trkpt lat="35.690200" lon="139.773950"><ele>22.8</ele></trkpt>
<trkpt lat="35.689955" lon="139.774053"><ele>23.8</ele></trkpt>
<trkpt lat="35.689875" lon="139.774086"><ele>23.8</ele></trkpt>
<trkpt lat="35.689750" lon="139.774138"><ele>23.5</ele></trkpt>
<trkpt lat="35.689536" lon="139.774228"><ele>23.2</ele></trkpt>
<trkpt lat="35.689174" lon="139.774381"><ele>23.2</ele></trkpt>
<trkpt lat="35.689064" lon="139.774421"><ele>23.2</ele></trkpt>
<trkpt lat="35.688972" lon="139.774454"><ele>23.2</ele></trkpt>
<trkpt lat="35.688684" lon="139.774575"><ele>23.2</ele></trkpt>
<trkpt lat="35.688406" lon="139.774693"><ele>23.5</ele></trkpt>
<trkpt lat="35.688113" lon="139.774816"><ele>22.8</ele></trkpt>
<trkpt lat="35.688073" lon="139.774833"><ele>22.8</ele></trkpt>
<trkpt lat="35.688010" lon="139.774860"><ele>22.5</ele></trkpt>
<trkpt lat="35.687941" lon="139.774889"><ele>22.0</ele></trkpt>
<trkpt lat="35.687601" lon="139.775032"><ele>20.2</ele></trkpt>
<trkpt lat="35.687297" lon="139.775160"><ele>21.0</ele></trkpt>
<trkpt lat="35.686787" lon="139.775377"><ele>24.2</ele></trkpt>
<trkpt lat="35.686729" lon="139.775400"><ele>24.5</ele></trkpt>
<trkpt lat="35.686676" lon="139.775422"><ele>24.8</ele></trkpt>
<trkpt lat="35.686312" lon="139.775571"><ele>25.2</ele></trkpt>
<trkpt lat="35.685914" lon="139.775739"><ele>25.8</ele></trkpt>
<trkpt lat="35.685531" lon="139.775902"><ele>23.5</ele></trkpt>
<trkpt lat="35.685314" lon="139.775996"><ele>21.5</ele></trkpt>
<trkpt lat="35.685265" lon="139.775818"><ele>21.8</ele></trkpt>
<trkpt lat="35.685209" lon="139.775617"><ele>22.8</ele></trkpt>
<trkpt lat="35.685085" lon="139.775175"><ele>25.5</ele></trkpt>
<trkpt lat="35.684939" lon="139.774648"><ele>25.8</ele></trkpt>
<trkpt lat="35.684903" lon="139.774523"><ele>25.2</ele></trkpt>
<trkpt lat="35.684848" lon="139.774545"><ele>25.0</ele></trkpt>
<trkpt lat="35.684813" lon="139.774559"><ele>24.8</ele></trkpt>
<trkpt lat="35.684584" lon="139.774613"><ele>23.8</ele></trkpt>
<trkpt lat="35.684438" lon="139.774648"><ele>22.8</ele></trkpt>
<trkpt lat="35.684267" lon="139.774602"><ele>21.8</ele></trkpt>
<trkpt lat="35.684048" lon="139.774544"><ele>20.5</ele></trkpt>
<trkpt lat="35.683855" lon="139.774490"><ele>19.5</ele></trkpt>
<trkpt lat="35.683743" lon="139.774457"><ele>19.5</ele></trkpt>
<trkpt lat="35.683695" lon="139.774443"><ele>19.2</ele></trkpt>
<trkpt lat="35.683537" lon="139.774362"><ele>18.8</ele></trkpt>
<trkpt lat="35.683475" lon="139.774331"><ele>18.8</ele></trkpt>
<trkpt lat="35.683384" lon="139.774275"><ele>18.5</ele></trkpt>
<trkpt lat="35.683045" lon="139.774068"><ele>21.5</ele></trkpt>
<trkpt lat="35.683021" lon="139.774128"><ele>21.2</ele></trkpt>
<trkpt lat="35.682514" lon="139.775370"><ele>20.5</ele></trkpt>
<trkpt lat="35.682512" lon="139.775430"><ele>20.2</ele></trkpt>
<trkpt lat="35.682402" lon="139.775359"><ele>20.8</ele></trkpt>
<trkpt lat="35.682096" lon="139.775164"><ele>21.2</ele></trkpt>
<trkpt lat="35.682034" lon="139.775123"><ele>21.2</ele></trkpt>
<trkpt lat="35.681932" lon="139.775057"><ele>21.2</ele></trkpt>
<trkpt lat="35.681869" lon="139.775011"><ele>21.2</ele></trkpt>
<trkpt lat="35.681567" lon="139.774822"><ele>20.5</ele></trkpt>
<trkpt lat="35.681495" lon="139.774776"><ele>20.2</ele></trkpt>
<trkpt lat="35.681297" lon="139.774652"><ele>20.0</ele></trkpt>
<trkpt lat="35.681220" lon="139.774604"><ele>20.0</ele></trkpt>
<trkpt lat="35.681091" lon="139.774521"><ele>20.2</ele></trkpt>
<trkpt lat="35.680967" lon="139.774441"><ele>20.5</ele></trkpt>
<trkpt lat="35.680863" lon="139.774379"><ele>20.8</ele></trkpt>
<trkpt lat="35.680830" lon="139.774359"><ele>21.0</ele></trkpt>
<trkpt lat="35.680791" lon="139.774336"><ele>21.2</ele></trkpt>
<trkpt lat="35.680563" lon="139.774199"><ele>23.2</ele></trkpt>
<trkpt lat="35.680236" lon="139.773999"><ele>25.8</ele></trkpt>
<trkpt lat="35.680162" lon="139.773954"><ele>26.2</ele></trkpt>
<trkpt lat="35.680107" lon="139.773920"><ele>26.5</ele></trkpt>
<trkpt lat="35.679780" lon="139.773722"><ele>27.2</ele></trkpt>
<trkpt lat="35.679755" lon="139.773705"><ele>27.2</ele></trkpt>
<trkpt lat="35.679637" lon="139.773633"><ele>27.2</ele></trkpt>
<trkpt lat="35.679431" lon="139.773506"><ele>27.2</ele></trkpt>
<trkpt lat="35.679378" lon="139.773474"><ele>27.0</ele></trkpt>
<trkpt lat="35.679237" lon="139.773388"><ele>27.0</ele></trkpt>
<trkpt lat="35.679096" lon="139.773300"><ele>26.2</ele></trkpt>
<trkpt lat="35.678868" lon="139.773162"><ele>24.2</ele></trkpt>
<trkpt lat="35.678775" lon="139.773098"><ele>23.8</ele></trkpt>
<trkpt lat="35.678648" lon="139.773012"><ele>23.0</ele></trkpt>
<trkpt lat="35.678563" lon="139.772954"><ele>22.8</ele></trkpt>
<trkpt lat="35.678257" lon="139.772773"><ele>22.8</ele></trkpt>
<trkpt lat="35.677868" lon="139.772519"><ele>23.5</ele></trkpt>
<trkpt lat="35.677598" lon="139.772344"><ele>25.0</ele></trkpt>
<trkpt lat="35.677249" lon="139.772135"><ele>25.5</ele></trkpt>
<trkpt lat="35.676828" lon="139.771860"><ele>21.5</ele></trkpt>
<trkpt lat="35.676565" lon="139.771690"><ele>18.8</ele></trkpt>
<trkpt lat="35.676156" lon="139.771442"><ele>21.8</ele></trkpt>
<trkpt lat="35.675754" lon="139.771202"><ele>25.8</ele></trkpt>
<trkpt lat="35.675676" lon="139.771156"><ele>26.5</ele></trkpt>
<trkpt lat="35.675583" lon="139.771100"><ele>27.5</ele></trkpt>
<trkpt lat="35.675533" lon="139.771062"><ele>28.0</ele></trkpt>
<trkpt lat="35.675204" lon="139.770849"><ele>30.0</ele></trkpt>
<trkpt lat="35.674969" lon="139.770706"><ele>29.8</ele></trkpt>
<trkpt lat="35.674849" lon="139.770626"><ele>27.5</ele></trkpt>
<trkpt lat="35.674686" lon="139.770525"><ele>25.0</ele></trkpt>
<trkpt lat="35.674443" lon="139.770379"><ele>21.5</ele></trkpt>
<trkpt lat="35.674124" lon="139.770138"><ele>18.5</ele></trkpt>
<trkpt lat="35.674064" lon="139.770092"><ele>18.8</ele></trkpt>
<trkpt lat="35.674017" lon="139.770053"><ele>18.8</ele></trkpt>
<trkpt lat="35.673509" lon="139.769636"><ele>21.0</ele></trkpt>
<trkpt lat="35.673196" lon="139.769394"><ele>22.0</ele></trkpt>
<trkpt lat="35.672939" lon="139.769197"><ele>23.2</ele></trkpt>
<trkpt lat="35.672892" lon="139.769165"><ele>23.5</ele></trkpt>
<trkpt lat="35.672840" lon="139.769123"><ele>23.5</ele></trkpt>
<trkpt lat="35.672641" lon="139.768960"><ele>23.2</ele></trkpt>
<trkpt lat="35.672176" lon="139.768598"><ele>21.0</ele></trkpt>
<trkpt lat="35.671949" lon="139.768416"><ele>20.5</ele></trkpt>
<trkpt lat="35.671901" lon="139.768378"><ele>20.2</ele></trkpt>
<trkpt lat="35.671851" lon="139.768337"><ele>20.2</ele></trkpt>
<trkpt lat="35.670964" lon="139.767597"><ele>22.2</ele></trkpt>
<trkpt lat="35.670917" lon="139.767558"><ele>22.5</ele></trkpt>
<trkpt lat="35.670862" lon="139.767501"><ele>22.8</ele></trkpt>
<trkpt lat="35.670097" lon="139.766718"><ele>27.2</ele></trkpt>
<trkpt lat="35.670032" lon="139.766651"><ele>27.5</ele></trkpt>
<trkpt lat="35.669821" lon="139.766910"><ele>25.8</ele></trkpt>
<trkpt lat="35.669726" lon="139.767018"><ele>24.8</ele></trkpt>
<trkpt lat="35.669570" lon="139.767182"><ele>23.2</ele></trkpt>
<trkpt lat="35.669457" lon="139.767311"><ele>22.2</ele></trkpt>
<trkpt lat="35.668931" lon="139.767930"><ele>22.2</ele></trkpt>
<trkpt lat="35.668783" lon="139.768094"><ele>22.5</ele></trkpt>
<trkpt lat="35.668625" lon="139.768270"><ele>22.5</ele></trkpt>
<trkpt lat="35.668532" lon="139.768381"><ele>22.2</ele></trkpt>
<trkpt lat="35.668459" lon="139.768278"><ele>22.2</ele></trkpt>
<trkpt lat="35.668400" lon="139.768207"><ele>22.2</ele></trkpt>
<trkpt lat="35.668213" lon="139.767985"><ele>22.8</ele></trkpt>
<trkpt lat="35.667693" lon="139.767364"><ele>21.5</ele></trkpt>
<trkpt lat="35.667628" lon="139.767286"><ele>21.2</ele></trkpt>
<trkpt lat="35.667557" lon="139.767193"><ele>21.0</ele></trkpt>
<trkpt lat="35.667279" lon="139.766831"><ele>21.5</ele></trkpt>
<trkpt lat="35.666972" lon="139.766431"><ele>22.5</ele></trkpt>
<trkpt lat="35.666914" lon="139.766356"><ele>22.5</ele></trkpt>
<trkpt lat="35.666860" lon="139.766284"><ele>22.8</ele></trkpt>
<trkpt lat="35.666218" lon="139.765439"><ele>18.5</ele></trkpt>
<trkpt lat="35.666179" lon="139.765387"><ele>18.2</ele></trkpt>
<trkpt lat="35.666124" lon="139.765315"><ele>17.8</ele></trkpt>
<trkpt lat="35.666063" lon="139.765239"><ele>17.5</ele></trkpt>
<trkpt lat="35.665883" lon="139.765019"><ele>17.0</ele></trkpt>
<trkpt lat="35.665711" lon="139.764806"><ele>15.5</ele></trkpt>
<trkpt lat="35.665693" lon="139.764740"><ele>15.5</ele></trkpt>
<trkpt lat="35.665703" lon="139.764698"><ele>15.8</ele></trkpt>
<trkpt lat="35.666104" lon="139.764208"><ele>17.5</ele></trkpt>
<trkpt lat="35.666323" lon="139.763928"><ele>17.2</ele></trkpt>
<trkpt lat="35.666290" lon="139.763888"><ele>17.5</ele></trkpt>
<trkpt lat="35.666150" lon="139.763719"><ele>18.0</ele></trkpt>
<trkpt lat="35.666012" lon="139.763551"><ele>18.2</ele></trkpt>
<trkpt lat="35.665775" lon="139.763264"><ele>17.5</ele></trkpt>
<trkpt lat="35.665467" lon="139.763409"><ele>16.5</ele></trkpt>
<trkpt lat="35.665013" lon="139.763517"><ele>13.8</ele></trkpt>
<trkpt lat="35.664688" lon="139.763566"><ele>13.2</ele></trkpt>
<trkpt lat="35.664612" lon="139.763577"><ele>13.0</ele></trkpt>
<trkpt lat="35.664210" lon="139.763619"><ele>12.5</ele></trkpt>
<trkpt lat="35.663965" lon="139.763545"><ele>10.5</ele></trkpt>
<trkpt lat="35.663868" lon="139.763588"><ele>9.8</ele></trkpt>
<trkpt lat="35.663781" lon="139.763536"><ele>8.8</ele></trkpt>
<trkpt lat="35.663661" lon="139.763465"><ele>7.2</ele></trkpt>
<trkpt lat="35.663631" lon="139.763448"><ele>6.8</ele></trkpt>
<trkpt lat="35.663536" lon="139.763391"><ele>5.5</ele></trkpt>
<trkpt lat="35.663370" lon="139.763086"><ele>1.5</ele></trkpt>
<trkpt lat="35.663299" lon="139.762996"><ele>1.0</ele></trkpt>
<trkpt lat="35.662638" lon="139.762454"><ele>4.5</ele></trkpt>
<trkpt lat="35.661511" lon="139.761549"><ele>9.8</ele></trkpt>
<trkpt lat="35.660755" lon="139.760957"><ele>9.5</ele></trkpt>
<trkpt lat="35.660794" lon="139.760890"><ele>10.2</ele></trkpt>
<trkpt lat="35.660837" lon="139.760818"><ele>10.8</ele></trkpt>
<trkpt lat="35.660889" lon="139.760730"><ele>9.2</ele></trkpt>
<trkpt lat="35.660958" lon="139.760613"><ele>7.8</ele></trkpt>
<trkpt lat="35.660996" lon="139.760548"><ele>7.0</ele></trkpt>
<trkpt lat="35.660043" lon="139.759771"><ele>-0.5</ele></trkpt>
<trkpt lat="35.659881" lon="139.759636"><ele>0.5</ele></trkpt>
<trkpt lat="35.659667" lon="139.759481"><ele>1.8</ele></trkpt>
<trkpt lat="35.659519" lon="139.759383"><ele>2.5</ele></trkpt>
<trkpt lat="35.659382" lon="139.759312"><ele>3.2</ele></trkpt>
<trkpt lat="35.659272" lon="139.759265"><ele>3.5</ele></trkpt>
<trkpt lat="35.659152" lon="139.759234"><ele>3.8</ele></trkpt>
<trkpt lat="35.659097" lon="139.759233"><ele>4.0</ele></trkpt>
<trkpt lat="35.658914" lon="139.759245"><ele>4.2</ele></trkpt>
<trkpt lat="35.658789" lon="139.759263"><ele>4.5</ele></trkpt>
<trkpt lat="35.658694" lon="139.759305"><ele>4.8</ele></trkpt>
<trkpt lat="35.658568" lon="139.759384"><ele>4.8</ele></trkpt>
<trkpt lat="35.658400" lon="139.759525"><ele>4.8</ele></trkpt>
<trkpt lat="35.658072" lon="139.759781"><ele>5.2</ele></trkpt>
<trkpt lat="35.657939" lon="139.759855"><ele>5.8</ele></trkpt>
<trkpt lat="35.657792" lon="139.759906"><ele>6.0</ele></trkpt>
<trkpt lat="35.657659" lon="139.759930"><ele>6.5</ele></trkpt>
<trkpt lat="35.657553" lon="139.759928"><ele>6.8</ele></trkpt>
<trkpt lat="35.657487" lon="139.759923"><ele>7.2</ele></trkpt>
<trkpt lat="35.657381" lon="139.759915"><ele>7.8</ele></trkpt>
<trkpt lat="35.657316" lon="139.759911"><ele>8.2</ele></trkpt>
<trkpt lat="35.657276" lon="139.759943"><ele>8.2</ele></trkpt>
<trkpt lat="35.656977" lon="139.759955"><ele>10.0</ele></trkpt>
<trkpt lat="35.656693" lon="139.759966"><ele>11.8</ele></trkpt>
<trkpt lat="35.656246" lon="139.759960"><ele>13.0</ele></trkpt>
<trkpt lat="35.656193" lon="139.759955"><ele>13.2</ele></trkpt>
<trkpt lat="35.656146" lon="139.759925"><ele>13.8</ele></trkpt>
<trkpt lat="35.656041" lon="139.759899"><ele>14.2</ele></trkpt>
<trkpt lat="35.655949" lon="139.759870"><ele>14.8</ele></trkpt>
<trkpt lat="35.655944" lon="139.759890"><ele>14.8</ele></trkpt>
<trkpt lat="35.655926" lon="139.759925"><ele>14.5</ele></trkpt>
<trkpt lat="35.655886" lon="139.759946"><ele>14.2</ele></trkpt>
<trkpt lat="35.655824" lon="139.759961"><ele>14.5</ele></trkpt>
<trkpt lat="35.655292" lon="139.759968"><ele>21.2</ele></trkpt>
<trkpt lat="35.653656" lon="139.759931"><ele>25.2</ele></trkpt>
<trkpt lat="35.653616" lon="139.759931"><ele>25.8</ele></trkpt>
<trkpt lat="35.653545" lon="139.759931"><ele>26.5</ele></trkpt>
<trkpt lat="35.653477" lon="139.759932"><ele>27.2</ele></trkpt>
<trkpt lat="35.653242" lon="139.759933"><ele>27.2</ele></trkpt>
<trkpt lat="35.653176" lon="139.759932"><ele>26.2</ele></trkpt>
<trkpt lat="35.653114" lon="139.759933"><ele>25.2</ele></trkpt>
<trkpt lat="35.652747" lon="139.759925"><ele>19.8</ele></trkpt>
<trkpt lat="35.652521" lon="139.759883"><ele>16.2</ele></trkpt>
<trkpt lat="35.652315" lon="139.759782"><ele>14.2</ele></trkpt>
<trkpt lat="35.652214" lon="139.759687"><ele>13.2</ele></trkpt>
<trkpt lat="35.652175" lon="139.759676"><ele>13.0</ele></trkpt>
<trkpt lat="35.652004" lon="139.759590"><ele>11.5</ele></trkpt>
<trkpt lat="35.650264" lon="139.758723"><ele>17.0</ele></trkpt>
<trkpt lat="35.650199" lon="139.758690"><ele>16.8</ele></trkpt>
<trkpt lat="35.650268" lon="139.758442"><ele>17.5</ele></trkpt>
<trkpt lat="35.650294" lon="139.758347"><ele>18.0</ele></trkpt>
<trkpt lat="35.650321" lon="139.758211"><ele>18.5</ele></trkpt>
<trkpt lat="35.650363" lon="139.757886"><ele>19.8</ele></trkpt>
<trkpt lat="35.650376" lon="139.757782"><ele>19.8</ele></trkpt>
<trkpt lat="35.650390" lon="139.757664"><ele>20.2</ele></trkpt>
<trkpt lat="35.650400" lon="139.757587"><ele>20.8</ele></trkpt>
<trkpt lat="35.650480" lon="139.757039"><ele>16.2</ele></trkpt>
<trkpt lat="35.650522" lon="139.756822"><ele>13.8</ele></trkpt>
<trkpt lat="35.650691" lon="139.756318"><ele>10.5</ele></trkpt>
<trkpt lat="35.650713" lon="139.756227"><ele>10.2</ele></trkpt>
<trkpt lat="35.650654" lon="139.756199"><ele>11.0</ele></trkpt>
<trkpt lat="35.649928" lon="139.755839"><ele>18.2</ele></trkpt>
<trkpt lat="35.649847" lon="139.755799"><ele>19.8</ele></trkpt>
<trkpt lat="35.649397" lon="139.755576"><ele>23.8</ele></trkpt>
<trkpt lat="35.649000" lon="139.755382"><ele>19.8</ele></trkpt>
<trkpt lat="35.648938" lon="139.755352"><ele>18.2</ele></trkpt>
<trkpt lat="35.648713" lon="139.755246"><ele>14.5</ele></trkpt>
<trkpt lat="35.648622" lon="139.755204"><ele>13.2</ele></trkpt>
<trkpt lat="35.648514" lon="139.755143"><ele>11.8</ele></trkpt>
<trkpt lat="35.648472" lon="139.755116"><ele>11.2</ele></trkpt>
<trkpt lat="35.648377" lon="139.755051"><ele>10.2</ele></trkpt>
<trkpt lat="35.648300" lon="139.754993"><ele>10.0</ele></trkpt>
<trkpt lat="35.648206" lon="139.754948"><ele>10.8</ele></trkpt>
<trkpt lat="35.648123" lon="139.754908"><ele>11.2</ele></trkpt>
<trkpt lat="35.648082" lon="139.754888"><ele>11.5</ele></trkpt>
<trkpt lat="35.647433" lon="139.754574"><ele>14.0</ele></trkpt>
<trkpt lat="35.647286" lon="139.754507"><ele>13.0</ele></trkpt>
<trkpt lat="35.646344" lon="139.754078"><ele>11.0</ele></trkpt>
<trkpt lat="35.646273" lon="139.754047"><ele>11.0</ele></trkpt>
<trkpt lat="35.646245" lon="139.754035"><ele>11.0</ele></trkpt>
<trkpt lat="35.646111" lon="139.753783"><ele>11.2</ele></trkpt>
<trkpt lat="35.645804" lon="139.753087"><ele>10.5</ele></trkpt>
<trkpt lat="35.645054" lon="139.751389"><ele>6.0</ele></trkpt>
<trkpt lat="35.645017" lon="139.751297"><ele>5.5</ele></trkpt>
<trkpt lat="35.644998" lon="139.751220"><ele>5.2</ele></trkpt>
<trkpt lat="35.644923" lon="139.750800"><ele>4.2</ele></trkpt>
<trkpt lat="35.644851" lon="139.750423"><ele>7.5</ele></trkpt>
<trkpt lat="35.644646" lon="139.749928"><ele>11.0</ele></trkpt>
<trkpt lat="35.644191" lon="139.748854"><ele>10.0</ele></trkpt>
<trkpt lat="35.644143" lon="139.748744"><ele>10.0</ele></trkpt>
<trkpt lat="35.644031" lon="139.748820"><ele>10.2</ele></trkpt>
<trkpt lat="35.643860" lon="139.748934"><ele>10.5</ele></trkpt>
<trkpt lat="35.643712" lon="139.749031"><ele>10.8</ele></trkpt>
<trkpt lat="35.643530" lon="139.749155"><ele>10.8</ele></trkpt>
<trkpt lat="35.643470" lon="139.749194"><ele>11.0</ele></trkpt>
<trkpt lat="35.643408" lon="139.749234"><ele>11.0</ele></trkpt>
<trkpt lat="35.643016" lon="139.749486"><ele>12.8</ele></trkpt>
<trkpt lat="35.642985" lon="139.749416"><ele>13.0</ele></trkpt>
<trkpt lat="35.642570" lon="139.748467"><ele>16.2</ele></trkpt>
<trkpt lat="35.642557" lon="139.748437"><ele>16.2</ele></trkpt>
<trkpt lat="35.642175" lon="139.747566"><ele>13.8</ele></trkpt>
<trkpt lat="35.642138" lon="139.747482"><ele>13.8</ele></trkpt>
<trkpt lat="35.642098" lon="139.747388"><ele>14.2</ele></trkpt>
<trkpt lat="35.642297" lon="139.746782"><ele>15.2</ele></trkpt>
<trkpt lat="35.642343" lon="139.746644"><ele>15.5</ele></trkpt>
<trkpt lat="35.642442" lon="139.746338"><ele>16.0</ele></trkpt>
<trkpt lat="35.642380" lon="139.746306"><ele>16.0</ele></trkpt>
<trkpt lat="35.642232" lon="139.746228"><ele>15.8</ele></trkpt>
<trkpt lat="35.641996" lon="139.746112"><ele>14.8</ele></trkpt>
<trkpt lat="35.641835" lon="139.746038"><ele>13.5</ele></trkpt>
<trkpt lat="35.641748" lon="139.746001"><ele>12.8</ele></trkpt>
<trkpt lat="35.641688" lon="139.745980"><ele>12.2</ele></trkpt>
<trkpt lat="35.640828" lon="139.745710"><ele>8.2</ele></trkpt>
<trkpt lat="35.639876" lon="139.745415"><ele>15.0</ele></trkpt>
<trkpt lat="35.639786" lon="139.745387"><ele>14.5</ele></trkpt>
<trkpt lat="35.639692" lon="139.745359"><ele>13.8</ele></trkpt>
<trkpt lat="35.638621" lon="139.745041"><ele>5.2</ele></trkpt>
<trkpt lat="35.638064" lon="139.744877"><ele>4.2</ele></trkpt>
<trkpt lat="35.637970" lon="139.744850"><ele>4.8</ele></trkpt>
<trkpt lat="35.637433" lon="139.746560"><ele>6.0</ele></trkpt>
<trkpt lat="35.637393" lon="139.746688"><ele>6.5</ele></trkpt>
<trkpt lat="35.637355" lon="139.746769"><ele>7.2</ele></trkpt>
<trkpt lat="35.637282" lon="139.746747"><ele>6.2</ele></trkpt>
<trkpt lat="35.637057" lon="139.746682"><ele>3.8</ele></trkpt>
<trkpt lat="35.636601" lon="139.746535"><ele>2.0</ele></trkpt>
<trkpt lat="35.635510" lon="139.746174"><ele>10.2</ele></trkpt>
<trkpt lat="35.635380" lon="139.746131"><ele>10.5</ele></trkpt>
<trkpt lat="35.635224" lon="139.746083"><ele>11.0</ele></trkpt>
<trkpt lat="35.633223" lon="139.745464"><ele>4.5</ele></trkpt>
<trkpt lat="35.633120" lon="139.745439"><ele>4.0</ele></trkpt>
<trkpt lat="35.632760" lon="139.745388"><ele>2.8</ele></trkpt>
<trkpt lat="35.631978" lon="139.745317"><ele>4.8</ele></trkpt>
<trkpt lat="35.631816" lon="139.745301"><ele>5.8</ele></trkpt>
<trkpt lat="35.631725" lon="139.745292"><ele>6.2</ele></trkpt>
<trkpt lat="35.631612" lon="139.745281"><ele>7.8</ele></trkpt>
<trkpt lat="35.629456" lon="139.745061"><ele>13.8</ele></trkpt>
<trkpt lat="35.629338" lon="139.745049"><ele>12.5</ele></trkpt>
<trkpt lat="35.629260" lon="139.745041"><ele>11.8</ele></trkpt>
<trkpt lat="35.629131" lon="139.745028"><ele>11.0</ele></trkpt>
<trkpt lat="35.629072" lon="139.745022"><ele>11.0</ele></trkpt>
<trkpt lat="35.628962" lon="139.745012"><ele>11.0</ele></trkpt>
<trkpt lat="35.628235" lon="139.744943"><ele>11.2</ele></trkpt>
<trkpt lat="35.628149" lon="139.744935"><ele>11.8</ele></trkpt>
<trkpt lat="35.628072" lon="139.744927"><ele>12.0</ele></trkpt>
<trkpt lat="35.628007" lon="139.744921"><ele>12.2</ele></trkpt>
<trkpt lat="35.627176" lon="139.744842"><ele>16.2</ele></trkpt>
<trkpt lat="35.627108" lon="139.744842"><ele>16.8</ele></trkpt>
<trkpt lat="35.627017" lon="139.744846"><ele>17.5</ele></trkpt>
<trkpt lat="35.625885" lon="139.744980"><ele>12.2</ele></trkpt>
<trkpt lat="35.625390" lon="139.745039"><ele>18.2</ele></trkpt>
<trkpt lat="35.625287" lon="139.745051"><ele>19.5</ele></trkpt>
<trkpt lat="35.625206" lon="139.745060"><ele>20.5</ele></trkpt>
<trkpt lat="35.625104" lon="139.745075"><ele>21.8</ele></trkpt>
<trkpt lat="35.624632" lon="139.745141"><ele>19.5</ele></trkpt>
<trkpt lat="35.624558" lon="139.745152"><ele>18.8</ele></trkpt>
<trkpt lat="35.624530" lon="139.745046"><ele>19.5</ele></trkpt>
<trkpt lat="35.624514" lon="139.744951"><ele>20.0</ele></trkpt>
<trkpt lat="35.624336" lon="139.743848"><ele>17.5</ele></trkpt>
<trkpt lat="35.624321" lon="139.743760"><ele>16.5</ele></trkpt>
<trkpt lat="35.624266" lon="139.743421"><ele>12.2</ele></trkpt>
<trkpt lat="35.624186" lon="139.743257"><ele>11.0</ele></trkpt>
<trkpt lat="35.624086" lon="139.743071"><ele>12.5</ele></trkpt>
<trkpt lat="35.623869" lon="139.742677"><ele>13.8</ele></trkpt>
<trkpt lat="35.623651" lon="139.742273"><ele>12.5</ele></trkpt>
<trkpt lat="35.623102" lon="139.741228"><ele>8.0</ele></trkpt>
<trkpt lat="35.623101" lon="139.741151"><ele>7.8</ele></trkpt>
<trkpt lat="35.622849" lon="139.740668"><ele>7.8</ele></trkpt>
<trkpt lat="35.622813" lon="139.740601"><ele>8.0</ele></trkpt>
<trkpt lat="35.622748" lon="139.740473"><ele>8.8</ele></trkpt>
<trkpt lat="35.622712" lon="139.740355"><ele>9.2</ele></trkpt>
<trkpt lat="35.622470" lon="139.739740"><ele>11.0</ele></trkpt>
<trkpt lat="35.622412" lon="139.739768"><ele>11.2</ele></trkpt>
<trkpt lat="35.622025" lon="139.740063"><ele>11.8</ele></trkpt>
<trkpt lat="35.621621" lon="139.740411"><ele>11.0</ele></trkpt>
<trkpt lat="35.621589" lon="139.740439"><ele>11.0</ele></trkpt>
<trkpt lat="35.621385" lon="139.740615"><ele>11.5</ele></trkpt>
<trkpt lat="35.621171" lon="139.740797"><ele>13.0</ele></trkpt>
<trkpt lat="35.620808" lon="139.741114"><ele>13.8</ele></trkpt>
<trkpt lat="35.620745" lon="139.741174"><ele>13.2</ele></trkpt>
<trkpt lat="35.620451" lon="139.741466"><ele>10.8</ele></trkpt>
<trkpt lat="35.620353" lon="139.741569"><ele>10.0</ele></trkpt>
<trkpt lat="35.620321" lon="139.741615"><ele>9.5</ele></trkpt>
<trkpt lat="35.620250" lon="139.741714"><ele>9.2</ele></trkpt>
<trkpt lat="35.620140" lon="139.741869"><ele>9.0</ele></trkpt>
<trkpt lat="35.620021" lon="139.742037"><ele>9.2</ele></trkpt>
<trkpt lat="35.619818" lon="139.742281"><ele>9.5</ele></trkpt>
<trkpt lat="35.619790" lon="139.742311"><ele>9.5</ele></trkpt>
<trkpt lat="35.619581" lon="139.742550"><ele>9.2</ele></trkpt>
<trkpt lat="35.619237" lon="139.742936"><ele>9.8</ele></trkpt>
<trkpt lat="35.619230" lon="139.742944"><ele>9.8</ele></trkpt>
<trkpt lat="35.618967" lon="139.743246"><ele>11.2</ele></trkpt>
<trkpt lat="35.618824" lon="139.743421"><ele>11.2</ele></trkpt>
<trkpt lat="35.618783" lon="139.743469"><ele>11.2</ele></trkpt>
<trkpt lat="35.618679" lon="139.743563"><ele>11.2</ele></trkpt>
<trkpt lat="35.618438" lon="139.743754"><ele>11.5</ele></trkpt>
<trkpt lat="35.618351" lon="139.743814"><ele>11.8</ele></trkpt>
<trkpt lat="35.618316" lon="139.743838"><ele>11.5</ele></trkpt>
<trkpt lat="35.618239" lon="139.743888"><ele>11.2</ele></trkpt>
<trkpt lat="35.618200" lon="139.743913"><ele>11.0</ele></trkpt>
<trkpt lat="35.618141" lon="139.743953"><ele>10.5</ele></trkpt>
<trkpt lat="35.618058" lon="139.744003"><ele>10.2</ele></trkpt>
<trkpt lat="35.618006" lon="139.744032"><ele>10.0</ele></trkpt>
<trkpt lat="35.617721" lon="139.744204"><ele>8.5</ele></trkpt>
<trkpt lat="35.617710" lon="139.744210"><ele>8.5</ele></trkpt>
<trkpt lat="35.617211" lon="139.744491"><ele>8.2</ele></trkpt>
<trkpt lat="35.617123" lon="139.744521"><ele>8.2</ele></trkpt>
<trkpt lat="35.617078" lon="139.744526"><ele>8.5</ele></trkpt>
<trkpt lat="35.617055" lon="139.744527"><ele>8.5</ele></trkpt>
<trkpt lat="35.616786" lon="139.744506"><ele>9.2</ele></trkpt>
<trkpt lat="35.616757" lon="139.744502"><ele>9.2</ele></trkpt>
<trkpt lat="35.616663" lon="139.744482"><ele>9.5</ele></trkpt>
<trkpt lat="35.616127" lon="139.744368"><ele>8.2</ele></trkpt>
<trkpt lat="35.615875" lon="139.744311"><ele>7.8</ele></trkpt>
<trkpt lat="35.615850" lon="139.744305"><ele>7.8</ele></trkpt>
<trkpt lat="35.615814" lon="139.744298"><ele>7.8</ele></trkpt>
<trkpt lat="35.615526" lon="139.744243"><ele>8.5</ele></trkpt>
<trkpt lat="35.615431" lon="139.744223"><ele>8.8</ele></trkpt>
<trkpt lat="35.615314" lon="139.744198"><ele>9.0</ele></trkpt>
<trkpt lat="35.614754" lon="139.744101"><ele>9.8</ele></trkpt>
<trkpt lat="35.614716" lon="139.744095"><ele>9.8</ele></trkpt>
<trkpt lat="35.614666" lon="139.744096"><ele>9.8</ele></trkpt>
<trkpt lat="35.614621" lon="139.744097"><ele>9.8</ele></trkpt>
<trkpt lat="35.614215" lon="139.744084"><ele>9.8</ele></trkpt>
<trkpt lat="35.613447" lon="139.744061"><ele>7.2</ele></trkpt>
<trkpt lat="35.613414" lon="139.744061"><ele>7.2</ele></trkpt>
<trkpt lat="35.613275" lon="139.744059"><ele>7.0</ele></trkpt>
<trkpt lat="35.613011" lon="139.744062"><ele>8.2</ele></trkpt>
<trkpt lat="35.612925" lon="139.744083"><ele>8.5</ele></trkpt>
<trkpt lat="35.612788" lon="139.744126"><ele>9.0</ele></trkpt>
<trkpt lat="35.612689" lon="139.744156"><ele>9.2</ele></trkpt>
<trkpt lat="35.612305" lon="139.744158"><ele>9.5</ele></trkpt>
<trkpt lat="35.611987" lon="139.744148"><ele>8.8</ele></trkpt>
<trkpt lat="35.611929" lon="139.744146"><ele>8.5</ele></trkpt>
<trkpt lat="35.611570" lon="139.744152"><ele>8.2</ele></trkpt>
<trkpt lat="35.611194" lon="139.744151"><ele>9.5</ele></trkpt>
<trkpt lat="35.610814" lon="139.744142"><ele>11.0</ele></trkpt>
<trkpt lat="35.610756" lon="139.744140"><ele>10.8</ele></trkpt>
<trkpt lat="35.610649" lon="139.744147"><ele>10.8</ele></trkpt>
<trkpt lat="35.610561" lon="139.744153"><ele>10.5</ele></trkpt>
<trkpt lat="35.610080" lon="139.744196"><ele>10.0</ele></trkpt>
<trkpt lat="35.609538" lon="139.744270"><ele>8.8</ele></trkpt>
<trkpt lat="35.609489" lon="139.744270"><ele>8.5</ele></trkpt>
<trkpt lat="35.609230" lon="139.744271"><ele>8.0</ele></trkpt>
<trkpt lat="35.609202" lon="139.744271"><ele>8.0</ele></trkpt>
<trkpt lat="35.609048" lon="139.744268"><ele>7.8</ele></trkpt>
<trkpt lat="35.608916" lon="139.744256"><ele>7.5</ele></trkpt>
<trkpt lat="35.608892" lon="139.744254"><ele>7.5</ele></trkpt>
<trkpt lat="35.608665" lon="139.744236"><ele>7.2</ele></trkpt>
<trkpt lat="35.607481" lon="139.744106"><ele>6.2</ele></trkpt>
<trkpt lat="35.606927" lon="139.744036"><ele>7.0</ele></trkpt>
<trkpt lat="35.606879" lon="139.744030"><ele>7.0</ele></trkpt>
<trkpt lat="35.606820" lon="139.744026"><ele>7.0</ele></trkpt>
<trkpt lat="35.606754" lon="139.744015"><ele>7.0</ele></trkpt>
<trkpt lat="35.606483" lon="139.743974"><ele>7.2</ele></trkpt>
<trkpt lat="35.606243" lon="139.743908"><ele>7.5</ele></trkpt>
<trkpt lat="35.606142" lon="139.743882"><ele>7.8</ele></trkpt>
<trkpt lat="35.606094" lon="139.743861"><ele>7.8</ele></trkpt>
<trkpt lat="35.605674" lon="139.743560"><ele>7.2</ele></trkpt>
<trkpt lat="35.605573" lon="139.743492"><ele>7.0</ele></trkpt>
<trkpt lat="35.605204" lon="139.743297"><ele>5.8</ele></trkpt>
<trkpt lat="35.604763" lon="139.743092"><ele>5.2</ele></trkpt>
<trkpt lat="35.604737" lon="139.743080"><ele>5.2</ele></trkpt>
<trkpt lat="35.604721" lon="139.743074"><ele>5.2</ele></trkpt>
<trkpt lat="35.604470" lon="139.742958"><ele>5.5</ele></trkpt>
<trkpt lat="35.603771" lon="139.742625"><ele>4.5</ele></trkpt>
<trkpt lat="35.603716" lon="139.742598"><ele>4.5</ele></trkpt>
<trkpt lat="35.603375" lon="139.742424"><ele>4.2</ele></trkpt>
<trkpt lat="35.603044" lon="139.742254"><ele>5.0</ele></trkpt>
<trkpt lat="35.603016" lon="139.742239"><ele>5.0</ele></trkpt>
<trkpt lat="35.602967" lon="139.742217"><ele>5.0</ele></trkpt>
<trkpt lat="35.602926" lon="139.742195"><ele>5.0</ele></trkpt>
<trkpt lat="35.601893" lon="139.741639"><ele>5.0</ele></trkpt>
<trkpt lat="35.601439" lon="139.741394"><ele>5.2</ele></trkpt>
<trkpt lat="35.601280" lon="139.741321"><ele>5.5</ele></trkpt>
<trkpt lat="35.601112" lon="139.741256"><ele>6.0</ele></trkpt>
<trkpt lat="35.600910" lon="139.741243"><ele>6.2</ele></trkpt>
<trkpt lat="35.600874" lon="139.741245"><ele>6.2</ele></trkpt>
<trkpt lat="35.600811" lon="139.741253"><ele>6.5</ele></trkpt>
<trkpt lat="35.600690" lon="139.741259"><ele>7.0</ele></trkpt>
<trkpt lat="35.600562" lon="139.741243"><ele>7.2</ele></trkpt>
<trkpt lat="35.600373" lon="139.741167"><ele>8.0</ele></trkpt>
<trkpt lat="35.600337" lon="139.741152"><ele>8.2</ele></trkpt>
<trkpt lat="35.599931" lon="139.741007"><ele>9.5</ele></trkpt>
<trkpt lat="35.599920" lon="139.741003"><ele>9.5</ele></trkpt>
<trkpt lat="35.599166" lon="139.740754"><ele>6.5</ele></trkpt>
<trkpt lat="35.599066" lon="139.740704"><ele>6.5</ele></trkpt>
<trkpt lat="35.598869" lon="139.740614"><ele>6.2</ele></trkpt>
<trkpt lat="35.598521" lon="139.740461"><ele>6.5</ele></trkpt>
<trkpt lat="35.598272" lon="139.740340"><ele>7.0</ele></trkpt>
<trkpt lat="35.597903" lon="139.740089"><ele>7.5</ele></trkpt>
<trkpt lat="35.597757" lon="139.739989"><ele>7.8</ele></trkpt>
<trkpt lat="35.597489" lon="139.739796"><ele>7.5</ele></trkpt>
<trkpt lat="35.597331" lon="139.739684"><ele>7.2</ele></trkpt>
<trkpt lat="35.597306" lon="139.739669"><ele>7.2</ele></trkpt>
<trkpt lat="35.597216" lon="139.739614"><ele>7.0</ele></trkpt>
<trkpt lat="35.597129" lon="139.739567"><ele>6.8</ele></trkpt>
<trkpt lat="35.597104" lon="139.739553"><ele>6.5</ele></trkpt>
<trkpt lat="35.596806" lon="139.739483"><ele>6.0</ele></trkpt>
<trkpt lat="35.596610" lon="139.739436"><ele>5.8</ele></trkpt>
<trkpt lat="35.596560" lon="139.739424"><ele>5.8</ele></trkpt>
<trkpt lat="35.596506" lon="139.739406"><ele>5.8</ele></trkpt>
<trkpt lat="35.596441" lon="139.739382"><ele>6.0</ele></trkpt>
<trkpt lat="35.596275" lon="139.739317"><ele>6.0</ele></trkpt>
<trkpt lat="35.595972" lon="139.739204"><ele>6.0</ele></trkpt>
<trkpt lat="35.595910" lon="139.739181"><ele>6.0</ele></trkpt>
<trkpt lat="35.595834" lon="139.739152"><ele>5.8</ele></trkpt>
<trkpt lat="35.595523" lon="139.739026"><ele>6.8</ele></trkpt>
<trkpt lat="35.595352" lon="139.738919"><ele>7.0</ele></trkpt>
<trkpt lat="35.595275" lon="139.738870"><ele>7.0</ele></trkpt>
<trkpt lat="35.595115" lon="139.738777"><ele>7.2</ele></trkpt>
<trkpt lat="35.594679" lon="139.738496"><ele>6.2</ele></trkpt>
<trkpt lat="35.594256" lon="139.738231"><ele>5.8</ele></trkpt>
<trkpt lat="35.594168" lon="139.738179"><ele>5.8</ele></trkpt>
<trkpt lat="35.593935" lon="139.738044"><ele>5.8</ele></trkpt>
<trkpt lat="35.593682" lon="139.737874"><ele>5.5</ele></trkpt>
<trkpt lat="35.593613" lon="139.737825"><ele>5.5</ele></trkpt>
<trkpt lat="35.593560" lon="139.737778"><ele>5.5</ele></trkpt>
<trkpt lat="35.593481" lon="139.737717"><ele>5.2</ele></trkpt>
<trkpt lat="35.593226" lon="139.737493"><ele>5.8</ele></trkpt>
<trkpt lat="35.592993" lon="139.737341"><ele>7.8</ele></trkpt>
<trkpt lat="35.592594" lon="139.737091"><ele>10.8</ele></trkpt>
<trkpt lat="35.592609" lon="139.737040"><ele>10.8</ele></trkpt>
<trkpt lat="35.592619" lon="139.737005"><ele>10.8</ele></trkpt>
<trkpt lat="35.592707" lon="139.736712"><ele>10.8</ele></trkpt>
<trkpt lat="35.592720" lon="139.736667"><ele>10.8</ele></trkpt>
<trkpt lat="35.592741" lon="139.736595"><ele>10.8</ele></trkpt>
<trkpt lat="35.592637" lon="139.736578"><ele>11.5</ele></trkpt>
<trkpt lat="35.592587" lon="139.736370"><ele>12.2</ele></trkpt>
<trkpt lat="35.592572" lon="139.736271"><ele>12.5</ele></trkpt>
<trkpt lat="35.592587" lon="139.736011"><ele>13.0</ele></trkpt>
<trkpt lat="35.592480" lon="139.735990"><ele>13.5</ele></trkpt>
<trkpt lat="35.592439" lon="139.735982"><ele>13.2</ele></trkpt>
<trkpt lat="35.592136" lon="139.735924"><ele>12.0</ele></trkpt>
<trkpt lat="35.591444" lon="139.735788"><ele>8.5</ele></trkpt>
<trkpt lat="35.591390" lon="139.735778"><ele>8.0</ele></trkpt>
<trkpt lat="35.591315" lon="139.735765"><ele>7.5</ele></trkpt>
<trkpt lat="35.590865" lon="139.735690"><ele>5.2</ele></trkpt>
<trkpt lat="35.590426" lon="139.735631"><ele>8.5</ele></trkpt>
<trkpt lat="35.590220" lon="139.735605"><ele>10.2</ele></trkpt>
<trkpt lat="35.590162" lon="139.735597"><ele>10.8</ele></trkpt>
<trkpt lat="35.590065" lon="139.735584"><ele>11.8</ele></trkpt>
<trkpt lat="35.589997" lon="139.735509"><ele>12.2</ele></trkpt>
<trkpt lat="35.589972" lon="139.735484"><ele>12.5</ele></trkpt>
<trkpt lat="35.589905" lon="139.735465"><ele>13.0</ele></trkpt>
<trkpt lat="35.589752" lon="139.735328"><ele>14.0</ele></trkpt>
<trkpt lat="35.589681" lon="139.735265"><ele>14.2</ele></trkpt>
<trkpt lat="35.589635" lon="139.735237"><ele>14.5</ele></trkpt>
<trkpt lat="35.589396" lon="139.735163"><ele>15.8</ele></trkpt>
<trkpt lat="35.589344" lon="139.735154"><ele>16.2</ele></trkpt>
<trkpt lat="35.588868" lon="139.735033"><ele>15.8</ele></trkpt>
<trkpt lat="35.588501" lon="139.734933"><ele>14.2</ele></trkpt>
<trkpt lat="35.588438" lon="139.734916"><ele>14.0</ele></trkpt>
<trkpt lat="35.588199" lon="139.734836"><ele>14.0</ele></trkpt>
<trkpt lat="35.588003" lon="139.734768"><ele>14.5</ele></trkpt>
<trkpt lat="35.587605" lon="139.734659"><ele>15.2</ele></trkpt>
<trkpt lat="35.587390" lon="139.734596"><ele>15.5</ele></trkpt>
<trkpt lat="35.587325" lon="139.734574"><ele>15.5</ele></trkpt>
<trkpt lat="35.587262" lon="139.734547"><ele>15.2</ele></trkpt>
<trkpt lat="35.587269" lon="139.734415"><ele>14.8</ele></trkpt>
<trkpt lat="35.587323" lon="139.733442"><ele>18.5</ele></trkpt>
<trkpt lat="35.587330" lon="139.733285"><ele>19.5</ele></trkpt>
<trkpt lat="35.587327" lon="139.733088"><ele>20.2</ele></trkpt>
<trkpt lat="35.587304" lon="139.732483"><ele>22.2</ele></trkpt>
<trkpt lat="35.587308" lon="139.732419"><ele>22.2</ele></trkpt>
<trkpt lat="35.587256" lon="139.732401"><ele>22.5</ele></trkpt>
<trkpt lat="35.587214" lon="139.732383"><ele>22.8</ele></trkpt>
<trkpt lat="35.587161" lon="139.732310"><ele>23.0</ele></trkpt>
<trkpt lat="35.587120" lon="139.732284"><ele>23.2</ele></trkpt>
<trkpt lat="35.586998" lon="139.732208"><ele>23.5</ele></trkpt>
<trkpt lat="35.586971" lon="139.732191"><ele>23.5</ele></trkpt>
<trkpt lat="35.586905" lon="139.732154"><ele>23.5</ele></trkpt>
<trkpt lat="35.586852" lon="139.732125"><ele>23.8</ele></trkpt>
<trkpt lat="35.586688" lon="139.732035"><ele>23.5</ele></trkpt>
<trkpt lat="35.586636" lon="139.732030"><ele>23.5</ele></trkpt>
<trkpt lat="35.586530" lon="139.731971"><ele>22.8</ele></trkpt>
<trkpt lat="35.586487" lon="139.731921"><ele>22.5</ele></trkpt>
<trkpt lat="35.586323" lon="139.731829"><ele>22.0</ele></trkpt>
<trkpt lat="35.586125" lon="139.731718"><ele>22.0</ele></trkpt>
<trkpt lat="35.585772" lon="139.731520"><ele>20.8</ele></trkpt>
<trkpt lat="35.585742" lon="139.731491"><ele>20.2</ele></trkpt>
<trkpt lat="35.585736" lon="139.731485"><ele>20.0</ele></trkpt>
<trkpt lat="35.585672" lon="139.731449"><ele>19.2</ele></trkpt>
<trkpt lat="35.585628" lon="139.731423"><ele>18.5</ele></trkpt>
<trkpt lat="35.585605" lon="139.731417"><ele>18.2</ele></trkpt>
<trkpt lat="35.585574" lon="139.731409"><ele>18.0</ele></trkpt>
<trkpt lat="35.585242" lon="139.731223"><ele>14.5</ele></trkpt>
<trkpt lat="35.585176" lon="139.731186"><ele>14.2</ele></trkpt>
<trkpt lat="35.585181" lon="139.731130"><ele>14.2</ele></trkpt>
<trkpt lat="35.585185" lon="139.731090"><ele>14.2</ele></trkpt>
<trkpt lat="35.584924" lon="139.730941"><ele>13.2</ele></trkpt>
<trkpt lat="35.584751" lon="139.730843"><ele>13.0</ele></trkpt>
<trkpt lat="35.584619" lon="139.730767"><ele>12.5</ele></trkpt>
<trkpt lat="35.584528" lon="139.730718"><ele>12.2</ele></trkpt>
<trkpt lat="35.584278" lon="139.730579"><ele>11.8</ele></trkpt>
<trkpt lat="35.584222" lon="139.730548"><ele>11.8</ele></trkpt>
<trkpt lat="35.584194" lon="139.730532"><ele>11.8</ele></trkpt>
<trkpt lat="35.583995" lon="139.730421"><ele>11.2</ele></trkpt>
<trkpt lat="35.583941" lon="139.730391"><ele>11.2</ele></trkpt>
<trkpt lat="35.583808" lon="139.730319"><ele>11.0</ele></trkpt>
<trkpt lat="35.583759" lon="139.730291"><ele>10.8</ele></trkpt>
<trkpt lat="35.583671" lon="139.730240"><ele>10.8</ele></trkpt>
<trkpt lat="35.583577" lon="139.730188"><ele>10.8</ele></trkpt>
<trkpt lat="35.583421" lon="139.730102"><ele>10.5</ele></trkpt>
<trkpt lat="35.583366" lon="139.730071"><ele>10.5</ele></trkpt>
<trkpt lat="35.583229" lon="139.729994"><ele>10.2</ele></trkpt>
<trkpt lat="35.582950" lon="139.729840"><ele>8.5</ele></trkpt>
<trkpt lat="35.582908" lon="139.729949"><ele>8.8</ele></trkpt>
<trkpt lat="35.582898" lon="139.729975"><ele>8.8</ele></trkpt>
<trkpt lat="35.582847" lon="139.730106"><ele>8.0</ele></trkpt>
<trkpt lat="35.582820" lon="139.730262"><ele>7.2</ele></trkpt>
<trkpt lat="35.582794" lon="139.730455"><ele>6.5</ele></trkpt>
<trkpt lat="35.582790" lon="139.730495"><ele>6.2</ele></trkpt>
<trkpt lat="35.582743" lon="139.730820"><ele>4.8</ele></trkpt>
<trkpt lat="35.582729" lon="139.730942"><ele>4.8</ele></trkpt>
<trkpt lat="35.582720" lon="139.731011"><ele>4.5</ele></trkpt>
<trkpt lat="35.582697" lon="139.731207"><ele>4.2</ele></trkpt>
<trkpt lat="35.582693" lon="139.731245"><ele>4.2</ele></trkpt>
<trkpt lat="35.582322" lon="139.731401"><ele>4.2</ele></trkpt>
<trkpt lat="35.582106" lon="139.731491"><ele>4.8</ele></trkpt>
<trkpt lat="35.581977" lon="139.731537"><ele>5.0</ele></trkpt>
<trkpt lat="35.581524" lon="139.731536"><ele>6.2</ele></trkpt>
<trkpt lat="35.580851" lon="139.731525"><ele>8.2</ele></trkpt>
<trkpt lat="35.580808" lon="139.731517"><ele>8.2</ele></trkpt>
<trkpt lat="35.580613" lon="139.731475"><ele>8.5</ele></trkpt>
<trkpt lat="35.580593" lon="139.731468"><ele>8.5</ele></trkpt>
<trkpt lat="35.580203" lon="139.731389"><ele>8.5</ele></trkpt>
<trkpt lat="35.580166" lon="139.731382"><ele>8.5</ele></trkpt>
<trkpt lat="35.580137" lon="139.731375"><ele>8.2</ele></trkpt>
<trkpt lat="35.579964" lon="139.731334"><ele>8.2</ele></trkpt>
<trkpt lat="35.579352" lon="139.731181"><ele>7.8</ele></trkpt>
<trkpt lat="35.579315" lon="139.731170"><ele>7.8</ele></trkpt>
<trkpt lat="35.578720" lon="139.731031"><ele>8.0</ele></trkpt>
<trkpt lat="35.578691" lon="139.731023"><ele>8.0</ele></trkpt>
<trkpt lat="35.578633" lon="139.731008"><ele>8.2</ele></trkpt>
<trkpt lat="35.578565" lon="139.730987"><ele>8.2</ele></trkpt>
<trkpt lat="35.578507" lon="139.730972"><ele>8.5</ele></trkpt>
<trkpt lat="35.578475" lon="139.730964"><ele>8.5</ele></trkpt>
<trkpt lat="35.577852" lon="139.730821"><ele>8.8</ele></trkpt>
<trkpt lat="35.577422" lon="139.730833"><ele>8.8</ele></trkpt>
<trkpt lat="35.577028" lon="139.730850"><ele>8.2</ele></trkpt>
<trkpt lat="35.576982" lon="139.730852"><ele>8.2</ele></trkpt>
<trkpt lat="35.576950" lon="139.730853"><ele>8.2</ele></trkpt>
<trkpt lat="35.576354" lon="139.730884"><ele>7.8</ele></trkpt>
<trkpt lat="35.576015" lon="139.730901"><ele>7.8</ele></trkpt>
<trkpt lat="35.575974" lon="139.730903"><ele>7.8</ele></trkpt>
<trkpt lat="35.575943" lon="139.730904"><ele>7.8</ele></trkpt>
<trkpt lat="35.575920" lon="139.730906"><ele>7.8</ele></trkpt>
<trkpt lat="35.575473" lon="139.730929"><ele>7.5</ele></trkpt>
<trkpt lat="35.575277" lon="139.730940"><ele>7.2</ele></trkpt>
<trkpt lat="35.575249" lon="139.730941"><ele>7.2</ele></trkpt>
<trkpt lat="35.575104" lon="139.730941"><ele>7.0</ele></trkpt>
<trkpt lat="35.574791" lon="139.730941"><ele>6.5</ele></trkpt>
<trkpt lat="35.574278" lon="139.730932"><ele>5.8</ele></trkpt>
<trkpt lat="35.574238" lon="139.730931"><ele>5.8</ele></trkpt>
<trkpt lat="35.574209" lon="139.730931"><ele>5.5</ele></trkpt>
<trkpt lat="35.573820" lon="139.730924"><ele>6.0</ele></trkpt>
<trkpt lat="35.573391" lon="139.730916"><ele>6.8</ele></trkpt>
<trkpt lat="35.573358" lon="139.730915"><ele>6.8</ele></trkpt>
<trkpt lat="35.573039" lon="139.730909"><ele>6.5</ele></trkpt>
<trkpt lat="35.572720" lon="139.730904"><ele>6.0</ele></trkpt>
<trkpt lat="35.572458" lon="139.730913"><ele>5.8</ele></trkpt>
<trkpt lat="35.572121" lon="139.730924"><ele>5.8</ele></trkpt>
<trkpt lat="35.572113" lon="139.731157"><ele>6.2</ele></trkpt>
<trkpt lat="35.572071" lon="139.731591"><ele>7.8</ele></trkpt>
<trkpt lat="35.572052" lon="139.731653"><ele>8.0</ele></trkpt>
<trkpt lat="35.572028" lon="139.731718"><ele>8.2</ele></trkpt>
<trkpt lat="35.571852" lon="139.732189"><ele>9.2</ele></trkpt>
<trkpt lat="35.571822" lon="139.732280"><ele>9.2</ele></trkpt>
<trkpt lat="35.571809" lon="139.732321"><ele>9.2</ele></trkpt>
<trkpt lat="35.571740" lon="139.732411"><ele>9.5</ele></trkpt>
<trkpt lat="35.571674" lon="139.732500"><ele>9.8</ele></trkpt>
<trkpt lat="35.571636" lon="139.732556"><ele>10.0</ele></trkpt>
<trkpt lat="35.571600" lon="139.732601"><ele>10.2</ele></trkpt>
<trkpt lat="35.571573" lon="139.732659"><ele>10.2</ele></trkpt>
<trkpt lat="35.571475" lon="139.732862"><ele>10.8</ele></trkpt>
<trkpt lat="35.571433" lon="139.732863"><ele>10.5</ele></trkpt>
<trkpt lat="35.571393" lon="139.732865"><ele>10.5</ele></trkpt>
<trkpt lat="35.570946" lon="139.732875"><ele>9.2</ele></trkpt>
<trkpt lat="35.570592" lon="139.732884"><ele>9.2</ele></trkpt>
<trkpt lat="35.570535" lon="139.732885"><ele>9.2</ele></trkpt>
<trkpt lat="35.570501" lon="139.732886"><ele>9.2</ele></trkpt>
<trkpt lat="35.570118" lon="139.732893"><ele>9.8</ele></trkpt>
<trkpt lat="35.570065" lon="139.732894"><ele>9.8</ele></trkpt>
<trkpt lat="35.570011" lon="139.732895"><ele>10.0</ele></trkpt>
<trkpt lat="35.569944" lon="139.732896"><ele>9.8</ele></trkpt>
<trkpt lat="35.569675" lon="139.732902"><ele>8.5</ele></trkpt>
<trkpt lat="35.569164" lon="139.732912"><ele>6.5</ele></trkpt>
<trkpt lat="35.569122" lon="139.732913"><ele>6.2</ele></trkpt>
<trkpt lat="35.568715" lon="139.732918"><ele>4.8</ele></trkpt>
<trkpt lat="35.568668" lon="139.732919"><ele>4.5</ele></trkpt>
<trkpt lat="35.568617" lon="139.732919"><ele>4.5</ele></trkpt>
<trkpt lat="35.568568" lon="139.732920"><ele>4.2</ele></trkpt>
<trkpt lat="35.568505" lon="139.732921"><ele>4.0</ele></trkpt>
<trkpt lat="35.568063" lon="139.732930"><ele>4.0</ele></trkpt>
<trkpt lat="35.567800" lon="139.732935"><ele>4.5</ele></trkpt>
<trkpt lat="35.567439" lon="139.732935"><ele>5.5</ele></trkpt>
<trkpt lat="35.567388" lon="139.732934"><ele>5.5</ele></trkpt>
<trkpt lat="35.567342" lon="139.732932"><ele>5.5</ele></trkpt>
<trkpt lat="35.567290" lon="139.732931"><ele>5.8</ele></trkpt>
<trkpt lat="35.566950" lon="139.732882"><ele>6.5</ele></trkpt>
<trkpt lat="35.566844" lon="139.732878"><ele>6.5</ele></trkpt>
<trkpt lat="35.566693" lon="139.732891"><ele>6.8</ele></trkpt>
<trkpt lat="35.566657" lon="139.732895"><ele>6.8</ele></trkpt>
<trkpt lat="35.566046" lon="139.733019"><ele>6.0</ele></trkpt>
<trkpt lat="35.566014" lon="139.733020"><ele>6.0</ele></trkpt>
<trkpt lat="35.565431" lon="139.732925"><ele>5.5</ele></trkpt>
<trkpt lat="35.565178" lon="139.732894"><ele>5.0</ele></trkpt>
<trkpt lat="35.565154" lon="139.732892"><ele>5.0</ele></trkpt>
<trkpt lat="35.564693" lon="139.732856"><ele>5.5</ele></trkpt>
<trkpt lat="35.564645" lon="139.732852"><ele>5.8</ele></trkpt>
<trkpt lat="35.564595" lon="139.732847"><ele>5.8</ele></trkpt>
<trkpt lat="35.564542" lon="139.732839"><ele>6.0</ele></trkpt>
<trkpt lat="35.564508" lon="139.732832"><ele>6.0</ele></trkpt>
<trkpt lat="35.564383" lon="139.732806"><ele>6.2</ele></trkpt>
<trkpt lat="35.564173" lon="139.732764"><ele>6.8</ele></trkpt>
<trkpt lat="35.563713" lon="139.732672"><ele>7.2</ele></trkpt>
<trkpt lat="35.563463" lon="139.732618"><ele>7.5</ele></trkpt>
<trkpt lat="35.563415" lon="139.732621"><ele>7.8</ele></trkpt>
<trkpt lat="35.563233" lon="139.732741"><ele>7.5</ele></trkpt>
<trkpt lat="35.563188" lon="139.732772"><ele>7.5</ele></trkpt>
<trkpt lat="35.563111" lon="139.732844"><ele>7.2</ele></trkpt>
<trkpt lat="35.563089" lon="139.732809"><ele>7.2</ele></trkpt>
<trkpt lat="35.562961" lon="139.732615"><ele>7.2</ele></trkpt>
<trkpt lat="35.562518" lon="139.731980"><ele>5.8</ele></trkpt>
<trkpt lat="35.562481" lon="139.731926"><ele>5.5</ele></trkpt>
<trkpt lat="35.562444" lon="139.731867"><ele>5.5</ele></trkpt>
<trkpt lat="35.561904" lon="139.731011"><ele>5.2</ele></trkpt>
<trkpt lat="35.561869" lon="139.730955"><ele>5.2</ele></trkpt>
<trkpt lat="35.561825" lon="139.730891"><ele>5.2</ele></trkpt>
<trkpt lat="35.561543" lon="139.730466"><ele>6.0</ele></trkpt>
<trkpt lat="35.561518" lon="139.730426"><ele>6.2</ele></trkpt>
<trkpt lat="35.561497" lon="139.730390"><ele>6.2</ele></trkpt>
<trkpt lat="35.561346" lon="139.730139"><ele>6.5</ele></trkpt>
<trkpt lat="35.561318" lon="139.730089"><ele>6.8</ele></trkpt>
<trkpt lat="35.561125" lon="139.729710"><ele>6.5</ele></trkpt>
<trkpt lat="35.561103" lon="139.729670"><ele>6.5</ele></trkpt>
<trkpt lat="35.561080" lon="139.729622"><ele>6.5</ele></trkpt>
<trkpt lat="35.561045" lon="139.729642"><ele>6.5</ele></trkpt>
<trkpt lat="35.560870" lon="139.729704"><ele>7.0</ele></trkpt>
<trkpt lat="35.560789" lon="139.729732"><ele>7.0</ele></trkpt>
<trkpt lat="35.560755" lon="139.729744"><ele>7.0</ele></trkpt>
<trkpt lat="35.560736" lon="139.729749"><ele>7.0</ele></trkpt>
<trkpt lat="35.560490" lon="139.729808"><ele>6.5</ele></trkpt>
<trkpt lat="35.560477" lon="139.729812"><ele>6.5</ele></trkpt>
<trkpt lat="35.560444" lon="139.729822"><ele>6.2</ele></trkpt>
<trkpt lat="35.560174" lon="139.729908"><ele>5.5</ele></trkpt>
<trkpt lat="35.560011" lon="139.729959"><ele>5.0</ele></trkpt>
<trkpt lat="35.559823" lon="139.730019"><ele>5.0</ele></trkpt>
<trkpt lat="35.559773" lon="139.730035"><ele>5.2</ele></trkpt>
<trkpt lat="35.559719" lon="139.730035"><ele>5.2</ele></trkpt>
<trkpt lat="35.559248" lon="139.730038"><ele>5.8</ele></trkpt>
<trkpt lat="35.559211" lon="139.730038"><ele>5.8</ele></trkpt>
<trkpt lat="35.559171" lon="139.730039"><ele>5.8</ele></trkpt>
<trkpt lat="35.558499" lon="139.730043"><ele>6.0</ele></trkpt>
<trkpt lat="35.558453" lon="139.730043"><ele>6.0</ele></trkpt>
<trkpt lat="35.558407" lon="139.730043"><ele>6.0</ele></trkpt>
<trkpt lat="35.557942" lon="139.730044"><ele>6.8</ele></trkpt>
<trkpt lat="35.557904" lon="139.730045"><ele>7.0</ele></trkpt>
<trkpt lat="35.557858" lon="139.730044"><ele>7.0</ele></trkpt>
<trkpt lat="35.557634" lon="139.730043"><ele>7.5</ele></trkpt>
<trkpt lat="35.557365" lon="139.730042"><ele>7.2</ele></trkpt>
<trkpt lat="35.557327" lon="139.730041"><ele>7.2</ele></trkpt>
<trkpt lat="35.557289" lon="139.730042"><ele>7.0</ele></trkpt>
<trkpt lat="35.556826" lon="139.730050"><ele>5.5</ele></trkpt>
<trkpt lat="35.556780" lon="139.730053"><ele>5.2</ele></trkpt>
<trkpt lat="35.556734" lon="139.730053"><ele>5.0</ele></trkpt>
<trkpt lat="35.556155" lon="139.730054"><ele>7.2</ele></trkpt>
<trkpt lat="35.555577" lon="139.730056"><ele>8.2</ele></trkpt>
<trkpt lat="35.555199" lon="139.730059"><ele>7.5</ele></trkpt>
<trkpt lat="35.554656" lon="139.730061"><ele>7.2</ele></trkpt>
<trkpt lat="35.554322" lon="139.730063"><ele>7.8</ele></trkpt>
<trkpt lat="35.554252" lon="139.730047"><ele>7.8</ele></trkpt>
<trkpt lat="35.554095" lon="139.729955"><ele>8.0</ele></trkpt>
<trkpt lat="35.553772" lon="139.729895"><ele>8.5</ele></trkpt>
<trkpt lat="35.553693" lon="139.729885"><ele>8.8</ele></trkpt>
<trkpt lat="35.553572" lon="139.729863"><ele>9.0</ele></trkpt>
<trkpt lat="35.553497" lon="139.729844"><ele>9.0</ele></trkpt>
<trkpt lat="35.553150" lon="139.729783"><ele>9.0</ele></trkpt>
<trkpt lat="35.552428" lon="139.729658"><ele>8.5</ele></trkpt>
<trkpt lat="35.552365" lon="139.729659"><ele>8.2</ele></trkpt>
<trkpt lat="35.551943" lon="139.729659"><ele>7.2</ele></trkpt>
<trkpt lat="35.551606" lon="139.729663"><ele>6.8</ele></trkpt>
<trkpt lat="35.551582" lon="139.729662"><ele>6.8</ele></trkpt>
<trkpt lat="35.551553" lon="139.729660"><ele>6.8</ele></trkpt>
<trkpt lat="35.551511" lon="139.729661"><ele>7.0</ele></trkpt>
<trkpt lat="35.551246" lon="139.729665"><ele>7.2</ele></trkpt>
<trkpt lat="35.550643" lon="139.729673"><ele>8.2</ele></trkpt>
<trkpt lat="35.550610" lon="139.729673"><ele>8.2</ele></trkpt>
<trkpt lat="35.550046" lon="139.729673"><ele>9.0</ele></trkpt>
<trkpt lat="35.549870" lon="139.729673"><ele>8.8</ele></trkpt>
<trkpt lat="35.549826" lon="139.729673"><ele>8.5</ele></trkpt>
<trkpt lat="35.549781" lon="139.729674"><ele>8.5</ele></trkpt>
<trkpt lat="35.549371" lon="139.729676"><ele>7.5</ele></trkpt>
<trkpt lat="35.549262" lon="139.729677"><ele>7.0</ele></trkpt>
<trkpt lat="35.548792" lon="139.729680"><ele>8.0</ele></trkpt>
<trkpt lat="35.548241" lon="139.729684"><ele>8.8</ele></trkpt>
<trkpt lat="35.548190" lon="139.729684"><ele>8.5</ele></trkpt>
<trkpt lat="35.548135" lon="139.729686"><ele>8.2</ele></trkpt>
<trkpt lat="35.547447" lon="139.729755"><ele>5.5</ele></trkpt>
<trkpt lat="35.547322" lon="139.729762"><ele>5.5</ele></trkpt>
<trkpt lat="35.547120" lon="139.729785"><ele>5.2</ele></trkpt>
<trkpt lat="35.547073" lon="139.729790"><ele>5.2</ele></trkpt>
<trkpt lat="35.546693" lon="139.729833"><ele>5.0</ele></trkpt>
<trkpt lat="35.546644" lon="139.729834"><ele>5.0</ele></trkpt>
<trkpt lat="35.546587" lon="139.729840"><ele>5.0</ele></trkpt>
<trkpt lat="35.546077" lon="139.729887"><ele>5.5</ele></trkpt>
<trkpt lat="35.546042" lon="139.729892"><ele>5.5</ele></trkpt>
<trkpt lat="35.545998" lon="139.729895"><ele>5.5</ele></trkpt>
<trkpt lat="35.545614" lon="139.729935"><ele>4.2</ele></trkpt>
<trkpt lat="35.545430" lon="139.729955"><ele>3.0</ele></trkpt>
<trkpt lat="35.545403" lon="139.729959"><ele>2.8</ele></trkpt>
<trkpt lat="35.545357" lon="139.729963"><ele>2.5</ele></trkpt>
<trkpt lat="35.545332" lon="139.729966"><ele>2.2</ele></trkpt>
<trkpt lat="35.545300" lon="139.729468"><ele>1.5</ele></trkpt>
<trkpt lat="35.545259" lon="139.728955"><ele>1.0</ele></trkpt>
<trkpt lat="35.545161" lon="139.728076"><ele>0.5</ele></trkpt>
<trkpt lat="35.545018" lon="139.727049"><ele>0.5</ele></trkpt>
<trkpt lat="35.544945" lon="139.726540"><ele>0.8</ele></trkpt>
<trkpt lat="35.544843" lon="139.725845"><ele>0.8</ele></trkpt>
<trkpt lat="35.544774" lon="139.725422"><ele>1.0</ele></trkpt>
<trkpt lat="35.544678" lon="139.724848"><ele>1.0</ele></trkpt>
<trkpt lat="35.544653" lon="139.724721"><ele>1.0</ele></trkpt>
<trkpt lat="35.544615" lon="139.724570"><ele>1.0</ele></trkpt>
<trkpt lat="35.544388" lon="139.723662"><ele>1.2</ele></trkpt>
<trkpt lat="35.544334" lon="139.723432"><ele>1.2</ele></trkpt>
<trkpt lat="35.544309" lon="139.723334"><ele>1.2</ele></trkpt>
<trkpt lat="35.544288" lon="139.723256"><ele>1.2</ele></trkpt>
<trkpt lat="35.544113" lon="139.722744"><ele>1.8</ele></trkpt>
<trkpt lat="35.544061" lon="139.722696"><ele>1.8</ele></trkpt>
<trkpt lat="35.543961" lon="139.722485"><ele>2.0</ele></trkpt>
<trkpt lat="35.543865" lon="139.722255"><ele>2.5</ele></trkpt>
<trkpt lat="35.543790" lon="139.722077"><ele>2.5</ele></trkpt>
<trkpt lat="35.543763" lon="139.722031"><ele>2.8</ele></trkpt>
<trkpt lat="35.543709" lon="139.721978"><ele>2.8</ele></trkpt>
<trkpt lat="35.543617" lon="139.721905"><ele>2.8</ele></trkpt>
<trkpt lat="35.543564" lon="139.721890"><ele>3.0</ele></trkpt>
<trkpt lat="35.543261" lon="139.721009"><ele>4.0</ele></trkpt>
<trkpt lat="35.543076" lon="139.720479"><ele>4.5</ele></trkpt>
<trkpt lat="35.542947" lon="139.720109"><ele>5.0</ele></trkpt>
<trkpt lat="35.542844" lon="139.719840"><ele>5.2</ele></trkpt>
<trkpt lat="35.542723" lon="139.719546"><ele>5.5</ele></trkpt>
<trkpt lat="35.542678" lon="139.719434"><ele>5.8</ele></trkpt>
<trkpt lat="35.542590" lon="139.719200"><ele>6.0</ele></trkpt>
<trkpt lat="35.542455" lon="139.718880"><ele>6.5</ele></trkpt>
<trkpt lat="35.542289" lon="139.718426"><ele>7.0</ele></trkpt>
<trkpt lat="35.542203" lon="139.718234"><ele>7.2</ele></trkpt>
<trkpt lat="35.541905" lon="139.717498"><ele>7.2</ele></trkpt>
<trkpt lat="35.541861" lon="139.717394"><ele>7.0</ele></trkpt>
<trkpt lat="35.541839" lon="139.717336"><ele>7.0</ele></trkpt>
<trkpt lat="35.541385" lon="139.716241"><ele>5.0</ele></trkpt>
<trkpt lat="35.541315" lon="139.716072"><ele>4.8</ele></trkpt>
<trkpt lat="35.541193" lon="139.715680"><ele>5.5</ele></trkpt>
<trkpt lat="35.541173" lon="139.715621"><ele>5.8</ele></trkpt>
<trkpt lat="35.541158" lon="139.715579"><ele>6.0</ele></trkpt>
<trkpt lat="35.540963" lon="139.714934"><ele>9.0</ele></trkpt>
<trkpt lat="35.540937" lon="139.714857"><ele>9.0</ele></trkpt>
<trkpt lat="35.540803" lon="139.714473"><ele>8.5</ele></trkpt>
<trkpt lat="35.540704" lon="139.714152"><ele>7.0</ele></trkpt>
<trkpt lat="35.540670" lon="139.714024"><ele>6.8</ele></trkpt>
<trkpt lat="35.540143" lon="139.714236"><ele>-1.2</ele></trkpt>
<trkpt lat="35.540119" lon="139.714212"><ele>-1.8</ele></trkpt>
<trkpt lat="35.539850" lon="139.713608"><ele>-2.0</ele></trkpt>
<trkpt lat="35.539161" lon="139.712257"><ele>-1.5</ele></trkpt>
<trkpt lat="35.539850" lon="139.713608"><ele>-2.0</ele></trkpt>
<trkpt lat="35.540119" lon="139.714212"><ele>-1.8</ele></trkpt>
<trkpt lat="35.540143" lon="139.714236"><ele>-1.2</ele></trkpt>
<trkpt lat="35.540670" lon="139.714024"><ele>6.8</ele></trkpt>
<trkpt lat="35.540577" lon="139.713588"><ele>6.5</ele></trkpt>
<trkpt lat="35.540428" lon="139.712963"><ele>4.8</ele></trkpt>
<trkpt lat="35.540338" lon="139.712579"><ele>3.2</ele></trkpt>
<trkpt lat="35.540329" lon="139.712503"><ele>3.2</ele></trkpt>
<trkpt lat="35.540300" lon="139.712496"><ele>2.8</ele></trkpt>
<trkpt lat="35.540280" lon="139.712468"><ele>2.8</ele></trkpt>
<trkpt lat="35.540269" lon="139.712424"><ele>2.8</ele></trkpt>
<trkpt lat="35.540264" lon="139.712305"><ele>3.2</ele></trkpt>
<trkpt lat="35.540250" lon="139.712182"><ele>3.5</ele></trkpt>
<trkpt lat="35.540125" lon="139.711522"><ele>6.2</ele></trkpt>
<trkpt lat="35.540075" lon="139.711231"><ele>7.2</ele></trkpt>
<trkpt lat="35.540063" lon="139.711190"><ele>7.5</ele></trkpt>
<trkpt lat="35.540039" lon="139.711075"><ele>8.0</ele></trkpt>
<trkpt lat="35.540025" lon="139.710999"><ele>8.2</ele></trkpt>
<trkpt lat="35.540004" lon="139.710882"><ele>8.8</ele></trkpt>
<trkpt lat="35.539929" lon="139.710378"><ele>8.0</ele></trkpt>
<trkpt lat="35.539869" lon="139.710020"><ele>7.5</ele></trkpt>
<trkpt lat="35.539864" lon="139.709875"><ele>7.8</ele></trkpt>
<trkpt lat="35.539860" lon="139.709617"><ele>8.5</ele></trkpt>
<trkpt lat="35.539814" lon="139.709102"><ele>10.0</ele></trkpt>
<trkpt lat="35.539782" lon="139.708633"><ele>9.2</ele></trkpt>
<trkpt lat="35.539780" lon="139.708600"><ele>9.0</ele></trkpt>
<trkpt lat="35.539779" lon="139.708554"><ele>9.0</ele></trkpt>
<trkpt lat="35.539773" lon="139.708158"><ele>9.0</ele></trkpt>
<trkpt lat="35.539778" lon="139.707851"><ele>10.0</ele></trkpt>
<trkpt lat="35.539789" lon="139.707779"><ele>10.0</ele></trkpt>
<trkpt lat="35.539814" lon="139.707738"><ele>10.2</ele></trkpt>
<trkpt lat="35.539825" lon="139.707704"><ele>10.2</ele></trkpt>
<trkpt lat="35.539824" lon="139.707646"><ele>10.5</ele></trkpt>
<trkpt lat="35.539848" lon="139.706898"><ele>7.5</ele></trkpt>
<trkpt lat="35.539858" lon="139.706612"><ele>6.0</ele></trkpt>
<trkpt lat="35.539867" lon="139.706537"><ele>5.8</ele></trkpt>
<trkpt lat="35.539949" lon="139.706142"><ele>4.0</ele></trkpt>
<trkpt lat="35.539983" lon="139.706005"><ele>3.5</ele></trkpt>
<trkpt lat="35.540081" lon="139.705691"><ele>2.0</ele></trkpt>
<trkpt lat="35.540171" lon="139.705443"><ele>0.8</ele></trkpt>
<trkpt lat="35.540254" lon="139.705269"><ele>0.2</ele></trkpt>
<trkpt lat="35.540289" lon="139.705202"><ele>0.2</ele></trkpt>
<trkpt lat="35.540445" lon="139.704978"><ele>0.5</ele></trkpt>
<trkpt lat="35.540572" lon="139.704789"><ele>1.8</ele></trkpt>
<trkpt lat="35.540814" lon="139.704452"><ele>5.0</ele></trkpt>
<trkpt lat="35.540878" lon="139.704422"><ele>5.2</ele></trkpt>
<trkpt lat="35.540900" lon="139.704376"><ele>5.5</ele></trkpt>
<trkpt lat="35.541050" lon="139.704142"><ele>6.2</ele></trkpt>
<trkpt lat="35.541229" lon="139.703896"><ele>7.8</ele></trkpt>
<trkpt lat="35.541521" lon="139.703541"><ele>12.2</ele></trkpt>
<trkpt lat="35.541700" lon="139.703346"><ele>15.8</ele></trkpt>
<trkpt lat="35.542066" lon="139.702996"><ele>12.0</ele></trkpt>
<trkpt lat="35.542260" lon="139.702843"><ele>11.0</ele></trkpt>
<trkpt lat="35.542363" lon="139.702776"><ele>10.8</ele></trkpt>
<trkpt lat="35.542707" lon="139.702589"><ele>9.5</ele></trkpt>
<trkpt lat="35.542868" lon="139.702519"><ele>8.5</ele></trkpt>
<trkpt lat="35.542946" lon="139.702494"><ele>8.2</ele></trkpt>
<trkpt lat="35.543118" lon="139.702447"><ele>7.8</ele></trkpt>
<trkpt lat="35.543331" lon="139.702400"><ele>7.0</ele></trkpt>
<trkpt lat="35.543655" lon="139.702355"><ele>6.8</ele></trkpt>
<trkpt lat="35.543766" lon="139.702345"><ele>6.5</ele></trkpt>
<trkpt lat="35.543937" lon="139.702349"><ele>6.2</ele></trkpt>
<trkpt lat="35.544287" lon="139.702380"><ele>6.5</ele></trkpt>
<trkpt lat="35.544800" lon="139.702500"><ele>9.8</ele></trkpt>
<trkpt lat="35.544919" lon="139.702523"><ele>10.2</ele></trkpt>
<trkpt lat="35.545061" lon="139.702570"><ele>9.5</ele></trkpt>
<trkpt lat="35.545566" lon="139.702759"><ele>1.2</ele></trkpt>
<trkpt lat="35.545786" lon="139.702851"><ele>-1.0</ele></trkpt>
<trkpt lat="35.545964" lon="139.702938"><ele>0.0</ele></trkpt>
<trkpt lat="35.546214" lon="139.703042"><ele>1.8</ele></trkpt>
<trkpt lat="35.546346" lon="139.703066"><ele>2.2</ele></trkpt>
<trkpt lat="35.546444" lon="139.703091"><ele>2.5</ele></trkpt>
<trkpt lat="35.546522" lon="139.703123"><ele>2.8</ele></trkpt>
<trkpt lat="35.546857" lon="139.703295"><ele>2.8</ele></trkpt>
<trkpt lat="35.547400" lon="139.703600"><ele>2.5</ele></trkpt>
<trkpt lat="35.547842" lon="139.703812"><ele>2.0</ele></trkpt>
<trkpt lat="35.548361" lon="139.704102"><ele>0.8</ele></trkpt>
<trkpt lat="35.548907" lon="139.704391"><ele>0.0</ele></trkpt>
<trkpt lat="35.549575" lon="139.704706"><ele>2.5</ele></trkpt>
<trkpt lat="35.549872" lon="139.704834"><ele>4.0</ele></trkpt>
<trkpt lat="35.549992" lon="139.704880"><ele>4.8</ele></trkpt>
<trkpt lat="35.550121" lon="139.704912"><ele>5.0</ele></trkpt>
<trkpt lat="35.550250" lon="139.704960"><ele>5.5</ele></trkpt>
<trkpt lat="35.550753" lon="139.705120"><ele>6.8</ele></trkpt>
<trkpt lat="35.551078" lon="139.705192"><ele>5.5</ele></trkpt>
<trkpt lat="35.551242" lon="139.705220"><ele>4.5</ele></trkpt>
<trkpt lat="35.551460" lon="139.705230"><ele>3.2</ele></trkpt>
<trkpt lat="35.551563" lon="139.705225"><ele>2.5</ele></trkpt>
<trkpt lat="35.551766" lon="139.705193"><ele>2.5</ele></trkpt>
<trkpt lat="35.551926" lon="139.705158"><ele>3.5</ele></trkpt>
<trkpt lat="35.552203" lon="139.705079"><ele>5.5</ele></trkpt>
<trkpt lat="35.552385" lon="139.705006"><ele>7.0</ele></trkpt>
<trkpt lat="35.552490" lon="139.704951"><ele>8.0</ele></trkpt>
<trkpt lat="35.552675" lon="139.704837"><ele>9.0</ele></trkpt>
<trkpt lat="35.552911" lon="139.704645"><ele>9.8</ele></trkpt>
<trkpt lat="35.553052" lon="139.704526"><ele>10.0</ele></trkpt>
<trkpt lat="35.553234" lon="139.704355"><ele>9.5</ele></trkpt>
<trkpt lat="35.553372" lon="139.704239"><ele>9.8</ele></trkpt>
<trkpt lat="35.553488" lon="139.704115"><ele>12.0</ele></trkpt>
<trkpt lat="35.553659" lon="139.703944"><ele>14.5</ele></trkpt>
<trkpt lat="35.553766" lon="139.703820"><ele>15.5</ele></trkpt>
<trkpt lat="35.554228" lon="139.703260"><ele>13.2</ele></trkpt>
<trkpt lat="35.554308" lon="139.703152"><ele>12.2</ele></trkpt>
<trkpt lat="35.554669" lon="139.702669"><ele>14.0</ele></trkpt>
<trkpt lat="35.554901" lon="139.702321"><ele>16.5</ele></trkpt>
<trkpt lat="35.555097" lon="139.702010"><ele>11.8</ele></trkpt>
<trkpt lat="35.555328" lon="139.701674"><ele>6.2</ele></trkpt>
<trkpt lat="35.555342" lon="139.701652"><ele>6.2</ele></trkpt>
<trkpt lat="35.555458" lon="139.701491"><ele>6.8</ele></trkpt>
<trkpt lat="35.555593" lon="139.701319"><ele>7.0</ele></trkpt>
<trkpt lat="35.555696" lon="139.701195"><ele>7.2</ele></trkpt>
<trkpt lat="35.556003" lon="139.700789"><ele>8.2</ele></trkpt>
<trkpt lat="35.556150" lon="139.700580"><ele>9.2</ele></trkpt>
<trkpt lat="35.556272" lon="139.700429"><ele>10.0</ele></trkpt>
<trkpt lat="35.556355" lon="139.700299"><ele>10.8</ele></trkpt>
<trkpt lat="35.556538" lon="139.699947"><ele>12.2</ele></trkpt>
<trkpt lat="35.556543" lon="139.699931"><ele>12.2</ele></trkpt>
<trkpt lat="35.556604" lon="139.699779"><ele>12.0</ele></trkpt>
<trkpt lat="35.556818" lon="139.699076"><ele>9.0</ele></trkpt>
<trkpt lat="35.556960" lon="139.698761"><ele>7.0</ele></trkpt>
<trkpt lat="35.557132" lon="139.698308"><ele>5.2</ele></trkpt>
<trkpt lat="35.557239" lon="139.698016"><ele>6.8</ele></trkpt>
<trkpt lat="35.557248" lon="139.697980"><ele>6.8</ele></trkpt>
<trkpt lat="35.557276" lon="139.697871"><ele>7.2</ele></trkpt>
<trkpt lat="35.557337" lon="139.697676"><ele>8.2</ele></trkpt>
<trkpt lat="35.557374" lon="139.697502"><ele>9.0</ele></trkpt>
<trkpt lat="35.557371" lon="139.697449"><ele>9.0</ele></trkpt>
<trkpt lat="35.557360" lon="139.697421"><ele>9.0</ele></trkpt>
<trkpt lat="35.557349" lon="139.697413"><ele>9.0</ele></trkpt>
<trkpt lat="35.557325" lon="139.697421"><ele>8.8</ele></trkpt>
<trkpt lat="35.557303" lon="139.697454"><ele>8.8</ele></trkpt>
<trkpt lat="35.557229" lon="139.697689"><ele>7.8</ele></trkpt>
<trkpt lat="35.557051" lon="139.698139"><ele>5.2</ele></trkpt>
<trkpt lat="35.556990" lon="139.698335"><ele>4.5</ele></trkpt>
<trkpt lat="35.556976" lon="139.698364"><ele>4.5</ele></trkpt>
<trkpt lat="35.556955" lon="139.698376"><ele>4.5</ele></trkpt>
<trkpt lat="35.556921" lon="139.698361"><ele>4.2</ele></trkpt>
<trkpt lat="35.556919" lon="139.698327"><ele>4.0</ele></trkpt>
<trkpt lat="35.556942" lon="139.698270"><ele>4.2</ele></trkpt>
<trkpt lat="35.557091" lon="139.697724"><ele>6.8</ele></trkpt>
<trkpt lat="35.557119" lon="139.697603"><ele>7.2</ele></trkpt>
<trkpt lat="35.557144" lon="139.697345"><ele>7.8</ele></trkpt>
<trkpt lat="35.557156" lon="139.697290"><ele>7.8</ele></trkpt>
<trkpt lat="35.557193" lon="139.697178"><ele>7.8</ele></trkpt>
<trkpt lat="35.557201" lon="139.697093"><ele>7.8</ele></trkpt>
<trkpt lat="35.557193" lon="139.696903"><ele>7.5</ele></trkpt>
<trkpt lat="35.557202" lon="139.696794"><ele>7.5</ele></trkpt>
<trkpt lat="35.557228" lon="139.696667"><ele>7.5</ele></trkpt>
<trkpt lat="35.557253" lon="139.696339"><ele>8.2</ele></trkpt>
<trkpt lat="35.557294" lon="139.696048"><ele>9.2</ele></trkpt>
<trkpt lat="35.557303" lon="139.695935"><ele>9.5</ele></trkpt>
<trkpt lat="35.557310" lon="139.695816"><ele>9.8</ele></trkpt>
<trkpt lat="35.557295" lon="139.695354"><ele>7.2</ele></trkpt>
<trkpt lat="35.557329" lon="139.694573"><ele>1.5</ele></trkpt>
<trkpt lat="35.557332" lon="139.694311"><ele>-0.8</ele></trkpt>
<trkpt lat="35.557332" lon="139.694144"><ele>-2.2</ele></trkpt>
<trkpt lat="35.557395" lon="139.693661"><ele>0.2</ele></trkpt>
<trkpt lat="35.557608" lon="139.692527"><ele>5.0</ele></trkpt>
<trkpt lat="35.557742" lon="139.691893"><ele>4.8</ele></trkpt>
<trkpt lat="35.557818" lon="139.691591"><ele>4.5</ele></trkpt>
<trkpt lat="35.557876" lon="139.691386"><ele>4.5</ele></trkpt>
<trkpt lat="35.558094" lon="139.690711"><ele>3.5</ele></trkpt>
<trkpt lat="35.558171" lon="139.690509"><ele>3.5</ele></trkpt>
<trkpt lat="35.558534" lon="139.689718"><ele>3.2</ele></trkpt>
<trkpt lat="35.558853" lon="139.689054"><ele>2.8</ele></trkpt>
<trkpt lat="35.559031" lon="139.688688"><ele>2.2</ele></trkpt>
<trkpt lat="35.559147" lon="139.688478"><ele>1.5</ele></trkpt>
<trkpt lat="35.559224" lon="139.688403"><ele>1.5</ele></trkpt>
<trkpt lat="35.559854" lon="139.687374"><ele>3.5</ele></trkpt>
<trkpt lat="35.560367" lon="139.686511"><ele>7.0</ele></trkpt>
<trkpt lat="35.561001" lon="139.685487"><ele>6.2</ele></trkpt>
<trkpt lat="35.561609" lon="139.684842"><ele>14.2</ele></trkpt>
<trkpt lat="35.561597" lon="139.684802"><ele>13.2</ele></trkpt>
<trkpt lat="35.561600" lon="139.684769"><ele>12.5</ele></trkpt>
<trkpt lat="35.562108" lon="139.684127"><ele>4.5</ele></trkpt>
<trkpt lat="35.562427" lon="139.683700"><ele>3.5</ele></trkpt>
<trkpt lat="35.562802" lon="139.683202"><ele>4.8</ele></trkpt>
<trkpt lat="35.563426" lon="139.682395"><ele>4.0</ele></trkpt>
<trkpt lat="35.563687" lon="139.682059"><ele>3.2</ele></trkpt>
<trkpt lat="35.563753" lon="139.681982"><ele>3.8</ele></trkpt>
<trkpt lat="35.564024" lon="139.681660"><ele>8.0</ele></trkpt>
<trkpt lat="35.564091" lon="139.681583"><ele>8.8</ele></trkpt>
<trkpt lat="35.564136" lon="139.681530"><ele>9.0</ele></trkpt>
<trkpt lat="35.564305" lon="139.681329"><ele>8.8</ele></trkpt>
<trkpt lat="35.564477" lon="139.681172"><ele>8.5</ele></trkpt>
<trkpt lat="35.564647" lon="139.680989"><ele>7.5</ele></trkpt>
<trkpt lat="35.564918" lon="139.680719"><ele>7.0</ele></trkpt>
<trkpt lat="35.564931" lon="139.680706"><ele>7.0</ele></trkpt>
<trkpt lat="35.565159" lon="139.680468"><ele>8.2</ele></trkpt>
<trkpt lat="35.565712" lon="139.680053"><ele>6.8</ele></trkpt>
<trkpt lat="35.565952" lon="139.679888"><ele>7.0</ele></trkpt>
<trkpt lat="35.566012" lon="139.679862"><ele>7.2</ele></trkpt>
<trkpt lat="35.566199" lon="139.679734"><ele>8.2</ele></trkpt>
<trkpt lat="35.566379" lon="139.679592"><ele>8.8</ele></trkpt>
<trkpt lat="35.566711" lon="139.679348"><ele>8.8</ele></trkpt>
<trkpt lat="35.567251" lon="139.678932"><ele>9.5</ele></trkpt>
<trkpt lat="35.567505" lon="139.678769"><ele>10.2</ele></trkpt>
<trkpt lat="35.567791" lon="139.678572"><ele>10.5</ele></trkpt>
<trkpt lat="35.568060" lon="139.678399"><ele>10.2</ele></trkpt>
<trkpt lat="35.568352" lon="139.678223"><ele>10.2</ele></trkpt>
<trkpt lat="35.568799" lon="139.677967"><ele>11.2</ele></trkpt>
<trkpt lat="35.569362" lon="139.677664"><ele>13.8</ele></trkpt>
<trkpt lat="35.569517" lon="139.677585"><ele>14.8</ele></trkpt>
<trkpt lat="35.569688" lon="139.677501"><ele>15.8</ele></trkpt>
<trkpt lat="35.570256" lon="139.677193"><ele>20.5</ele></trkpt>
<trkpt lat="35.570466" lon="139.677087"><ele>23.0</ele></trkpt>
<trkpt lat="35.570595" lon="139.677019"><ele>24.5</ele></trkpt>
<trkpt lat="35.571847" lon="139.676397"><ele>16.0</ele></trkpt>
<trkpt lat="35.571987" lon="139.676334"><ele>14.2</ele></trkpt>
<trkpt lat="35.572490" lon="139.676111"><ele>7.8</ele></trkpt>
<trkpt lat="35.573114" lon="139.675870"><ele>8.2</ele></trkpt>
<trkpt lat="35.573442" lon="139.675730"><ele>8.5</ele></trkpt>
<trkpt lat="35.573502" lon="139.675713"><ele>8.8</ele></trkpt>
<trkpt lat="35.573559" lon="139.675688"><ele>8.8</ele></trkpt>
<trkpt lat="35.574143" lon="139.675456"><ele>9.2</ele></trkpt>
<trkpt lat="35.575276" lon="139.675009"><ele>4.0</ele></trkpt>
<trkpt lat="35.575847" lon="139.674789"><ele>5.2</ele></trkpt>
<trkpt lat="35.576212" lon="139.674641"><ele>3.8</ele></trkpt>
<trkpt lat="35.576433" lon="139.674559"><ele>2.8</ele></trkpt>
<trkpt lat="35.577236" lon="139.674270"><ele>2.8</ele></trkpt>
<trkpt lat="35.577556" lon="139.674139"><ele>2.8</ele></trkpt>
<trkpt lat="35.577808" lon="139.674026"><ele>3.2</ele></trkpt>
<trkpt lat="35.578849" lon="139.673595"><ele>5.8</ele></trkpt>
<trkpt lat="35.579751" lon="139.673230"><ele>8.8</ele></trkpt>
<trkpt lat="35.580349" lon="139.673001"><ele>9.5</ele></trkpt>
<trkpt lat="35.580639" lon="139.672888"><ele>9.5</ele></trkpt>
<trkpt lat="35.580820" lon="139.672819"><ele>9.8</ele></trkpt>
<trkpt lat="35.581391" lon="139.672598"><ele>13.0</ele></trkpt>
<trkpt lat="35.581412" lon="139.672578"><ele>13.2</ele></trkpt>
<trkpt lat="35.581416" lon="139.672551"><ele>13.5</ele></trkpt>
<trkpt lat="35.581408" lon="139.672532"><ele>13.2</ele></trkpt>
<trkpt lat="35.581381" lon="139.672523"><ele>13.0</ele></trkpt>
<trkpt lat="35.580882" lon="139.672618"><ele>9.0</ele></trkpt>
<trkpt lat="35.580862" lon="139.672616"><ele>8.8</ele></trkpt>
<trkpt lat="35.580857" lon="139.672603"><ele>8.8</ele></trkpt>
<trkpt lat="35.580861" lon="139.672581"><ele>8.5</ele></trkpt>
<trkpt lat="35.580880" lon="139.672562"><ele>8.8</ele></trkpt>
<trkpt lat="35.581367" lon="139.672300"><ele>12.8</ele></trkpt>
<trkpt lat="35.581390" lon="139.672275"><ele>13.0</ele></trkpt>
<trkpt lat="35.581434" lon="139.672244"><ele>13.2</ele></trkpt>
<trkpt lat="35.581468" lon="139.672222"><ele>13.5</ele></trkpt>
<trkpt lat="35.581519" lon="139.672190"><ele>14.0</ele></trkpt>
<trkpt lat="35.581877" lon="139.672047"><ele>15.2</ele></trkpt>
<trkpt lat="35.582801" lon="139.671573"><ele>10.5</ele></trkpt>
<trkpt lat="35.582863" lon="139.671585"><ele>10.0</ele></trkpt>
<trkpt lat="35.583068" lon="139.671566"><ele>7.8</ele></trkpt>
<trkpt lat="35.583166" lon="139.671529"><ele>6.5</ele></trkpt>
<trkpt lat="35.583465" lon="139.671393"><ele>5.8</ele></trkpt>
<trkpt lat="35.583987" lon="139.671119"><ele>13.5</ele></trkpt>
<trkpt lat="35.584104" lon="139.671068"><ele>15.5</ele></trkpt>
<trkpt lat="35.584192" lon="139.671042"><ele>16.8</ele></trkpt>
<trkpt lat="35.584227" lon="139.671071"><ele>16.8</ele></trkpt>
<trkpt lat="35.584271" lon="139.671108"><ele>16.8</ele></trkpt>
<trkpt lat="35.584579" lon="139.670871"><ele>16.5</ele></trkpt>
<trkpt lat="35.584979" lon="139.670562"><ele>14.8</ele></trkpt>
<trkpt lat="35.585090" lon="139.670478"><ele>14.5</ele></trkpt>
<trkpt lat="35.585195" lon="139.670410"><ele>14.8</ele></trkpt>
<trkpt lat="35.585450" lon="139.670259"><ele>15.0</ele></trkpt>
<trkpt lat="35.585687" lon="139.670091"><ele>15.0</ele></trkpt>
<trkpt lat="35.585747" lon="139.670047"><ele>15.0</ele></trkpt>
<trkpt lat="35.585832" lon="139.669991"><ele>14.8</ele></trkpt>
<trkpt lat="35.585904" lon="139.669934"><ele>14.2</ele></trkpt>
<trkpt lat="35.585980" lon="139.669854"><ele>13.8</ele></trkpt>
<trkpt lat="35.586144" lon="139.669588"><ele>12.5</ele></trkpt>
<trkpt lat="35.586205" lon="139.669521"><ele>12.2</ele></trkpt>
<trkpt lat="35.586529" lon="139.669187"><ele>12.2</ele></trkpt>
<trkpt lat="35.586595" lon="139.669091"><ele>12.2</ele></trkpt>
<trkpt lat="35.586683" lon="139.668961"><ele>12.0</ele></trkpt>
<trkpt lat="35.586909" lon="139.668652"><ele>11.5</ele></trkpt>
<trkpt lat="35.586967" lon="139.668587"><ele>11.5</ele></trkpt>
<trkpt lat="35.587026" lon="139.668527"><ele>11.5</ele></trkpt>
<trkpt lat="35.587335" lon="139.668287"><ele>11.5</ele></trkpt>
<trkpt lat="35.587541" lon="139.668078"><ele>10.5</ele></trkpt>
<trkpt lat="35.588056" lon="139.667522"><ele>15.2</ele></trkpt>
<trkpt lat="35.588449" lon="139.666964"><ele>12.2</ele></trkpt>
<trkpt lat="35.588511" lon="139.666892"><ele>12.2</ele></trkpt>
<trkpt lat="35.588743" lon="139.666651"><ele>14.5</ele></trkpt>
<trkpt lat="35.589140" lon="139.666201"><ele>14.8</ele></trkpt>
<trkpt lat="35.589204" lon="139.666120"><ele>13.8</ele></trkpt>
<trkpt lat="35.589297" lon="139.666001"><ele>12.8</ele></trkpt>
<trkpt lat="35.589445" lon="139.665792"><ele>12.2</ele></trkpt>
<trkpt lat="35.589552" lon="139.665673"><ele>13.2</ele></trkpt>
<trkpt lat="35.589661" lon="139.665582"><ele>14.5</ele></trkpt>
<trkpt lat="35.590021" lon="139.665317"><ele>17.8</ele></trkpt>
<trkpt lat="35.590070" lon="139.665273"><ele>17.8</ele></trkpt>
<trkpt lat="35.590360" lon="139.664925"><ele>17.0</ele></trkpt>
<trkpt lat="35.590554" lon="139.664677"><ele>17.0</ele></trkpt>
<trkpt lat="35.590667" lon="139.664472"><ele>16.5</ele></trkpt>
<trkpt lat="35.590688" lon="139.664425"><ele>16.2</ele></trkpt>
<trkpt lat="35.590761" lon="139.664294"><ele>16.0</ele></trkpt>
<trkpt lat="35.590830" lon="139.664084"><ele>15.0</ele></trkpt>
<trkpt lat="35.590896" lon="139.663919"><ele>14.2</ele></trkpt>
<trkpt lat="35.591128" lon="139.663483"><ele>12.0</ele></trkpt>
<trkpt lat="35.591224" lon="139.663286"><ele>11.2</ele></trkpt>
<trkpt lat="35.591312" lon="139.663081"><ele>12.2</ele></trkpt>
<trkpt lat="35.591389" lon="139.662870"><ele>13.0</ele></trkpt>
<trkpt lat="35.591456" lon="139.662654"><ele>13.8</ele></trkpt>
<trkpt lat="35.591527" lon="139.662382"><ele>13.8</ele></trkpt>
<trkpt lat="35.591588" lon="139.662109"><ele>12.8</ele></trkpt>
<trkpt lat="35.591689" lon="139.661611"><ele>10.8</ele></trkpt>
<trkpt lat="35.591833" lon="139.660796"><ele>8.8</ele></trkpt>
<trkpt lat="35.591839" lon="139.660758"><ele>9.0</ele></trkpt>
<trkpt lat="35.591894" lon="139.660436"><ele>10.2</ele></trkpt>
<trkpt lat="35.591960" lon="139.660044"><ele>11.8</ele></trkpt>
<trkpt lat="35.592056" lon="139.659372"><ele>12.2</ele></trkpt>
<trkpt lat="35.592227" lon="139.658148"><ele>6.2</ele></trkpt>
<trkpt lat="35.592298" lon="139.657695"><ele>6.2</ele></trkpt>
<trkpt lat="35.592389" lon="139.657246"><ele>7.2</ele></trkpt>
<trkpt lat="35.592427" lon="139.657094"><ele>7.8</ele></trkpt>
<trkpt lat="35.592515" lon="139.656800"><ele>8.5</ele></trkpt>
<trkpt lat="35.592623" lon="139.656487"><ele>9.0</ele></trkpt>
<trkpt lat="35.592716" lon="139.656240"><ele>9.0</ele></trkpt>
<trkpt lat="35.592884" lon="139.655790"><ele>9.8</ele></trkpt>
<trkpt lat="35.593078" lon="139.655295"><ele>9.5</ele></trkpt>
<trkpt lat="35.593456" lon="139.654431"><ele>13.2</ele></trkpt>
<trkpt lat="35.593573" lon="139.654178"><ele>13.5</ele></trkpt>
<trkpt lat="35.593578" lon="139.654168"><ele>13.5</ele></trkpt>
<trkpt lat="35.593991" lon="139.653302"><ele>13.5</ele></trkpt>
<trkpt lat="35.594504" lon="139.652251"><ele>7.0</ele></trkpt>
<trkpt lat="35.594635" lon="139.651992"><ele>6.8</ele></trkpt>
<trkpt lat="35.594643" lon="139.651977"><ele>6.8</ele></trkpt>
<trkpt lat="35.595011" lon="139.651255"><ele>8.0</ele></trkpt>
<trkpt lat="35.595216" lon="139.650895"><ele>9.0</ele></trkpt>
<trkpt lat="35.595385" lon="139.650562"><ele>9.5</ele></trkpt>
<trkpt lat="35.595707" lon="139.649991"><ele>11.0</ele></trkpt>
<trkpt lat="35.596352" lon="139.648874"><ele>11.2</ele></trkpt>
<trkpt lat="35.596443" lon="139.648716"><ele>11.0</ele></trkpt>
<trkpt lat="35.596907" lon="139.647922"><ele>14.5</ele></trkpt>
<trkpt lat="35.597481" lon="139.646957"><ele>11.5</ele></trkpt>
<trkpt lat="35.597840" lon="139.646364"><ele>9.2</ele></trkpt>
<trkpt lat="35.598325" lon="139.645590"><ele>8.8</ele></trkpt>
<trkpt lat="35.598508" lon="139.645310"><ele>9.2</ele></trkpt>
<trkpt lat="35.598673" lon="139.645056"><ele>9.8</ele></trkpt>
<trkpt lat="35.598783" lon="139.644878"><ele>10.5</ele></trkpt>
<trkpt lat="35.598866" lon="139.644746"><ele>11.2</ele></trkpt>
<trkpt lat="35.599003" lon="139.644535"><ele>12.8</ele></trkpt>
<trkpt lat="35.599284" lon="139.644087"><ele>15.0</ele></trkpt>
<trkpt lat="35.600163" lon="139.642727"><ele>10.2</ele></trkpt>
<trkpt lat="35.600474" lon="139.642263"><ele>10.8</ele></trkpt>
<trkpt lat="35.600801" lon="139.641733"><ele>12.5</ele></trkpt>
<trkpt lat="35.601543" lon="139.640624"><ele>14.2</ele></trkpt>
<trkpt lat="35.602017" lon="139.639943"><ele>16.0</ele></trkpt>
<trkpt lat="35.602223" lon="139.639633"><ele>15.5</ele></trkpt>
<trkpt lat="35.602460" lon="139.639281"><ele>15.2</ele></trkpt>
<trkpt lat="35.603129" lon="139.638326"><ele>11.5</ele></trkpt>
<trkpt lat="35.603199" lon="139.638228"><ele>11.5</ele></trkpt>
<trkpt lat="35.603286" lon="139.638128"><ele>11.8</ele></trkpt>
<trkpt lat="35.603448" lon="139.637967"><ele>12.0</ele></trkpt>
<trkpt lat="35.603509" lon="139.637908"><ele>12.0</ele></trkpt>
<trkpt lat="35.603581" lon="139.637823"><ele>12.2</ele></trkpt>
<trkpt lat="35.603801" lon="139.637538"><ele>13.5</ele></trkpt>
<trkpt lat="35.603908" lon="139.637388"><ele>13.8</ele></trkpt>
<trkpt lat="35.604566" lon="139.636445"><ele>15.5</ele></trkpt>
<trkpt lat="35.605108" lon="139.635626"><ele>14.0</ele></trkpt>
<trkpt lat="35.605329" lon="139.635319"><ele>12.8</ele></trkpt>
<trkpt lat="35.605857" lon="139.634565"><ele>9.2</ele></trkpt>
<trkpt lat="35.605902" lon="139.634510"><ele>9.0</ele></trkpt>
<trkpt lat="35.606381" lon="139.633832"><ele>6.2</ele></trkpt>
<trkpt lat="35.606360" lon="139.633783"><ele>6.0</ele></trkpt>
<trkpt lat="35.606325" lon="139.633716"><ele>5.5</ele></trkpt>
<trkpt lat="35.606394" lon="139.633519"><ele>4.5</ele></trkpt>
<trkpt lat="35.606536" lon="139.633253"><ele>4.2</ele></trkpt>
<trkpt lat="35.606736" lon="139.632908"><ele>4.8</ele></trkpt>
<trkpt lat="35.606769" lon="139.632798"><ele>4.8</ele></trkpt>
<trkpt lat="35.606799" lon="139.632749"><ele>5.0</ele></trkpt>
<trkpt lat="35.606923" lon="139.632652"><ele>5.5</ele></trkpt>
<trkpt lat="35.606949" lon="139.632577"><ele>5.8</ele></trkpt>
<trkpt lat="35.607103" lon="139.632329"><ele>7.2</ele></trkpt>
<trkpt lat="35.607241" lon="139.632117"><ele>8.8</ele></trkpt>
<trkpt lat="35.607487" lon="139.631781"><ele>10.5</ele></trkpt>
<trkpt lat="35.607632" lon="139.631517"><ele>11.0</ele></trkpt>
<trkpt lat="35.607669" lon="139.631466"><ele>11.0</ele></trkpt>
<trkpt lat="35.608396" lon="139.630263"><ele>12.8</ele></trkpt>
<trkpt lat="35.608825" lon="139.629619"><ele>11.2</ele></trkpt>
<trkpt lat="35.608970" lon="139.629403"><ele>10.0</ele></trkpt>
<trkpt lat="35.609426" lon="139.628718"><ele>7.8</ele></trkpt>
<trkpt lat="35.609898" lon="139.628121"><ele>8.2</ele></trkpt>
<trkpt lat="35.610453" lon="139.627397"><ele>13.0</ele></trkpt>
<trkpt lat="35.610501" lon="139.627348"><ele>13.5</ele></trkpt>
<trkpt lat="35.610610" lon="139.627145"><ele>14.8</ele></trkpt>
<trkpt lat="35.610699" lon="139.626947"><ele>15.8</ele></trkpt>
<trkpt lat="35.610860" lon="139.626662"><ele>17.0</ele></trkpt>
<trkpt lat="35.611098" lon="139.626402"><ele>17.5</ele></trkpt>
<trkpt lat="35.611301" lon="139.626062"><ele>17.8</ele></trkpt>
<trkpt lat="35.611357" lon="139.625960"><ele>17.8</ele></trkpt>
<trkpt lat="35.611423" lon="139.625816"><ele>17.8</ele></trkpt>
<trkpt lat="35.611542" lon="139.625566"><ele>16.8</ele></trkpt>
<trkpt lat="35.611632" lon="139.625451"><ele>16.8</ele></trkpt>
<trkpt lat="35.611780" lon="139.625297"><ele>16.8</ele></trkpt>
<trkpt lat="35.611980" lon="139.625138"><ele>17.5</ele></trkpt>
<trkpt lat="35.612028" lon="139.625127"><ele>18.0</ele></trkpt>
<trkpt lat="35.612079" lon="139.625134"><ele>18.5</ele></trkpt>
<trkpt lat="35.612184" lon="139.625179"><ele>19.5</ele></trkpt>
<trkpt lat="35.612306" lon="139.625219"><ele>20.5</ele></trkpt>
<trkpt lat="35.612356" lon="139.625224"><ele>21.0</ele></trkpt>
<trkpt lat="35.612471" lon="139.625218"><ele>22.0</ele></trkpt>
<trkpt lat="35.612543" lon="139.625093"><ele>22.0</ele></trkpt>
<trkpt lat="35.612679" lon="139.624921"><ele>20.8</ele></trkpt>
<trkpt lat="35.612787" lon="139.624810"><ele>20.0</ele></trkpt>
<trkpt lat="35.612821" lon="139.624790"><ele>19.8</ele></trkpt>
<trkpt lat="35.612861" lon="139.624781"><ele>19.5</ele></trkpt>
<trkpt lat="35.612909" lon="139.624684"><ele>19.0</ele></trkpt>
<trkpt lat="35.613109" lon="139.624822"><ele>19.5</ele></trkpt>
<trkpt lat="35.613290" lon="139.624903"><ele>19.5</ele></trkpt>
<trkpt lat="35.613531" lon="139.624986"><ele>19.8</ele></trkpt>
<trkpt lat="35.613736" lon="139.625042"><ele>20.2</ele></trkpt>
<trkpt lat="35.613900" lon="139.625280"><ele>22.2</ele></trkpt>
<trkpt lat="35.613965" lon="139.625372"><ele>23.2</ele></trkpt>
<trkpt lat="35.613992" lon="139.625343"><ele>23.0</ele></trkpt>
<trkpt lat="35.614002" lon="139.625331"><ele>23.0</ele></trkpt>
<trkpt lat="35.613495" lon="139.624593"><ele>23.0</ele></trkpt>
<trkpt lat="35.613326" lon="139.624342"><ele>23.0</ele></trkpt>
<trkpt lat="35.612230" lon="139.622598"><ele>23.0</ele></trkpt>
<trkpt lat="35.613326" lon="139.624342"><ele>23.0</ele></trkpt>
<trkpt lat="35.613495" lon="139.624593"><ele>23.0</ele></trkpt>
<trkpt lat="35.614002" lon="139.625331"><ele>23.0</ele></trkpt>
<trkpt lat="35.613992" lon="139.625343"><ele>23.0</ele></trkpt>
<trkpt lat="35.613965" lon="139.625372"><ele>23.2</ele></trkpt>
<trkpt lat="35.613900" lon="139.625280"><ele>22.2</ele></trkpt>
<trkpt lat="35.613736" lon="139.625042"><ele>20.2</ele></trkpt>
<trkpt lat="35.613531" lon="139.624986"><ele>19.8</ele></trkpt>
<trkpt lat="35.613290" lon="139.624903"><ele>19.5</ele></trkpt>
<trkpt lat="35.613109" lon="139.624822"><ele>19.5</ele></trkpt>
<trkpt lat="35.612909" lon="139.624684"><ele>19.0</ele></trkpt>
<trkpt lat="35.612959" lon="139.624596"><ele>18.5</ele></trkpt>
<trkpt lat="35.613032" lon="139.624462"><ele>17.8</ele></trkpt>
<trkpt lat="35.613061" lon="139.624391"><ele>17.5</ele></trkpt>
<trkpt lat="35.613149" lon="139.624142"><ele>16.2</ele></trkpt>
<trkpt lat="35.613324" lon="139.623805"><ele>16.0</ele></trkpt>
<trkpt lat="35.613420" lon="139.623650"><ele>15.8</ele></trkpt>
<trkpt lat="35.613499" lon="139.623530"><ele>15.8</ele></trkpt>
<trkpt lat="35.613977" lon="139.622869"><ele>15.8</ele></trkpt>
<trkpt lat="35.614039" lon="139.622792"><ele>15.8</ele></trkpt>
<trkpt lat="35.614172" lon="139.622646"><ele>16.0</ele></trkpt>
<trkpt lat="35.614196" lon="139.622559"><ele>16.0</ele></trkpt>
<trkpt lat="35.614234" lon="139.622470"><ele>15.8</ele></trkpt>
<trkpt lat="35.614311" lon="139.622319"><ele>15.0</ele></trkpt>
<trkpt lat="35.614332" lon="139.622267"><ele>14.8</ele></trkpt>
<trkpt lat="35.614334" lon="139.622224"><ele>14.8</ele></trkpt>
<trkpt lat="35.614423" lon="139.622130"><ele>14.2</ele></trkpt>
<trkpt lat="35.614717" lon="139.621810"><ele>12.8</ele></trkpt>
<trkpt lat="35.614633" lon="139.621696"><ele>12.5</ele></trkpt>
<trkpt lat="35.614400" lon="139.621364"><ele>9.5</ele></trkpt>
<trkpt lat="35.614315" lon="139.621234"><ele>7.8</ele></trkpt>
<trkpt lat="35.614615" lon="139.620938"><ele>6.5</ele></trkpt>
<trkpt lat="35.614693" lon="139.620880"><ele>6.8</ele></trkpt>
<trkpt lat="35.614783" lon="139.620825"><ele>7.0</ele></trkpt>
<trkpt lat="35.614930" lon="139.620753"><ele>8.0</ele></trkpt>
<trkpt lat="35.615426" lon="139.620528"><ele>9.8</ele></trkpt>
<trkpt lat="35.615504" lon="139.620485"><ele>10.2</ele></trkpt>
<trkpt lat="35.615585" lon="139.620428"><ele>10.5</ele></trkpt>
<trkpt lat="35.615684" lon="139.620339"><ele>11.2</ele></trkpt>
<trkpt lat="35.615692" lon="139.620205"><ele>11.0</ele></trkpt>
<trkpt lat="35.615700" lon="139.620100"><ele>10.8</ele></trkpt>
<trkpt lat="35.616082" lon="139.619086"><ele>14.5</ele></trkpt>
<trkpt lat="35.616113" lon="139.618951"><ele>14.0</ele></trkpt>
<trkpt lat="35.616129" lon="139.618814"><ele>13.2</ele></trkpt>
<trkpt lat="35.616133" lon="139.618719"><ele>13.0</ele></trkpt>
<trkpt lat="35.616127" lon="139.618660"><ele>12.8</ele></trkpt>
<trkpt lat="35.616111" lon="139.618627"><ele>12.5</ele></trkpt>
<trkpt lat="35.616135" lon="139.618026"><ele>9.0</ele></trkpt>
<trkpt lat="35.616141" lon="139.617912"><ele>8.2</ele></trkpt>
<trkpt lat="35.616142" lon="139.617830"><ele>7.5</ele></trkpt>
<trkpt lat="35.616144" lon="139.617748"><ele>7.0</ele></trkpt>
<trkpt lat="35.616179" lon="139.615527"><ele>14.5</ele></trkpt>
<trkpt lat="35.616163" lon="139.615415"><ele>14.8</ele></trkpt>
<trkpt lat="35.616137" lon="139.615313"><ele>15.2</ele></trkpt>
<trkpt lat="35.616160" lon="139.615174"><ele>16.0</ele></trkpt>
<trkpt lat="35.616195" lon="139.615092"><ele>16.5</ele></trkpt>
<trkpt lat="35.616223" lon="139.615058"><ele>16.8</ele></trkpt>
<trkpt lat="35.616249" lon="139.615049"><ele>16.8</ele></trkpt>
<trkpt lat="35.616271" lon="139.615030"><ele>16.8</ele></trkpt>
<trkpt lat="35.616325" lon="139.614889"><ele>16.8</ele></trkpt>
<trkpt lat="35.616373" lon="139.614871"><ele>16.8</ele></trkpt>
<trkpt lat="35.616406" lon="139.614841"><ele>16.8</ele></trkpt>
<trkpt lat="35.616475" lon="139.614467"><ele>16.5</ele></trkpt>
<trkpt lat="35.616477" lon="139.614406"><ele>16.5</ele></trkpt>
<trkpt lat="35.616487" lon="139.613755"><ele>17.0</ele></trkpt>
<trkpt lat="35.616503" lon="139.613251"><ele>17.2</ele></trkpt>
<trkpt lat="35.616547" lon="139.612793"><ele>15.0</ele></trkpt>
<trkpt lat="35.616595" lon="139.612352"><ele>14.5</ele></trkpt>
<trkpt lat="35.616758" lon="139.611055"><ele>10.5</ele></trkpt>
<trkpt lat="35.617030" lon="139.609371"><ele>12.8</ele></trkpt>
<trkpt lat="35.617093" lon="139.609022"><ele>15.0</ele></trkpt>
<trkpt lat="35.617110" lon="139.608926"><ele>15.8</ele></trkpt>
<trkpt lat="35.617181" lon="139.608481"><ele>18.8</ele></trkpt>
<trkpt lat="35.617206" lon="139.608323"><ele>19.5</ele></trkpt>
<trkpt lat="35.617303" lon="139.607793"><ele>18.8</ele></trkpt>
<trkpt lat="35.617488" lon="139.606902"><ele>19.0</ele></trkpt>
<trkpt lat="35.617511" lon="139.606802"><ele>19.0</ele></trkpt>
<trkpt lat="35.617702" lon="139.605974"><ele>17.8</ele></trkpt>
<trkpt lat="35.617945" lon="139.605030"><ele>17.0</ele></trkpt>
<trkpt lat="35.618152" lon="139.604337"><ele>17.0</ele></trkpt>
<trkpt lat="35.618281" lon="139.603969"><ele>17.8</ele></trkpt>
<trkpt lat="35.618381" lon="139.603680"><ele>18.5</ele></trkpt>
<trkpt lat="35.618391" lon="139.603654"><ele>18.5</ele></trkpt>
<trkpt lat="35.619162" lon="139.601613"><ele>12.8</ele></trkpt>
<trkpt lat="35.619304" lon="139.601275"><ele>13.0</ele></trkpt>
<trkpt lat="35.619365" lon="139.601109"><ele>13.2</ele></trkpt>
<trkpt lat="35.619702" lon="139.600104"><ele>17.8</ele></trkpt>
<trkpt lat="35.619760" lon="139.599908"><ele>18.2</ele></trkpt>
<trkpt lat="35.619959" lon="139.599219"><ele>18.2</ele></trkpt>
<trkpt lat="35.620202" lon="139.598237"><ele>16.2</ele></trkpt>
<trkpt lat="35.620339" lon="139.597919"><ele>17.2</ele></trkpt>
<trkpt lat="35.620438" lon="139.597557"><ele>18.0</ele></trkpt>
<trkpt lat="35.620490" lon="139.597319"><ele>17.8</ele></trkpt>
<trkpt lat="35.620526" lon="139.597057"><ele>17.2</ele></trkpt>
<trkpt lat="35.620594" lon="139.596319"><ele>17.8</ele></trkpt>
<trkpt lat="35.620610" lon="139.595691"><ele>19.8</ele></trkpt>
<trkpt lat="35.620582" lon="139.595091"><ele>21.0</ele></trkpt>
<trkpt lat="35.620538" lon="139.593598"><ele>21.0</ele></trkpt>
<trkpt lat="35.620527" lon="139.592824"><ele>21.0</ele></trkpt>
<trkpt lat="35.620565" lon="139.592183"><ele>20.2</ele></trkpt>
<trkpt lat="35.620704" lon="139.591266"><ele>19.2</ele></trkpt>
<trkpt lat="35.620779" lon="139.590575"><ele>20.8</ele></trkpt>
<trkpt lat="35.620835" lon="139.590022"><ele>21.8</ele></trkpt>
<trkpt lat="35.620845" lon="139.589463"><ele>19.2</ele></trkpt>
<trkpt lat="35.620839" lon="139.588871"><ele>18.5</ele></trkpt>
<trkpt lat="35.620819" lon="139.588826"><ele>18.5</ele></trkpt>
<trkpt lat="35.620796" lon="139.588685"><ele>18.2</ele></trkpt>
<trkpt lat="35.620773" lon="139.588198"><ele>18.0</ele></trkpt>
<trkpt lat="35.620766" lon="139.587571"><ele>14.2</ele></trkpt>
<trkpt lat="35.620784" lon="139.587425"><ele>14.5</ele></trkpt>
<trkpt lat="35.620792" lon="139.587366"><ele>14.8</ele></trkpt>
<trkpt lat="35.620872" lon="139.586926"><ele>17.0</ele></trkpt>
<trkpt lat="35.621010" lon="139.586405"><ele>17.5</ele></trkpt>
<trkpt lat="35.621130" lon="139.585987"><ele>17.2</ele></trkpt>
<trkpt lat="35.621220" lon="139.585702"><ele>17.0</ele></trkpt>
<trkpt lat="35.621246" lon="139.585626"><ele>17.0</ele></trkpt>
<trkpt lat="35.621294" lon="139.585560"><ele>17.2</ele></trkpt>
<trkpt lat="35.621283" lon="139.585501"><ele>16.8</ele></trkpt>
<trkpt lat="35.621387" lon="139.585227"><ele>17.0</ele></trkpt>
<trkpt lat="35.621477" lon="139.585009"><ele>17.5</ele></trkpt>
<trkpt lat="35.621722" lon="139.584383"><ele>20.8</ele></trkpt>
<trkpt lat="35.622010" lon="139.583623"><ele>21.5</ele></trkpt>
<trkpt lat="35.622218" lon="139.583043"><ele>21.8</ele></trkpt>
<trkpt lat="35.622435" lon="139.582349"><ele>20.0</ele></trkpt>
<trkpt lat="35.622511" lon="139.582078"><ele>20.5</ele></trkpt>
<trkpt lat="35.622561" lon="139.581899"><ele>20.5</ele></trkpt>
<trkpt lat="35.622657" lon="139.581507"><ele>20.5</ele></trkpt>
<trkpt lat="35.622788" lon="139.580970"><ele>20.0</ele></trkpt>
<trkpt lat="35.622981" lon="139.580167"><ele>19.2</ele></trkpt>
<trkpt lat="35.622993" lon="139.580123"><ele>19.0</ele></trkpt>
<trkpt lat="35.623017" lon="139.580019"><ele>19.0</ele></trkpt>
<trkpt lat="35.623042" lon="139.579908"><ele>19.0</ele></trkpt>
<trkpt lat="35.623123" lon="139.579517"><ele>19.2</ele></trkpt>
<trkpt lat="35.623148" lon="139.579390"><ele>19.2</ele></trkpt>
<trkpt lat="35.623157" lon="139.579345"><ele>19.2</ele></trkpt>
<trkpt lat="35.623164" lon="139.579306"><ele>19.2</ele></trkpt>
<trkpt lat="35.623329" lon="139.578456"><ele>20.0</ele></trkpt>
<trkpt lat="35.623354" lon="139.578327"><ele>20.0</ele></trkpt>
<trkpt lat="35.623555" lon="139.577240"><ele>20.2</ele></trkpt>
<trkpt lat="35.623771" lon="139.576331"><ele>19.8</ele></trkpt>
<trkpt lat="35.623891" lon="139.575886"><ele>21.8</ele></trkpt>
<trkpt lat="35.624059" lon="139.575337"><ele>21.8</ele></trkpt>
<trkpt lat="35.624601" lon="139.573677"><ele>26.2</ele></trkpt>
<trkpt lat="35.624626" lon="139.573610"><ele>26.5</ele></trkpt>
<trkpt lat="35.624666" lon="139.573490"><ele>27.2</ele></trkpt>
<trkpt lat="35.624885" lon="139.572938"><ele>26.0</ele></trkpt>
<trkpt lat="35.624984" lon="139.572704"><ele>24.5</ele></trkpt>
<trkpt lat="35.625047" lon="139.572544"><ele>23.2</ele></trkpt>
<trkpt lat="35.625154" lon="139.572303"><ele>23.0</ele></trkpt>
<trkpt lat="35.625443" lon="139.571734"><ele>23.0</ele></trkpt>
<trkpt lat="35.625472" lon="139.571679"><ele>23.0</ele></trkpt>
<trkpt lat="35.625520" lon="139.571678"><ele>23.0</ele></trkpt>
<trkpt lat="35.625566" lon="139.571655"><ele>22.8</ele></trkpt>
<trkpt lat="35.625664" lon="139.571535"><ele>22.8</ele></trkpt>
<trkpt lat="35.625952" lon="139.571050"><ele>23.0</ele></trkpt>
<trkpt lat="35.626025" lon="139.570942"><ele>23.0</ele></trkpt>
<trkpt lat="35.626234" lon="139.570709"><ele>23.2</ele></trkpt>
<trkpt lat="35.626253" lon="139.570687"><ele>23.5</ele></trkpt>
<trkpt lat="35.626451" lon="139.570448"><ele>24.0</ele></trkpt>
<trkpt lat="35.626764" lon="139.570099"><ele>26.0</ele></trkpt>
<trkpt lat="35.626875" lon="139.569997"><ele>26.8</ele></trkpt>
<trkpt lat="35.627225" lon="139.569748"><ele>26.0</ele></trkpt>
<trkpt lat="35.627294" lon="139.569679"><ele>25.5</ele></trkpt>
<trkpt lat="35.627574" lon="139.569618"><ele>25.2</ele></trkpt>
<trkpt lat="35.627830" lon="139.569522"><ele>23.0</ele></trkpt>
<trkpt lat="35.628246" lon="139.569331"><ele>21.0</ele></trkpt>
<trkpt lat="35.629198" lon="139.568935"><ele>22.8</ele></trkpt>
<trkpt lat="35.629236" lon="139.568918"><ele>22.8</ele></trkpt>
<trkpt lat="35.629838" lon="139.568636"><ele>22.2</ele></trkpt>
<trkpt lat="35.630279" lon="139.568406"><ele>20.8</ele></trkpt>
<trkpt lat="35.630796" lon="139.568120"><ele>20.0</ele></trkpt>
<trkpt lat="35.630892" lon="139.568067"><ele>20.2</ele></trkpt>
<trkpt lat="35.631078" lon="139.567944"><ele>20.8</ele></trkpt>
<trkpt lat="35.631296" lon="139.567785"><ele>21.0</ele></trkpt>
<trkpt lat="35.631700" lon="139.567462"><ele>21.8</ele></trkpt>
<trkpt lat="35.631849" lon="139.567320"><ele>21.8</ele></trkpt>
<trkpt lat="35.632067" lon="139.567114"><ele>22.0</ele></trkpt>
<trkpt lat="35.632203" lon="139.566959"><ele>22.2</ele></trkpt>
<trkpt lat="35.632275" lon="139.566856"><ele>22.5</ele></trkpt>
<trkpt lat="35.632377" lon="139.566622"><ele>23.0</ele></trkpt>
<trkpt lat="35.632583" lon="139.566365"><ele>24.2</ele></trkpt>
<trkpt lat="35.633601" lon="139.565160"><ele>23.5</ele></trkpt>
<trkpt lat="35.633659" lon="139.565092"><ele>23.8</ele></trkpt>
<trkpt lat="35.633746" lon="139.564987"><ele>24.2</ele></trkpt>
<trkpt lat="35.634226" lon="139.564403"><ele>25.0</ele></trkpt>
<trkpt lat="35.634625" lon="139.563805"><ele>26.2</ele></trkpt>
<trkpt lat="35.634994" lon="139.563211"><ele>28.8</ele></trkpt>
<trkpt lat="35.635179" lon="139.562878"><ele>26.2</ele></trkpt>
<trkpt lat="35.635290" lon="139.562661"><ele>25.0</ele></trkpt>
<trkpt lat="35.635381" lon="139.562450"><ele>24.0</ele></trkpt>
<trkpt lat="35.635507" lon="139.562156"><ele>24.5</ele></trkpt>
<trkpt lat="35.635665" lon="139.561764"><ele>25.2</ele></trkpt>
<trkpt lat="35.635799" lon="139.561408"><ele>25.2</ele></trkpt>
<trkpt lat="35.635927" lon="139.560987"><ele>24.2</ele></trkpt>
<trkpt lat="35.635995" lon="139.560761"><ele>24.2</ele></trkpt>
<trkpt lat="35.636191" lon="139.559973"><ele>23.5</ele></trkpt>
<trkpt lat="35.636344" lon="139.559306"><ele>23.8</ele></trkpt>
<trkpt lat="35.636698" lon="139.557474"><ele>25.0</ele></trkpt>
<trkpt lat="35.636797" lon="139.556838"><ele>25.2</ele></trkpt>
<trkpt lat="35.636915" lon="139.556095"><ele>24.2</ele></trkpt>
<trkpt lat="35.637094" lon="139.555056"><ele>24.0</ele></trkpt>
<trkpt lat="35.637305" lon="139.553809"><ele>22.5</ele></trkpt>
<trkpt lat="35.637383" lon="139.553415"><ele>22.2</ele></trkpt>
<trkpt lat="35.637438" lon="139.553101"><ele>22.2</ele></trkpt>
<trkpt lat="35.637465" lon="139.552895"><ele>22.2</ele></trkpt>
<trkpt lat="35.637509" lon="139.552658"><ele>22.0</ele></trkpt>
<trkpt lat="35.637534" lon="139.552556"><ele>22.0</ele></trkpt>
<trkpt lat="35.637633" lon="139.552059"><ele>25.0</ele></trkpt>
<trkpt lat="35.637783" lon="139.551414"><ele>28.5</ele></trkpt>
<trkpt lat="35.637964" lon="139.550672"><ele>29.2</ele></trkpt>
<trkpt lat="35.638305" lon="139.549340"><ele>27.5</ele></trkpt>
<trkpt lat="35.638717" lon="139.547876"><ele>25.2</ele></trkpt>
<trkpt lat="35.639154" lon="139.546360"><ele>27.0</ele></trkpt>
<trkpt lat="35.639330" lon="139.545750"><ele>26.5</ele></trkpt>
<trkpt lat="35.639497" lon="139.545207"><ele>29.5</ele></trkpt>
<trkpt lat="35.639783" lon="139.544184"><ele>26.2</ele></trkpt>
<trkpt lat="35.639959" lon="139.543498"><ele>25.0</ele></trkpt>
<trkpt lat="35.640125" lon="139.542871"><ele>23.5</ele></trkpt>
<trkpt lat="35.640290" lon="139.542210"><ele>24.0</ele></trkpt>
<trkpt lat="35.640603" lon="139.540899"><ele>27.2</ele></trkpt>
<trkpt lat="35.640749" lon="139.540287"><ele>26.5</ele></trkpt>
<trkpt lat="35.641116" lon="139.538628"><ele>27.2</ele></trkpt>
<trkpt lat="35.641089" lon="139.538602"><ele>27.2</ele></trkpt>
<trkpt lat="35.641065" lon="139.538605"><ele>27.2</ele></trkpt>
<trkpt lat="35.641043" lon="139.538636"><ele>27.0</ele></trkpt>
<trkpt lat="35.641002" lon="139.538844"><ele>27.0</ele></trkpt>
<trkpt lat="35.640870" lon="139.539200"><ele>27.0</ele></trkpt>
<trkpt lat="35.640853" lon="139.539222"><ele>27.0</ele></trkpt>
<trkpt lat="35.640835" lon="139.539231"><ele>27.0</ele></trkpt>
<trkpt lat="35.640813" lon="139.539218"><ele>26.5</ele></trkpt>
<trkpt lat="35.640810" lon="139.539194"><ele>26.5</ele></trkpt>
<trkpt lat="35.640817" lon="139.539156"><ele>26.8</ele></trkpt>
<trkpt lat="35.640898" lon="139.538963"><ele>26.8</ele></trkpt>
<trkpt lat="35.640945" lon="139.538806"><ele>26.8</ele></trkpt>
<trkpt lat="35.640969" lon="139.538675"><ele>26.8</ele></trkpt>
<trkpt lat="35.641006" lon="139.538233"><ele>26.0</ele></trkpt>
<trkpt lat="35.641081" lon="139.537928"><ele>24.5</ele></trkpt>
<trkpt lat="35.641259" lon="139.537271"><ele>24.8</ele></trkpt>
<trkpt lat="35.641297" lon="139.537112"><ele>25.8</ele></trkpt>
<trkpt lat="35.641473" lon="139.536123"><ele>29.0</ele></trkpt>
<trkpt lat="35.641581" lon="139.535573"><ele>31.2</ele></trkpt>
<trkpt lat="35.641743" lon="139.534679"><ele>33.2</ele></trkpt>
<trkpt lat="35.642064" lon="139.533176"><ele>30.5</ele></trkpt>
<trkpt lat="35.642114" lon="139.532911"><ele>31.8</ele></trkpt>
<trkpt lat="35.642163" lon="139.532715"><ele>32.5</ele></trkpt>
<trkpt lat="35.642192" lon="139.532548"><ele>33.2</ele></trkpt>
<trkpt lat="35.642365" lon="139.531803"><ele>33.5</ele></trkpt>
<trkpt lat="35.642452" lon="139.531518"><ele>33.5</ele></trkpt>
<trkpt lat="35.642640" lon="139.530930"><ele>33.0</ele></trkpt>
<trkpt lat="35.642866" lon="139.530293"><ele>33.8</ele></trkpt>
<trkpt lat="35.643068" lon="139.529753"><ele>32.2</ele></trkpt>
<trkpt lat="35.643307" lon="139.529075"><ele>31.0</ele></trkpt>
<trkpt lat="35.643399" lon="139.528834"><ele>31.8</ele></trkpt>
<trkpt lat="35.643652" lon="139.528231"><ele>33.0</ele></trkpt>
<trkpt lat="35.643827" lon="139.527839"><ele>32.0</ele></trkpt>
<trkpt lat="35.644060" lon="139.527417"><ele>32.0</ele></trkpt>
<trkpt lat="35.644366" lon="139.526959"><ele>33.5</ele></trkpt>
<trkpt lat="35.644547" lon="139.526734"><ele>34.2</ele></trkpt>
<trkpt lat="35.644808" lon="139.526450"><ele>33.5</ele></trkpt>
<trkpt lat="35.645114" lon="139.526144"><ele>31.2</ele></trkpt>
<trkpt lat="35.645427" lon="139.525809"><ele>30.8</ele></trkpt>
<trkpt lat="35.645485" lon="139.525759"><ele>31.0</ele></trkpt>
<trkpt lat="35.645535" lon="139.525731"><ele>31.2</ele></trkpt>
<trkpt lat="35.645706" lon="139.525680"><ele>32.2</ele></trkpt>
<trkpt lat="35.645763" lon="139.525649"><ele>32.5</ele></trkpt>
<trkpt lat="35.645874" lon="139.525560"><ele>32.8</ele></trkpt>
<trkpt lat="35.646401" lon="139.525068"><ele>34.0</ele></trkpt>
<trkpt lat="35.646507" lon="139.524980"><ele>34.5</ele></trkpt>
<trkpt lat="35.646615" lon="139.524952"><ele>35.0</ele></trkpt>
<trkpt lat="35.647341" lon="139.524093"><ele>31.2</ele></trkpt>
<trkpt lat="35.648085" lon="139.523200"><ele>31.8</ele></trkpt>
<trkpt lat="35.648105" lon="139.523173"><ele>31.8</ele></trkpt>
<trkpt lat="35.648302" lon="139.522916"><ele>31.2</ele></trkpt>
<trkpt lat="35.648483" lon="139.522685"><ele>30.8</ele></trkpt>
<trkpt lat="35.648692" lon="139.522390"><ele>31.2</ele></trkpt>
<trkpt lat="35.648911" lon="139.522116"><ele>32.5</ele></trkpt>
<trkpt lat="35.649140" lon="139.521809"><ele>33.0</ele></trkpt>
<trkpt lat="35.649381" lon="139.521464"><ele>32.8</ele></trkpt>
<trkpt lat="35.649646" lon="139.521107"><ele>31.8</ele></trkpt>
<trkpt lat="35.649902" lon="139.520748"><ele>31.2</ele></trkpt>
<trkpt lat="35.650040" lon="139.520546"><ele>31.2</ele></trkpt>
<trkpt lat="35.650209" lon="139.520301"><ele>31.5</ele></trkpt>
<trkpt lat="35.650672" lon="139.519602"><ele>30.5</ele></trkpt>
<trkpt lat="35.651366" lon="139.518498"><ele>31.5</ele></trkpt>
<trkpt lat="35.651528" lon="139.518206"><ele>31.5</ele></trkpt>
<trkpt lat="35.651702" lon="139.517923"><ele>31.2</ele></trkpt>
<trkpt lat="35.652065" lon="139.517287"><ele>33.0</ele></trkpt>
<trkpt lat="35.652153" lon="139.517146"><ele>34.0</ele></trkpt>
<trkpt lat="35.652283" lon="139.516930"><ele>35.0</ele></trkpt>
<trkpt lat="35.652389" lon="139.516731"><ele>36.0</ele></trkpt>
<trkpt lat="35.652612" lon="139.516356"><ele>34.5</ele></trkpt>
<trkpt lat="35.652634" lon="139.516316"><ele>34.2</ele></trkpt>
<trkpt lat="35.653019" lon="139.515586"><ele>34.5</ele></trkpt>
<trkpt lat="35.653337" lon="139.515009"><ele>35.8</ele></trkpt>
<trkpt lat="35.653648" lon="139.514415"><ele>35.0</ele></trkpt>
<trkpt lat="35.653780" lon="139.514129"><ele>34.8</ele></trkpt>
<trkpt lat="35.653895" lon="139.513922"><ele>34.2</ele></trkpt>
<trkpt lat="35.653941" lon="139.513827"><ele>34.0</ele></trkpt>
<trkpt lat="35.653988" lon="139.513676"><ele>34.0</ele></trkpt>
<trkpt lat="35.654004" lon="139.513537"><ele>33.8</ele></trkpt>
<trkpt lat="35.654006" lon="139.513435"><ele>33.8</ele></trkpt>
<trkpt lat="35.653988" lon="139.513238"><ele>33.5</ele></trkpt>
<trkpt lat="35.653903" lon="139.512822"><ele>33.0</ele></trkpt>
<trkpt lat="35.653789" lon="139.512474"><ele>32.5</ele></trkpt>
<trkpt lat="35.653754" lon="139.512356"><ele>33.2</ele></trkpt>
<trkpt lat="35.653725" lon="139.512214"><ele>33.8</ele></trkpt>
<trkpt lat="35.653735" lon="139.511532"><ele>37.0</ele></trkpt>
<trkpt lat="35.653729" lon="139.511208"><ele>37.8</ele></trkpt>
<trkpt lat="35.653750" lon="139.510867"><ele>38.8</ele></trkpt>
<trkpt lat="35.653772" lon="139.510294"><ele>38.8</ele></trkpt>
<trkpt lat="35.653782" lon="139.509842"><ele>38.2</ele></trkpt>
<trkpt lat="35.653779" lon="139.509485"><ele>37.2</ele></trkpt>
<trkpt lat="35.653767" lon="139.509047"><ele>36.2</ele></trkpt>
<trkpt lat="35.653742" lon="139.508486"><ele>35.2</ele></trkpt>
<trkpt lat="35.653725" lon="139.508144"><ele>34.8</ele></trkpt>
<trkpt lat="35.653654" lon="139.507252"><ele>33.8</ele></trkpt>
<trkpt lat="35.653612" lon="139.506536"><ele>33.2</ele></trkpt>
<trkpt lat="35.653526" lon="139.505563"><ele>34.5</ele></trkpt>
<trkpt lat="35.653486" lon="139.504983"><ele>37.2</ele></trkpt>
<trkpt lat="35.653439" lon="139.504127"><ele>40.5</ele></trkpt>
<trkpt lat="35.653426" lon="139.503811"><ele>43.5</ele></trkpt>
<trkpt lat="35.653423" lon="139.503750"><ele>44.0</ele></trkpt>
<trkpt lat="35.653414" lon="139.503545"><ele>46.2</ele></trkpt>
<trkpt lat="35.653410" lon="139.503131"><ele>47.2</ele></trkpt>
<trkpt lat="35.653428" lon="139.502833"><ele>45.8</ele></trkpt>
<trkpt lat="35.653445" lon="139.502548"><ele>44.5</ele></trkpt>
<trkpt lat="35.653492" lon="139.502022"><ele>41.2</ele></trkpt>
<trkpt lat="35.653560" lon="139.501479"><ele>37.5</ele></trkpt>
<trkpt lat="35.653638" lon="139.500961"><ele>33.5</ele></trkpt>
<trkpt lat="35.653708" lon="139.500571"><ele>33.2</ele></trkpt>
<trkpt lat="35.653791" lon="139.500196"><ele>34.2</ele></trkpt>
<trkpt lat="35.653996" lon="139.499405"><ele>35.8</ele></trkpt>
<trkpt lat="35.654082" lon="139.499038"><ele>36.2</ele></trkpt>
<trkpt lat="35.654224" lon="139.498544"><ele>37.0</ele></trkpt>
<trkpt lat="35.654331" lon="139.498204"><ele>37.5</ele></trkpt>
<trkpt lat="35.654683" lon="139.496971"><ele>40.5</ele></trkpt>
<trkpt lat="35.654915" lon="139.496060"><ele>42.8</ele></trkpt>
<trkpt lat="35.655116" lon="139.495089"><ele>45.0</ele></trkpt>
<trkpt lat="35.655186" lon="139.494661"><ele>48.0</ele></trkpt>
<trkpt lat="35.655275" lon="139.494010"><ele>50.5</ele></trkpt>
<trkpt lat="35.655429" lon="139.492429"><ele>39.5</ele></trkpt>
<trkpt lat="35.655472" lon="139.491722"><ele>40.0</ele></trkpt>
<trkpt lat="35.655485" lon="139.491473"><ele>40.2</ele></trkpt>
<trkpt lat="35.655512" lon="139.490695"><ele>39.8</ele></trkpt>
<trkpt lat="35.655522" lon="139.490158"><ele>36.0</ele></trkpt>
<trkpt lat="35.655519" lon="139.489195"><ele>34.0</ele></trkpt>
<trkpt lat="35.655523" lon="139.489025"><ele>35.0</ele></trkpt>
<trkpt lat="35.655478" lon="139.489097"><ele>33.8</ele></trkpt>
<trkpt lat="35.655427" lon="139.489519"><ele>33.0</ele></trkpt>
<trkpt lat="35.655413" lon="139.489565"><ele>32.8</ele></trkpt>
<trkpt lat="35.655378" lon="139.489597"><ele>32.2</ele></trkpt>
<trkpt lat="35.655352" lon="139.489597"><ele>32.0</ele></trkpt>
<trkpt lat="35.655322" lon="139.489573"><ele>31.5</ele></trkpt>
<trkpt lat="35.655312" lon="139.489538"><ele>31.2</ele></trkpt>
<trkpt lat="35.655326" lon="139.489131"><ele>31.2</ele></trkpt>
<trkpt lat="35.655345" lon="139.488882"><ele>34.0</ele></trkpt>
<trkpt lat="35.655354" lon="139.488569"><ele>37.0</ele></trkpt>
<trkpt lat="35.655377" lon="139.488336"><ele>39.2</ele></trkpt>
<trkpt lat="35.655362" lon="139.487778"><ele>39.5</ele></trkpt>
<trkpt lat="35.655350" lon="139.487589"><ele>39.5</ele></trkpt>
<trkpt lat="35.655354" lon="139.487206"><ele>39.8</ele></trkpt>
<trkpt lat="35.655338" lon="139.486959"><ele>39.8</ele></trkpt>
<trkpt lat="35.655335" lon="139.486931"><ele>39.8</ele></trkpt>
<trkpt lat="35.655292" lon="139.486235"><ele>40.2</ele></trkpt>
<trkpt lat="35.655240" lon="139.485913"><ele>40.2</ele></trkpt>
<trkpt lat="35.655229" lon="139.485705"><ele>40.8</ele></trkpt>
<trkpt lat="35.655226" lon="139.485586"><ele>41.2</ele></trkpt>
<trkpt lat="35.655198" lon="139.485243"><ele>42.5</ele></trkpt>
<trkpt lat="35.655170" lon="139.484917"><ele>43.8</ele></trkpt>
<trkpt lat="35.655098" lon="139.484241"><ele>48.2</ele></trkpt>
<trkpt lat="35.655085" lon="139.483827"><ele>48.0</ele></trkpt>
<trkpt lat="35.655064" lon="139.483470"><ele>47.2</ele></trkpt>
<trkpt lat="35.655055" lon="139.483286"><ele>46.8</ele></trkpt>
<trkpt lat="35.655031" lon="139.482805"><ele>46.8</ele></trkpt>
<trkpt lat="35.655029" lon="139.482651"><ele>46.8</ele></trkpt>
<trkpt lat="35.655032" lon="139.482374"><ele>46.8</ele></trkpt>
<trkpt lat="35.655037" lon="139.481759"><ele>46.8</ele></trkpt>
<trkpt lat="35.655043" lon="139.481482"><ele>46.2</ele></trkpt>
<trkpt lat="35.655050" lon="139.481274"><ele>45.5</ele></trkpt>
<trkpt lat="35.655049" lon="139.481099"><ele>44.8</ele></trkpt>
<trkpt lat="35.655035" lon="139.480936"><ele>44.2</ele></trkpt>
<trkpt lat="35.654992" lon="139.480646"><ele>43.8</ele></trkpt>
<trkpt lat="35.654947" lon="139.480365"><ele>43.5</ele></trkpt>
<trkpt lat="35.654910" lon="139.480096"><ele>43.2</ele></trkpt>
<trkpt lat="35.654881" lon="139.479344"><ele>42.2</ele></trkpt>
<trkpt lat="35.654884" lon="139.479213"><ele>42.0</ele></trkpt>
<trkpt lat="35.654902" lon="139.479008"><ele>42.0</ele></trkpt>
<trkpt lat="35.654918" lon="139.478881"><ele>41.8</ele></trkpt>
<trkpt lat="35.654942" lon="139.478782"><ele>41.8</ele></trkpt>
<trkpt lat="35.654960" lon="139.478642"><ele>41.5</ele></trkpt>
<trkpt lat="35.654973" lon="139.478476"><ele>41.2</ele></trkpt>
<trkpt lat="35.654975" lon="139.478352"><ele>40.8</ele></trkpt>
<trkpt lat="35.654961" lon="139.478315"><ele>40.8</ele></trkpt>
<trkpt lat="35.654941" lon="139.478261"><ele>41.0</ele></trkpt>
<trkpt lat="35.654836" lon="139.478215"><ele>41.0</ele></trkpt>
<trkpt lat="35.654709" lon="139.478201"><ele>40.5</ele></trkpt>
<trkpt lat="35.654221" lon="139.478101"><ele>39.5</ele></trkpt>
<trkpt lat="35.654144" lon="139.478080"><ele>39.5</ele></trkpt>
<trkpt lat="35.654093" lon="139.478048"><ele>39.2</ele></trkpt>
<trkpt lat="35.654050" lon="139.478008"><ele>39.2</ele></trkpt>
<trkpt lat="35.653992" lon="139.477933"><ele>39.2</ele></trkpt>
<trkpt lat="35.653957" lon="139.477842"><ele>39.2</ele></trkpt>
<trkpt lat="35.653669" lon="139.476827"><ele>41.0</ele></trkpt>
<trkpt lat="35.653528" lon="139.476297"><ele>42.2</ele></trkpt>
<trkpt lat="35.653522" lon="139.476276"><ele>42.5</ele></trkpt>
<trkpt lat="35.653426" lon="139.475900"><ele>43.5</ele></trkpt>
<trkpt lat="35.653292" lon="139.475316"><ele>45.0</ele></trkpt>
<trkpt lat="35.653236" lon="139.475025"><ele>45.5</ele></trkpt>
<trkpt lat="35.653096" lon="139.474154"><ele>40.5</ele></trkpt>
<trkpt lat="35.653053" lon="139.473816"><ele>42.5</ele></trkpt>
<trkpt lat="35.652996" lon="139.473172"><ele>44.8</ele></trkpt>
<trkpt lat="35.652973" lon="139.472779"><ele>43.5</ele></trkpt>
<trkpt lat="35.652955" lon="139.472085"><ele>43.2</ele></trkpt>
<trkpt lat="35.652966" lon="139.471515"><ele>43.2</ele></trkpt>
<trkpt lat="35.653002" lon="139.470756"><ele>41.5</ele></trkpt>
<trkpt lat="35.653027" lon="139.470413"><ele>42.8</ele></trkpt>
<trkpt lat="35.653054" lon="139.469919"><ele>44.0</ele></trkpt>
<trkpt lat="35.653130" lon="139.469085"><ele>45.0</ele></trkpt>
<trkpt lat="35.653292" lon="139.467550"><ele>44.5</ele></trkpt>
<trkpt lat="35.653320" lon="139.467271"><ele>46.2</ele></trkpt>
<trkpt lat="35.653324" lon="139.467244"><ele>46.2</ele></trkpt>
<trkpt lat="35.653378" lon="139.466863"><ele>48.8</ele></trkpt>
<trkpt lat="35.653494" lon="139.465988"><ele>51.0</ele></trkpt>
<trkpt lat="35.653784" lon="139.464063"><ele>51.0</ele></trkpt>
<trkpt lat="35.653849" lon="139.463662"><ele>50.2</ele></trkpt>
<trkpt lat="35.654322" lon="139.460843"><ele>52.0</ele></trkpt>
<trkpt lat="35.654655" lon="139.459007"><ele>55.8</ele></trkpt>
<trkpt lat="35.654910" lon="139.457542"><ele>60.5</ele></trkpt>
<trkpt lat="35.655003" lon="139.457007"><ele>64.2</ele></trkpt>
<trkpt lat="35.655123" lon="139.456331"><ele>62.0</ele></trkpt>
<trkpt lat="35.655122" lon="139.456294"><ele>61.8</ele></trkpt>
<trkpt lat="35.655172" lon="139.456082"><ele>60.0</ele></trkpt>
<trkpt lat="35.655244" lon="139.456106"><ele>60.8</ele></trkpt>
<trkpt lat="35.655301" lon="139.455840"><ele>59.2</ele></trkpt>
<trkpt lat="35.655310" lon="139.455794"><ele>59.0</ele></trkpt>
<trkpt lat="35.655333" lon="139.455686"><ele>59.0</ele></trkpt>
<trkpt lat="35.655357" lon="139.455569"><ele>59.0</ele></trkpt>
<trkpt lat="35.655304" lon="139.455552"><ele>58.2</ele></trkpt>
<trkpt lat="35.655289" lon="139.455561"><ele>58.0</ele></trkpt>
<trkpt lat="35.655258" lon="139.455581"><ele>57.8</ele></trkpt>
<trkpt lat="35.651971" lon="139.454409"><ele>47.2</ele></trkpt>
<trkpt lat="35.651922" lon="139.454415"><ele>47.5</ele></trkpt>
<trkpt lat="35.651924" lon="139.454363"><ele>47.5</ele></trkpt>
<trkpt lat="35.651927" lon="139.454204"><ele>47.2</ele></trkpt>
<trkpt lat="35.651948" lon="139.454019"><ele>47.5</ele></trkpt>
<trkpt lat="35.651982" lon="139.453841"><ele>47.8</ele></trkpt>
<trkpt lat="35.652127" lon="139.453257"><ele>48.2</ele></trkpt>
<trkpt lat="35.652415" lon="139.452038"><ele>48.5</ele></trkpt>
<trkpt lat="35.652319" lon="139.451511"><ele>49.2</ele></trkpt>
<trkpt lat="35.652167" lon="139.451138"><ele>49.5</ele></trkpt>
<trkpt lat="35.652000" lon="139.450759"><ele>50.2</ele></trkpt>
<trkpt lat="35.651758" lon="139.450348"><ele>51.2</ele></trkpt>
<trkpt lat="35.651647" lon="139.450183"><ele>51.8</ele></trkpt>
<trkpt lat="35.651141" lon="139.449426"><ele>57.0</ele></trkpt>
<trkpt lat="35.651082" lon="139.449355"><ele>57.5</ele></trkpt>
<trkpt lat="35.651176" lon="139.449136"><ele>58.8</ele></trkpt>
<trkpt lat="35.651242" lon="139.448925"><ele>60.8</ele></trkpt>
<trkpt lat="35.651063" lon="139.448547"><ele>64.0</ele></trkpt>
<trkpt lat="35.650975" lon="139.448457"><ele>64.5</ele></trkpt>
<trkpt lat="35.650878" lon="139.448084"><ele>65.8</ele></trkpt>
<trkpt lat="35.650860" lon="139.448010"><ele>65.8</ele></trkpt>
<trkpt lat="35.650909" lon="139.447995"><ele>66.2</ele></trkpt>
<trkpt lat="35.650998" lon="139.447965"><ele>67.0</ele></trkpt>
<trkpt lat="35.650979" lon="139.447875"><ele>67.2</ele></trkpt>
<trkpt lat="35.650883" lon="139.447383"><ele>67.8</ele></trkpt>
<trkpt lat="35.650991" lon="139.447350"><ele>69.0</ele></trkpt>
<trkpt lat="35.650951" lon="139.447154"><ele>68.8</ele></trkpt>
<trkpt lat="35.650879" lon="139.446796"><ele>68.8</ele></trkpt>
<trkpt lat="35.650872" lon="139.446759"><ele>68.8</ele></trkpt>
<trkpt lat="35.650866" lon="139.446728"><ele>68.8</ele></trkpt>
<trkpt lat="35.650947" lon="139.446556"><ele>68.2</ele></trkpt>
<trkpt lat="35.650941" lon="139.446505"><ele>67.5</ele></trkpt>
<trkpt lat="35.650934" lon="139.446423"><ele>66.8</ele></trkpt>
<trkpt lat="35.650874" lon="139.446431"><ele>66.5</ele></trkpt>
<trkpt lat="35.650869" lon="139.446355"><ele>65.8</ele></trkpt>
<trkpt lat="35.650851" lon="139.445907"><ele>60.8</ele></trkpt>
<trkpt lat="35.650882" lon="139.445493"><ele>58.0</ele></trkpt>
<trkpt lat="35.651143" lon="139.445354"><ele>58.0</ele></trkpt>
<trkpt lat="35.651275" lon="139.445381"><ele>58.5</ele></trkpt>
<trkpt lat="35.651528" lon="139.445321"><ele>58.8</ele></trkpt>
<trkpt lat="35.651853" lon="139.445191"><ele>56.2</ele></trkpt>
<trkpt lat="35.652319" lon="139.445221"><ele>53.8</ele></trkpt>
<trkpt lat="35.652564" lon="139.445251"><ele>52.5</ele></trkpt>
<trkpt lat="35.652716" lon="139.444943"><ele>53.0</ele></trkpt>
<trkpt lat="35.652751" lon="139.444835"><ele>53.0</ele></trkpt>
<trkpt lat="35.652879" lon="139.444450"><ele>53.0</ele></trkpt>
<trkpt lat="35.653025" lon="139.443894"><ele>52.5</ele></trkpt>
<trkpt lat="35.653121" lon="139.443634"><ele>52.5</ele></trkpt>
<trkpt lat="35.653224" lon="139.443429"><ele>52.2</ele></trkpt>
<trkpt lat="35.653268" lon="139.443361"><ele>52.0</ele></trkpt>
<trkpt lat="35.653308" lon="139.443300"><ele>52.0</ele></trkpt>
<trkpt lat="35.653375" lon="139.443203"><ele>52.2</ele></trkpt>
<trkpt lat="35.653877" lon="139.442621"><ele>53.2</ele></trkpt>
<trkpt lat="35.654173" lon="139.442281"><ele>53.0</ele></trkpt>
<trkpt lat="35.654303" lon="139.442106"><ele>53.0</ele></trkpt>
<trkpt lat="35.654400" lon="139.441937"><ele>53.2</ele></trkpt>
<trkpt lat="35.654599" lon="139.441542"><ele>53.8</ele></trkpt>
<trkpt lat="35.654642" lon="139.441444"><ele>53.8</ele></trkpt>
<trkpt lat="35.654676" lon="139.441406"><ele>53.8</ele></trkpt>
<trkpt lat="35.654829" lon="139.441380"><ele>53.8</ele></trkpt>
<trkpt lat="35.654899" lon="139.441332"><ele>53.5</ele></trkpt>
<trkpt lat="35.654962" lon="139.441331"><ele>53.8</ele></trkpt>
<trkpt lat="35.655214" lon="139.441296"><ele>53.5</ele></trkpt>
<trkpt lat="35.655598" lon="139.441249"><ele>53.2</ele></trkpt>
<trkpt lat="35.655647" lon="139.441047"><ele>53.0</ele></trkpt>
<trkpt lat="35.655726" lon="139.440795"><ele>52.8</ele></trkpt>
<trkpt lat="35.655774" lon="139.440806"><ele>52.8</ele></trkpt>
<trkpt lat="35.655930" lon="139.440880"><ele>53.0</ele></trkpt>
<trkpt lat="35.656145" lon="139.441030"><ele>54.0</ele></trkpt>
<trkpt lat="35.656331" lon="139.440765"><ele>52.2</ele></trkpt>
<trkpt lat="35.656417" lon="139.440651"><ele>52.0</ele></trkpt>
<trkpt lat="35.656589" lon="139.440347"><ele>52.0</ele></trkpt>
<trkpt lat="35.656615" lon="139.440308"><ele>52.0</ele></trkpt>
<trkpt lat="35.656789" lon="139.440050"><ele>51.5</ele></trkpt>
<trkpt lat="35.656965" lon="139.439750"><ele>53.0</ele></trkpt>
<trkpt lat="35.657179" lon="139.439328"><ele>56.2</ele></trkpt>
<trkpt lat="35.657286" lon="139.439135"><ele>58.0</ele></trkpt>
<trkpt lat="35.657432" lon="139.438862"><ele>58.0</ele></trkpt>
<trkpt lat="35.657604" lon="139.438626"><ele>57.0</ele></trkpt>
<trkpt lat="35.658009" lon="139.438242"><ele>55.0</ele></trkpt>
<trkpt lat="35.658164" lon="139.438072"><ele>54.8</ele></trkpt>
<trkpt lat="35.658380" lon="139.437944"><ele>54.0</ele></trkpt>
<trkpt lat="35.658614" lon="139.437645"><ele>53.2</ele></trkpt>
<trkpt lat="35.658703" lon="139.437529"><ele>53.0</ele></trkpt>
<trkpt lat="35.659004" lon="139.437152"><ele>53.8</ele></trkpt>
<trkpt lat="35.659510" lon="139.436536"><ele>57.0</ele></trkpt>
<trkpt lat="35.659721" lon="139.436259"><ele>57.0</ele></trkpt>
<trkpt lat="35.659849" lon="139.436066"><ele>56.0</ele></trkpt>
<trkpt lat="35.659969" lon="139.435870"><ele>54.5</ele></trkpt>
<trkpt lat="35.660379" lon="139.435156"><ele>54.8</ele></trkpt>
<trkpt lat="35.660421" lon="139.435076"><ele>54.8</ele></trkpt>
<trkpt lat="35.660506" lon="139.434849"><ele>55.0</ele></trkpt>
<trkpt lat="35.660525" lon="139.434752"><ele>55.0</ele></trkpt>
<trkpt lat="35.660583" lon="139.434540"><ele>55.0</ele></trkpt>
<trkpt lat="35.660604" lon="139.434431"><ele>55.0</ele></trkpt>
<trkpt lat="35.660633" lon="139.434213"><ele>55.0</ele></trkpt>
<trkpt lat="35.660645" lon="139.434075"><ele>55.2</ele></trkpt>
<trkpt lat="35.660648" lon="139.433594"><ele>56.2</ele></trkpt>
<trkpt lat="35.660656" lon="139.433411"><ele>56.5</ele></trkpt>
<trkpt lat="35.660656" lon="139.432810"><ele>58.0</ele></trkpt>
<trkpt lat="35.660659" lon="139.432762"><ele>58.2</ele></trkpt>
<trkpt lat="35.660677" lon="139.432762"><ele>58.2</ele></trkpt>
<trkpt lat="35.660811" lon="139.432761"><ele>58.0</ele></trkpt>
<trkpt lat="35.660831" lon="139.432759"><ele>58.0</ele></trkpt>
<trkpt lat="35.660837" lon="139.433484"><ele>55.8</ele></trkpt>
<trkpt lat="35.660837" lon="139.433546"><ele>55.5</ele></trkpt>
<trkpt lat="35.660829" lon="139.433748"><ele>55.5</ele></trkpt>
<trkpt lat="35.660839" lon="139.433792"><ele>55.2</ele></trkpt>
<trkpt lat="35.660877" lon="139.433832"><ele>55.0</ele></trkpt>
<trkpt lat="35.660906" lon="139.433845"><ele>55.0</ele></trkpt>
<trkpt lat="35.660938" lon="139.433846"><ele>54.8</ele></trkpt>
<trkpt lat="35.660960" lon="139.433834"><ele>54.8</ele></trkpt>
<trkpt lat="35.660998" lon="139.433778"><ele>54.8</ele></trkpt>
<trkpt lat="35.661531" lon="139.432858"><ele>56.5</ele></trkpt>
<trkpt lat="35.662012" lon="139.432032"><ele>56.2</ele></trkpt>
<trkpt lat="35.662287" lon="139.431557"><ele>59.5</ele></trkpt>
<trkpt lat="35.663862" lon="139.428817"><ele>61.5</ele></trkpt>
<trkpt lat="35.663997" lon="139.428568"><ele>60.8</ele></trkpt>
<trkpt lat="35.664123" lon="139.428314"><ele>59.8</ele></trkpt>
<trkpt lat="35.664248" lon="139.428012"><ele>58.2</ele></trkpt>
<trkpt lat="35.664473" lon="139.427350"><ele>56.2</ele></trkpt>
<trkpt lat="35.664622" lon="139.426851"><ele>56.5</ele></trkpt>
<trkpt lat="35.664899" lon="139.425856"><ele>59.5</ele></trkpt>
<trkpt lat="35.665024" lon="139.425324"><ele>62.5</ele></trkpt>
<trkpt lat="35.665619" lon="139.422549"><ele>61.2</ele></trkpt>
<trkpt lat="35.665760" lon="139.421991"><ele>61.0</ele></trkpt>
<trkpt lat="35.665818" lon="139.421783"><ele>61.0</ele></trkpt>
<trkpt lat="35.665957" lon="139.421370"><ele>62.0</ele></trkpt>
<trkpt lat="35.666156" lon="139.420821"><ele>62.8</ele></trkpt>
<trkpt lat="35.666232" lon="139.420643"><ele>63.5</ele></trkpt>
<trkpt lat="35.666228" lon="139.420508"><ele>64.8</ele></trkpt>
<trkpt lat="35.666239" lon="139.420447"><ele>65.2</ele></trkpt>
<trkpt lat="35.666291" lon="139.420251"><ele>66.8</ele></trkpt>
<trkpt lat="35.666289" lon="139.420195"><ele>67.2</ele></trkpt>
<trkpt lat="35.666315" lon="139.420149"><ele>67.8</ele></trkpt>
<trkpt lat="35.666324" lon="139.420097"><ele>68.2</ele></trkpt>
<trkpt lat="35.666326" lon="139.420022"><ele>68.8</ele></trkpt>
<trkpt lat="35.666353" lon="139.419931"><ele>68.8</ele></trkpt>
<trkpt lat="35.666457" lon="139.419694"><ele>67.2</ele></trkpt>
<trkpt lat="35.666577" lon="139.419384"><ele>65.5</ele></trkpt>
<trkpt lat="35.666612" lon="139.419229"><ele>64.2</ele></trkpt>
<trkpt lat="35.666673" lon="139.419051"><ele>63.2</ele></trkpt>
<trkpt lat="35.666743" lon="139.418923"><ele>62.2</ele></trkpt>
<trkpt lat="35.666783" lon="139.418803"><ele>61.5</ele></trkpt>
<trkpt lat="35.666842" lon="139.418581"><ele>60.2</ele></trkpt>
<trkpt lat="35.666857" lon="139.418479"><ele>59.8</ele></trkpt>
<trkpt lat="35.666906" lon="139.418400"><ele>59.2</ele></trkpt>
<trkpt lat="35.666936" lon="139.418342"><ele>59.0</ele></trkpt>
<trkpt lat="35.666969" lon="139.418083"><ele>59.2</ele></trkpt>
<trkpt lat="35.666985" lon="139.417899"><ele>59.5</ele></trkpt>
<trkpt lat="35.666999" lon="139.417609"><ele>60.0</ele></trkpt>
<trkpt lat="35.667001" lon="139.417229"><ele>60.5</ele></trkpt>
<trkpt lat="35.666992" lon="139.416995"><ele>60.8</ele></trkpt>
<trkpt lat="35.666979" lon="139.416834"><ele>61.0</ele></trkpt>
<trkpt lat="35.666940" lon="139.416544"><ele>61.5</ele></trkpt>
<trkpt lat="35.666873" lon="139.416230"><ele>62.5</ele></trkpt>
<trkpt lat="35.666810" lon="139.416006"><ele>63.0</ele></trkpt>
<trkpt lat="35.666717" lon="139.415748"><ele>63.8</ele></trkpt>
<trkpt lat="35.666607" lon="139.415481"><ele>63.5</ele></trkpt>
<trkpt lat="35.666468" lon="139.415185"><ele>63.5</ele></trkpt>
<trkpt lat="35.666382" lon="139.415029"><ele>63.5</ele></trkpt>
<trkpt lat="35.666293" lon="139.414883"><ele>63.8</ele></trkpt>
<trkpt lat="35.666090" lon="139.414579"><ele>64.0</ele></trkpt>
<trkpt lat="35.665768" lon="139.414192"><ele>65.2</ele></trkpt>
<trkpt lat="35.665562" lon="139.413904"><ele>66.0</ele></trkpt>
<trkpt lat="35.665504" lon="139.413817"><ele>66.2</ele></trkpt>
<trkpt lat="35.665421" lon="139.413672"><ele>66.2</ele></trkpt>
<trkpt lat="35.665299" lon="139.413444"><ele>66.0</ele></trkpt>
<trkpt lat="35.665178" lon="139.413184"><ele>66.0</ele></trkpt>
<trkpt lat="35.665112" lon="139.413006"><ele>66.0</ele></trkpt>
<trkpt lat="35.664858" lon="139.412122"><ele>65.8</ele></trkpt>
<trkpt lat="35.664768" lon="139.411842"><ele>65.5</ele></trkpt>
<trkpt lat="35.664128" lon="139.409632"><ele>65.8</ele></trkpt>
<trkpt lat="35.664081" lon="139.409472"><ele>66.8</ele></trkpt>
<trkpt lat="35.664046" lon="139.409315"><ele>67.8</ele></trkpt>
<trkpt lat="35.664002" lon="139.409042"><ele>68.5</ele></trkpt>
<trkpt lat="35.663983" lon="139.408787"><ele>68.5</ele></trkpt>
<trkpt lat="35.663978" lon="139.408478"><ele>68.5</ele></trkpt>
<trkpt lat="35.664049" lon="139.407897"><ele>69.0</ele></trkpt>
<trkpt lat="35.664066" lon="139.407794"><ele>69.0</ele></trkpt>
<trkpt lat="35.664103" lon="139.407682"><ele>69.0</ele></trkpt>
<trkpt lat="35.664272" lon="139.407131"><ele>69.2</ele></trkpt>
<trkpt lat="35.664448" lon="139.406634"><ele>68.8</ele></trkpt>
<trkpt lat="35.664516" lon="139.406406"><ele>68.0</ele></trkpt>
<trkpt lat="35.664568" lon="139.406199"><ele>67.5</ele></trkpt>
<trkpt lat="35.664601" lon="139.406021"><ele>67.0</ele></trkpt>
<trkpt lat="35.664617" lon="139.405856"><ele>66.8</ele></trkpt>
<trkpt lat="35.664623" lon="139.405648"><ele>66.8</ele></trkpt>
<trkpt lat="35.664618" lon="139.405450"><ele>66.8</ele></trkpt>
<trkpt lat="35.664593" lon="139.404867"><ele>67.0</ele></trkpt>
<trkpt lat="35.664469" lon="139.403190"><ele>68.0</ele></trkpt>
<trkpt lat="35.664444" lon="139.403035"><ele>68.2</ele></trkpt>
<trkpt lat="35.664375" lon="139.402759"><ele>69.2</ele></trkpt>
<trkpt lat="35.664302" lon="139.402505"><ele>70.0</ele></trkpt>
<trkpt lat="35.664200" lon="139.402196"><ele>70.8</ele></trkpt>
<trkpt lat="35.663915" lon="139.401377"><ele>70.0</ele></trkpt>
<trkpt lat="35.663713" lon="139.400865"><ele>69.2</ele></trkpt>
<trkpt lat="35.663563" lon="139.400516"><ele>69.5</ele></trkpt>
<trkpt lat="35.662117" lon="139.397294"><ele>71.0</ele></trkpt>
<trkpt lat="35.662024" lon="139.397069"><ele>70.8</ele></trkpt>
<trkpt lat="35.661390" lon="139.395423"><ele>72.8</ele></trkpt>
<trkpt lat="35.661307" lon="139.395237"><ele>72.0</ele></trkpt>
<trkpt lat="35.661197" lon="139.395033"><ele>71.8</ele></trkpt>
<trkpt lat="35.661145" lon="139.394949"><ele>71.8</ele></trkpt>
<trkpt lat="35.661009" lon="139.394750"><ele>71.8</ele></trkpt>
<trkpt lat="35.660875" lon="139.394577"><ele>71.8</ele></trkpt>
<trkpt lat="35.660618" lon="139.394286"><ele>72.0</ele></trkpt>
<trkpt lat="35.660129" lon="139.393751"><ele>73.5</ele></trkpt>
<trkpt lat="35.660078" lon="139.393700"><ele>73.5</ele></trkpt>
<trkpt lat="35.660014" lon="139.393687"><ele>73.8</ele></trkpt>
<trkpt lat="35.659730" lon="139.393399"><ele>74.5</ele></trkpt>
<trkpt lat="35.659481" lon="139.393123"><ele>75.0</ele></trkpt>
<trkpt lat="35.659190" lon="139.392838"><ele>74.2</ele></trkpt>
<trkpt lat="35.658920" lon="139.392613"><ele>73.0</ele></trkpt>
<trkpt lat="35.658771" lon="139.392512"><ele>72.5</ele></trkpt>
<trkpt lat="35.658452" lon="139.392317"><ele>72.2</ele></trkpt>
<trkpt lat="35.657219" lon="139.391666"><ele>73.2</ele></trkpt>
<trkpt lat="35.656820" lon="139.391471"><ele>74.0</ele></trkpt>
<trkpt lat="35.656298" lon="139.391228"><ele>74.2</ele></trkpt>
<trkpt lat="35.656115" lon="139.391148"><ele>74.2</ele></trkpt>
<trkpt lat="35.655844" lon="139.391047"><ele>74.5</ele></trkpt>
<trkpt lat="35.655769" lon="139.391002"><ele>74.5</ele></trkpt>
<trkpt lat="35.655741" lon="139.390971"><ele>74.5</ele></trkpt>
<trkpt lat="35.655715" lon="139.390923"><ele>74.5</ele></trkpt>
<trkpt lat="35.655649" lon="139.390749"><ele>74.2</ele></trkpt>
<trkpt lat="35.655624" lon="139.390712"><ele>74.2</ele></trkpt>
<trkpt lat="35.655581" lon="139.390676"><ele>74.2</ele></trkpt>
<trkpt lat="35.655029" lon="139.390184"><ele>75.8</ele></trkpt>
<trkpt lat="35.654803" lon="139.389971"><ele>75.8</ele></trkpt>
<trkpt lat="35.654360" lon="139.389537"><ele>76.5</ele></trkpt>
<trkpt lat="35.654184" lon="139.389346"><ele>77.5</ele></trkpt>
<trkpt lat="35.653979" lon="139.389120"><ele>78.0</ele></trkpt>
<trkpt lat="35.653547" lon="139.388625"><ele>78.8</ele></trkpt>
<trkpt lat="35.653426" lon="139.388461"><ele>79.2</ele></trkpt>
<trkpt lat="35.653325" lon="139.388307"><ele>79.8</ele></trkpt>
<trkpt lat="35.653240" lon="139.388158"><ele>79.2</ele></trkpt>
<trkpt lat="35.653141" lon="139.387963"><ele>78.5</ele></trkpt>
<trkpt lat="35.653032" lon="139.387709"><ele>78.2</ele></trkpt>
<trkpt lat="35.652938" lon="139.387463"><ele>78.2</ele></trkpt>
<trkpt lat="35.652518" lon="139.386297"><ele>79.2</ele></trkpt>
<trkpt lat="35.652439" lon="139.386104"><ele>79.8</ele></trkpt>
<trkpt lat="35.651944" lon="139.385051"><ele>83.0</ele></trkpt>
<trkpt lat="35.651868" lon="139.384851"><ele>82.5</ele></trkpt>
<trkpt lat="35.651760" lon="139.384494"><ele>81.8</ele></trkpt>
<trkpt lat="35.651649" lon="139.384133"><ele>80.8</ele></trkpt>
<trkpt lat="35.651627" lon="139.384060"><ele>80.2</ele></trkpt>
<trkpt lat="35.651435" lon="139.383532"><ele>78.8</ele></trkpt>
<trkpt lat="35.651344" lon="139.383324"><ele>79.0</ele></trkpt>
<trkpt lat="35.651280" lon="139.383194"><ele>79.5</ele></trkpt>
<trkpt lat="35.651211" lon="139.383073"><ele>80.0</ele></trkpt>
<trkpt lat="35.651084" lon="139.382867"><ele>80.5</ele></trkpt>
<trkpt lat="35.651020" lon="139.382777"><ele>80.8</ele></trkpt>
<trkpt lat="35.650830" lon="139.382516"><ele>81.0</ele></trkpt>
<trkpt lat="35.650645" lon="139.382296"><ele>80.5</ele></trkpt>
<trkpt lat="35.650478" lon="139.382108"><ele>80.2</ele></trkpt>
<trkpt lat="35.650433" lon="139.382053"><ele>80.2</ele></trkpt>
<trkpt lat="35.650393" lon="139.382006"><ele>80.2</ele></trkpt>
<trkpt lat="35.650058" lon="139.381623"><ele>80.5</ele></trkpt>
<trkpt lat="35.650017" lon="139.381564"><ele>80.2</ele></trkpt>
<trkpt lat="35.649981" lon="139.381511"><ele>80.2</ele></trkpt>
<trkpt lat="35.649790" lon="139.381294"><ele>79.5</ele></trkpt>
<trkpt lat="35.649756" lon="139.381251"><ele>79.5</ele></trkpt>
<trkpt lat="35.649515" lon="139.380970"><ele>79.0</ele></trkpt>
<trkpt lat="35.649070" lon="139.380488"><ele>80.2</ele></trkpt>
<trkpt lat="35.648423" lon="139.379805"><ele>82.2</ele></trkpt>
<trkpt lat="35.648271" lon="139.379676"><ele>82.2</ele></trkpt>
<trkpt lat="35.648167" lon="139.379600"><ele>82.2</ele></trkpt>
<trkpt lat="35.648053" lon="139.379529"><ele>82.5</ele></trkpt>
<trkpt lat="35.647608" lon="139.379285"><ele>83.0</ele></trkpt>
<trkpt lat="35.647375" lon="139.379202"><ele>83.5</ele></trkpt>
<trkpt lat="35.647361" lon="139.379191"><ele>83.5</ele></trkpt>
<trkpt lat="35.647328" lon="139.379165"><ele>83.5</ele></trkpt>
<trkpt lat="35.647246" lon="139.379087"><ele>83.2</ele></trkpt>
<trkpt lat="35.647129" lon="139.378977"><ele>83.2</ele></trkpt>
<trkpt lat="35.646967" lon="139.378781"><ele>83.0</ele></trkpt>
<trkpt lat="35.646682" lon="139.378510"><ele>82.8</ele></trkpt>
<trkpt lat="35.646653" lon="139.378482"><ele>82.8</ele></trkpt>
<trkpt lat="35.647491" lon="139.377492"><ele>82.0</ele></trkpt>
<trkpt lat="35.647511" lon="139.377466"><ele>82.0</ele></trkpt>
<trkpt lat="35.647475" lon="139.377424"><ele>82.0</ele></trkpt>
<trkpt lat="35.647451" lon="139.377448"><ele>82.0</ele></trkpt>
<trkpt lat="35.647417" lon="139.377457"><ele>82.0</ele></trkpt>
<trkpt lat="35.647398" lon="139.377449"><ele>82.0</ele></trkpt>
<trkpt lat="35.647278" lon="139.377353"><ele>82.2</ele></trkpt>
<trkpt lat="35.646739" lon="139.376802"><ele>83.8</ele></trkpt>
<trkpt lat="35.646143" lon="139.376174"><ele>82.5</ele></trkpt>
<trkpt lat="35.645967" lon="139.375979"><ele>83.0</ele></trkpt>
<trkpt lat="35.645887" lon="139.375877"><ele>83.5</ele></trkpt>
<trkpt lat="35.645714" lon="139.375637"><ele>84.5</ele></trkpt>
<trkpt lat="35.645515" lon="139.375317"><ele>85.2</ele></trkpt>
<trkpt lat="35.645300" lon="139.374954"><ele>86.0</ele></trkpt>
<trkpt lat="35.645016" lon="139.374458"><ele>85.5</ele></trkpt>
<trkpt lat="35.644886" lon="139.374198"><ele>85.5</ele></trkpt>
<trkpt lat="35.644830" lon="139.374062"><ele>85.5</ele></trkpt>
<trkpt lat="35.644687" lon="139.373640"><ele>85.5</ele></trkpt>
<trkpt lat="35.644566" lon="139.373234"><ele>85.8</ele></trkpt>
<trkpt lat="35.644544" lon="139.373144"><ele>86.0</ele></trkpt>
<trkpt lat="35.644519" lon="139.372999"><ele>86.2</ele></trkpt>
<trkpt lat="35.644467" lon="139.372638"><ele>87.5</ele></trkpt>
<trkpt lat="35.644416" lon="139.372168"><ele>87.2</ele></trkpt>
<trkpt lat="35.644404" lon="139.371921"><ele>87.0</ele></trkpt>
<trkpt lat="35.644410" lon="139.371494"><ele>86.8</ele></trkpt>
<trkpt lat="35.644435" lon="139.371085"><ele>86.8</ele></trkpt>
<trkpt lat="35.644482" lon="139.370489"><ele>86.5</ele></trkpt>
<trkpt lat="35.644528" lon="139.370126"><ele>86.2</ele></trkpt>
<trkpt lat="35.644665" lon="139.369226"><ele>87.2</ele></trkpt>
<trkpt lat="35.644702" lon="139.369017"><ele>87.8</ele></trkpt>
<trkpt lat="35.644770" lon="139.368712"><ele>88.8</ele></trkpt>
<trkpt lat="35.644919" lon="139.368226"><ele>90.0</ele></trkpt>
<trkpt lat="35.645040" lon="139.367901"><ele>90.2</ele></trkpt>
<trkpt lat="35.645130" lon="139.367715"><ele>90.5</ele></trkpt>
<trkpt lat="35.645254" lon="139.367499"><ele>90.5</ele></trkpt>
<trkpt lat="35.645463" lon="139.367200"><ele>90.0</ele></trkpt>
<trkpt lat="35.645611" lon="139.367014"><ele>90.0</ele></trkpt>
<trkpt lat="35.645658" lon="139.366957"><ele>90.0</ele></trkpt>
<trkpt lat="35.645673" lon="139.366934"><ele>90.0</ele></trkpt>
<trkpt lat="35.645710" lon="139.366889"><ele>90.2</ele></trkpt>
<trkpt lat="35.645683" lon="139.366878"><ele>90.2</ele></trkpt>
<trkpt lat="35.644387" lon="139.366438"><ele>89.5</ele></trkpt>
<trkpt lat="35.644363" lon="139.366430"><ele>89.5</ele></trkpt>
<trkpt lat="35.644377" lon="139.366377"><ele>89.8</ele></trkpt>
<trkpt lat="35.644497" lon="139.365980"><ele>90.2</ele></trkpt>
<trkpt lat="35.644568" lon="139.365730"><ele>90.8</ele></trkpt>
<trkpt lat="35.644602" lon="139.365500"><ele>91.5</ele></trkpt>
<trkpt lat="35.644617" lon="139.365312"><ele>92.2</ele></trkpt>
<trkpt lat="35.644614" lon="139.365000"><ele>93.5</ele></trkpt>
<trkpt lat="35.644577" lon="139.364672"><ele>92.8</ele></trkpt>
<trkpt lat="35.644473" lon="139.364217"><ele>91.5</ele></trkpt>
<trkpt lat="35.644502" lon="139.364204"><ele>91.5</ele></trkpt>
<trkpt lat="35.644714" lon="139.364129"><ele>93.2</ele></trkpt>
<trkpt lat="35.644734" lon="139.364121"><ele>93.5</ele></trkpt>
<trkpt lat="35.644816" lon="139.364482"><ele>93.5</ele></trkpt>
<trkpt lat="35.644855" lon="139.364682"><ele>94.0</ele></trkpt>
<trkpt lat="35.644877" lon="139.364869"><ele>94.2</ele></trkpt>
<trkpt lat="35.644891" lon="139.365140"><ele>93.8</ele></trkpt>
<trkpt lat="35.644905" lon="139.365273"><ele>93.0</ele></trkpt>
<trkpt lat="35.644939" lon="139.365457"><ele>92.0</ele></trkpt>
<trkpt lat="35.644972" lon="139.365622"><ele>91.2</ele></trkpt>
<trkpt lat="35.645003" lon="139.365701"><ele>90.8</ele></trkpt>
<trkpt lat="35.645032" lon="139.365727"><ele>90.5</ele></trkpt>
<trkpt lat="35.645063" lon="139.365727"><ele>90.5</ele></trkpt>
<trkpt lat="35.645079" lon="139.365712"><ele>90.8</ele></trkpt>
<trkpt lat="35.645478" lon="139.365122"><ele>92.8</ele></trkpt>
<trkpt lat="35.645548" lon="139.365033"><ele>92.8</ele></trkpt>
<trkpt lat="35.645698" lon="139.364859"><ele>93.0</ele></trkpt>
<trkpt lat="35.645961" lon="139.364576"><ele>94.8</ele></trkpt>
<trkpt lat="35.646198" lon="139.364340"><ele>96.5</ele></trkpt>
<trkpt lat="35.646502" lon="139.364070"><ele>98.0</ele></trkpt>
<trkpt lat="35.646926" lon="139.363708"><ele>95.8</ele></trkpt>
<trkpt lat="35.647542" lon="139.363176"><ele>94.2</ele></trkpt>
<trkpt lat="35.647750" lon="139.362989"><ele>92.2</ele></trkpt>
<trkpt lat="35.647939" lon="139.362808"><ele>91.0</ele></trkpt>
<trkpt lat="35.648293" lon="139.362439"><ele>90.5</ele></trkpt>
<trkpt lat="35.648960" lon="139.361733"><ele>90.8</ele></trkpt>
<trkpt lat="35.649709" lon="139.360803"><ele>92.8</ele></trkpt>
<trkpt lat="35.650175" lon="139.360329"><ele>94.8</ele></trkpt>
<trkpt lat="35.650240" lon="139.360231"><ele>95.5</ele></trkpt>
<trkpt lat="35.650272" lon="139.360150"><ele>95.8</ele></trkpt>
<trkpt lat="35.650507" lon="139.359803"><ele>96.8</ele></trkpt>
<trkpt lat="35.650522" lon="139.359782"><ele>97.0</ele></trkpt>
<trkpt lat="35.650651" lon="139.359612"><ele>97.5</ele></trkpt>
<trkpt lat="35.650801" lon="139.359468"><ele>98.2</ele></trkpt>
<trkpt lat="35.650943" lon="139.359376"><ele>98.5</ele></trkpt>
<trkpt lat="35.650993" lon="139.359348"><ele>98.5</ele></trkpt>
<trkpt lat="35.651165" lon="139.359139"><ele>98.2</ele></trkpt>
<trkpt lat="35.651671" lon="139.358572"><ele>96.0</ele></trkpt>
<trkpt lat="35.652548" lon="139.357623"><ele>97.2</ele></trkpt>
<trkpt lat="35.652598" lon="139.357568"><ele>97.2</ele></trkpt>
<trkpt lat="35.652665" lon="139.357434"><ele>97.0</ele></trkpt>
<trkpt lat="35.652694" lon="139.357397"><ele>97.0</ele></trkpt>
<trkpt lat="35.652705" lon="139.357387"><ele>97.0</ele></trkpt>
<trkpt lat="35.652849" lon="139.357275"><ele>97.0</ele></trkpt>
<trkpt lat="35.652867" lon="139.357259"><ele>97.0</ele></trkpt>
<trkpt lat="35.653013" lon="139.357135"><ele>96.8</ele></trkpt>
<trkpt lat="35.653115" lon="139.357037"><ele>96.5</ele></trkpt>
<trkpt lat="35.653921" lon="139.356205"><ele>98.5</ele></trkpt>
<trkpt lat="35.654593" lon="139.355517"><ele>100.5</ele></trkpt>
<trkpt lat="35.654665" lon="139.355426"><ele>100.2</ele></trkpt>
<trkpt lat="35.654679" lon="139.355411"><ele>100.2</ele></trkpt>
<trkpt lat="35.654731" lon="139.355346"><ele>100.0</ele></trkpt>
<trkpt lat="35.654878" lon="139.355176"><ele>99.5</ele></trkpt>
<trkpt lat="35.654967" lon="139.355079"><ele>99.0</ele></trkpt>
<trkpt lat="35.654992" lon="139.354987"><ele>99.0</ele></trkpt>
<trkpt lat="35.655499" lon="139.354495"><ele>99.2</ele></trkpt>
<trkpt lat="35.655845" lon="139.354164"><ele>98.8</ele></trkpt>
<trkpt lat="35.656295" lon="139.353753"><ele>100.0</ele></trkpt>
<trkpt lat="35.656838" lon="139.353255"><ele>103.0</ele></trkpt>
<trkpt lat="35.657171" lon="139.352925"><ele>103.0</ele></trkpt>
<trkpt lat="35.657184" lon="139.352912"><ele>103.0</ele></trkpt>
<trkpt lat="35.657231" lon="139.352905"><ele>102.8</ele></trkpt>
<trkpt lat="35.657262" lon="139.352873"><ele>102.8</ele></trkpt>
<trkpt lat="35.657548" lon="139.352634"><ele>103.5</ele></trkpt>
<trkpt lat="35.657642" lon="139.352545"><ele>103.5</ele></trkpt>
<trkpt lat="35.657975" lon="139.352155"><ele>101.0</ele></trkpt>
<trkpt lat="35.657988" lon="139.352104"><ele>101.0</ele></trkpt>
<trkpt lat="35.658293" lon="139.351682"><ele>100.8</ele></trkpt>
<trkpt lat="35.658627" lon="139.351194"><ele>101.2</ele></trkpt>
<trkpt lat="35.658657" lon="139.351152"><ele>101.2</ele></trkpt>
<trkpt lat="35.658683" lon="139.351115"><ele>101.2</ele></trkpt>
<trkpt lat="35.658965" lon="139.350700"><ele>101.8</ele></trkpt>
<trkpt lat="35.659015" lon="139.350672"><ele>101.8</ele></trkpt>
<trkpt lat="35.659014" lon="139.350704"><ele>101.8</ele></trkpt>
<trkpt lat="35.658988" lon="139.350786"><ele>101.5</ele></trkpt>
<trkpt lat="35.658930" lon="139.350910"><ele>101.2</ele></trkpt>
<trkpt lat="35.658928" lon="139.350933"><ele>101.2</ele></trkpt>
<trkpt lat="35.658935" lon="139.350949"><ele>101.2</ele></trkpt>
<trkpt lat="35.659005" lon="139.351018"><ele>100.8</ele></trkpt>
<trkpt lat="35.659463" lon="139.350356"><ele>102.5</ele></trkpt>
<trkpt lat="35.659600" lon="139.350151"><ele>102.8</ele></trkpt>
<trkpt lat="35.660183" lon="139.349240"><ele>98.5</ele></trkpt>
<trkpt lat="35.660620" lon="139.348516"><ele>102.2</ele></trkpt>
<trkpt lat="35.660777" lon="139.348226"><ele>103.5</ele></trkpt>
<trkpt lat="35.660878" lon="139.348007"><ele>104.8</ele></trkpt>
<trkpt lat="35.660886" lon="139.347869"><ele>105.5</ele></trkpt>
<trkpt lat="35.661004" lon="139.347642"><ele>107.2</ele></trkpt>
<trkpt lat="35.661036" lon="139.347568"><ele>108.0</ele></trkpt>
<trkpt lat="35.661107" lon="139.347421"><ele>109.0</ele></trkpt>
<trkpt lat="35.661141" lon="139.347334"><ele>109.2</ele></trkpt>
<trkpt lat="35.661209" lon="139.347079"><ele>110.0</ele></trkpt>
<trkpt lat="35.661211" lon="139.347032"><ele>110.0</ele></trkpt>
<trkpt lat="35.662042" lon="139.345480"><ele>110.0</ele></trkpt>
<trkpt lat="35.662769" lon="139.344152"><ele>104.8</ele></trkpt>
<trkpt lat="35.662882" lon="139.343946"><ele>104.5</ele></trkpt>
<trkpt lat="35.663231" lon="139.343321"><ele>105.2</ele></trkpt>
<trkpt lat="35.663284" lon="139.343181"><ele>104.5</ele></trkpt>
<trkpt lat="35.663365" lon="139.343032"><ele>103.8</ele></trkpt>
<trkpt lat="35.663705" lon="139.342419"><ele>103.2</ele></trkpt>
<trkpt lat="35.664281" lon="139.341343"><ele>106.0</ele></trkpt>
<trkpt lat="35.664341" lon="139.341314"><ele>106.0</ele></trkpt>
<trkpt lat="35.664647" lon="139.340852"><ele>105.5</ele></trkpt>
<trkpt lat="35.664683" lon="139.340789"><ele>105.8</ele></trkpt>
<trkpt lat="35.664729" lon="139.340676"><ele>106.2</ele></trkpt>
<trkpt lat="35.664890" lon="139.340365"><ele>108.0</ele></trkpt>
<trkpt lat="35.665061" lon="139.340154"><ele>109.8</ele></trkpt>
<trkpt lat="35.665331" lon="139.339615"><ele>111.0</ele></trkpt>
<trkpt lat="35.665398" lon="139.339514"><ele>111.0</ele></trkpt>
<trkpt lat="35.665620" lon="139.339188"><ele>110.0</ele></trkpt>
<trkpt lat="35.665991" lon="139.338609"><ele>107.5</ele></trkpt>
<trkpt lat="35.666114" lon="139.338403"><ele>106.5</ele></trkpt>
<trkpt lat="35.666197" lon="139.338202"><ele>106.8</ele></trkpt>
<trkpt lat="35.666229" lon="139.338101"><ele>107.2</ele></trkpt>
<trkpt lat="35.666283" lon="139.337884"><ele>108.2</ele></trkpt>
<trkpt lat="35.666435" lon="139.337524"><ele>110.0</ele></trkpt>
<trkpt lat="35.666508" lon="139.337372"><ele>110.2</ele></trkpt>
<trkpt lat="35.666536" lon="139.337301"><ele>110.5</ele></trkpt>
<trkpt lat="35.666683" lon="139.336538"><ele>111.0</ele></trkpt>
<trkpt lat="35.666690" lon="139.336476"><ele>111.0</ele></trkpt>
<trkpt lat="35.666685" lon="139.336417"><ele>111.2</ele></trkpt>
<trkpt lat="35.666672" lon="139.336365"><ele>111.2</ele></trkpt>
<trkpt lat="35.666598" lon="139.336244"><ele>111.8</ele></trkpt>
<trkpt lat="35.666572" lon="139.336189"><ele>112.0</ele></trkpt>
<trkpt lat="35.666555" lon="139.336131"><ele>112.2</ele></trkpt>
<trkpt lat="35.666550" lon="139.336089"><ele>112.2</ele></trkpt>
<trkpt lat="35.666588" lon="139.335410"><ele>112.8</ele></trkpt>
<trkpt lat="35.666594" lon="139.335131"><ele>113.0</ele></trkpt>
<trkpt lat="35.666597" lon="139.334372"><ele>112.5</ele></trkpt>
<trkpt lat="35.666589" lon="139.334069"><ele>112.5</ele></trkpt>
<trkpt lat="35.666584" lon="139.333677"><ele>113.5</ele></trkpt>
<trkpt lat="35.666582" lon="139.333313"><ele>114.2</ele></trkpt>
<trkpt lat="35.666495" lon="139.332255"><ele>113.5</ele></trkpt>
<trkpt lat="35.666427" lon="139.331772"><ele>113.0</ele></trkpt>
<trkpt lat="35.666311" lon="139.331145"><ele>114.5</ele></trkpt>
<trkpt lat="35.666223" lon="139.330668"><ele>116.0</ele></trkpt>
<trkpt lat="35.666096" lon="139.330319"><ele>117.5</ele></trkpt>
<trkpt lat="35.666029" lon="139.330012"><ele>118.5</ele></trkpt>
<trkpt lat="35.666029" lon="139.329842"><ele>118.2</ele></trkpt>
<trkpt lat="35.666005" lon="139.329694"><ele>118.0</ele></trkpt>
<trkpt lat="35.665506" lon="139.327073"><ele>115.5</ele></trkpt>
<trkpt lat="35.665360" lon="139.326704"><ele>115.5</ele></trkpt>
<trkpt lat="35.665319" lon="139.326614"><ele>115.5</ele></trkpt>
<trkpt lat="35.665299" lon="139.326588"><ele>115.8</ele></trkpt>
<trkpt lat="35.665261" lon="139.326347"><ele>115.2</ele></trkpt>
<trkpt lat="35.665256" lon="139.326265"><ele>115.0</ele></trkpt>
<trkpt lat="35.665283" lon="139.326113"><ele>114.2</ele></trkpt>
<trkpt lat="35.665325" lon="139.325976"><ele>113.2</ele></trkpt>
<trkpt lat="35.665385" lon="139.325448"><ele>114.5</ele></trkpt>
<trkpt lat="35.665464" lon="139.324897"><ele>116.8</ele></trkpt>
<trkpt lat="35.665518" lon="139.324571"><ele>115.5</ele></trkpt>
<trkpt lat="35.665619" lon="139.324041"><ele>114.0</ele></trkpt>
<trkpt lat="35.665690" lon="139.323588"><ele>114.5</ele></trkpt>
<trkpt lat="35.665701" lon="139.323613"><ele>114.5</ele></trkpt>
<trkpt lat="35.665703" lon="139.323638"><ele>114.2</ele></trkpt>
<trkpt lat="35.665719" lon="139.323940"><ele>113.5</ele></trkpt>
<trkpt lat="35.665724" lon="139.323961"><ele>113.2</ele></trkpt>
<trkpt lat="35.665740" lon="139.323904"><ele>113.2</ele></trkpt>
<trkpt lat="35.665880" lon="139.322983"><ele>115.0</ele></trkpt>
<trkpt lat="35.665892" lon="139.322838"><ele>115.2</ele></trkpt>
<trkpt lat="35.665883" lon="139.322760"><ele>115.5</ele></trkpt>
<trkpt lat="35.665875" lon="139.322740"><ele>115.5</ele></trkpt>
<trkpt lat="35.665924" lon="139.322504"><ele>116.0</ele></trkpt>
<trkpt lat="35.666044" lon="139.321891"><ele>117.0</ele></trkpt>
<trkpt lat="35.666136" lon="139.321460"><ele>117.8</ele></trkpt>
<trkpt lat="35.666412" lon="139.320143"><ele>119.8</ele></trkpt>
<trkpt lat="35.666499" lon="139.319680"><ele>120.0</ele></trkpt>
<trkpt lat="35.666543" lon="139.319478"><ele>120.2</ele></trkpt>
<trkpt lat="35.666541" lon="139.319454"><ele>120.2</ele></trkpt>
<trkpt lat="35.666530" lon="139.319419"><ele>120.2</ele></trkpt>
<trkpt lat="35.666521" lon="139.319388"><ele>120.5</ele></trkpt>
<trkpt lat="35.666700" lon="139.318496"><ele>119.0</ele></trkpt>
<trkpt lat="35.666708" lon="139.318453"><ele>119.0</ele></trkpt>
<trkpt lat="35.666717" lon="139.318414"><ele>118.8</ele></trkpt>
<trkpt lat="35.666762" lon="139.318199"><ele>119.0</ele></trkpt>
<trkpt lat="35.666790" lon="139.318156"><ele>119.0</ele></trkpt>
<trkpt lat="35.666882" lon="139.317701"><ele>121.0</ele></trkpt>
<trkpt lat="35.666908" lon="139.317572"><ele>121.8</ele></trkpt>
<trkpt lat="35.666896" lon="139.317498"><ele>122.2</ele></trkpt>
<trkpt lat="35.667118" lon="139.316443"><ele>125.2</ele></trkpt>
<trkpt lat="35.667167" lon="139.316234"><ele>124.8</ele></trkpt>
<trkpt lat="35.667197" lon="139.316009"><ele>124.2</ele></trkpt>
<trkpt lat="35.667195" lon="139.315912"><ele>124.0</ele></trkpt>
<trkpt lat="35.667194" lon="139.315616"><ele>123.5</ele></trkpt>
<trkpt lat="35.667197" lon="139.315581"><ele>123.5</ele></trkpt>
<trkpt lat="35.667222" lon="139.315402"><ele>122.8</ele></trkpt>
<trkpt lat="35.667232" lon="139.315353"><ele>122.5</ele></trkpt>
<trkpt lat="35.667287" lon="139.315116"><ele>121.2</ele></trkpt>
<trkpt lat="35.667302" lon="139.315074"><ele>121.0</ele></trkpt>
<trkpt lat="35.667328" lon="139.315066"><ele>120.8</ele></trkpt>
<trkpt lat="35.667463" lon="139.312710"><ele>126.5</ele></trkpt>
<trkpt lat="35.667477" lon="139.312259"><ele>126.5</ele></trkpt>
<trkpt lat="35.667480" lon="139.312018"><ele>125.8</ele></trkpt>
<trkpt lat="35.667439" lon="139.311943"><ele>125.8</ele></trkpt>
<trkpt lat="35.667356" lon="139.311865"><ele>125.8</ele></trkpt>
<trkpt lat="35.667218" lon="139.311810"><ele>126.2</ele></trkpt>
<trkpt lat="35.666790" lon="139.311720"><ele>127.5</ele></trkpt>
<trkpt lat="35.666541" lon="139.311681"><ele>127.2</ele></trkpt>
<trkpt lat="35.666445" lon="139.311679"><ele>126.8</ele></trkpt>
<trkpt lat="35.666382" lon="139.311698"><ele>126.5</ele></trkpt>
<trkpt lat="35.666337" lon="139.311722"><ele>126.5</ele></trkpt>
<trkpt lat="35.666226" lon="139.311777"><ele>126.0</ele></trkpt>
<trkpt lat="35.666079" lon="139.311820"><ele>125.5</ele></trkpt>
<trkpt lat="35.665965" lon="139.311863"><ele>125.0</ele></trkpt>
<trkpt lat="35.665585" lon="139.311908"><ele>124.8</ele></trkpt>
<trkpt lat="35.665570" lon="139.311914"><ele>125.0</ele></trkpt>
<trkpt lat="35.665553" lon="139.311953"><ele>125.0</ele></trkpt>
<trkpt lat="35.665538" lon="139.311959"><ele>125.0</ele></trkpt>
<trkpt lat="35.665408" lon="139.311969"><ele>125.2</ele></trkpt>
<trkpt lat="35.665391" lon="139.311963"><ele>125.2</ele></trkpt>
<trkpt lat="35.665365" lon="139.311937"><ele>125.2</ele></trkpt>
<trkpt lat="35.665342" lon="139.311932"><ele>125.2</ele></trkpt>
<trkpt lat="35.665054" lon="139.311946"><ele>125.8</ele></trkpt>
<trkpt lat="35.665000" lon="139.311913"><ele>125.8</ele></trkpt>
<trkpt lat="35.664667" lon="139.311951"><ele>126.8</ele></trkpt>
<trkpt lat="35.664464" lon="139.311967"><ele>127.2</ele></trkpt>
<trkpt lat="35.664387" lon="139.311980"><ele>127.5</ele></trkpt>
<trkpt lat="35.664256" lon="139.311965"><ele>127.8</ele></trkpt>
<trkpt lat="35.664146" lon="139.311939"><ele>128.0</ele></trkpt>
<trkpt lat="35.663785" lon="139.311877"><ele>129.5</ele></trkpt>
<trkpt lat="35.663680" lon="139.311847"><ele>130.0</ele></trkpt>
<trkpt lat="35.663369" lon="139.311717"><ele>131.8</ele></trkpt>
<trkpt lat="35.663080" lon="139.311581"><ele>131.5</ele></trkpt>
<trkpt lat="35.662610" lon="139.311345"><ele>131.2</ele></trkpt>
<trkpt lat="35.662433" lon="139.311247"><ele>131.5</ele></trkpt>
<trkpt lat="35.662396" lon="139.311167"><ele>131.5</ele></trkpt>
<trkpt lat="35.662337" lon="139.311046"><ele>131.8</ele></trkpt>
<trkpt lat="35.662303" lon="139.310994"><ele>131.8</ele></trkpt>
<trkpt lat="35.662109" lon="139.310821"><ele>132.0</ele></trkpt>
<trkpt lat="35.662039" lon="139.310747"><ele>132.0</ele></trkpt>
<trkpt lat="35.661892" lon="139.310572"><ele>132.5</ele></trkpt>
<trkpt lat="35.661667" lon="139.310112"><ele>133.5</ele></trkpt>
<trkpt lat="35.661516" lon="139.309827"><ele>134.5</ele></trkpt>
<trkpt lat="35.661235" lon="139.309269"><ele>135.8</ele></trkpt>
<trkpt lat="35.661091" lon="139.308966"><ele>136.2</ele></trkpt>
<trkpt lat="35.660866" lon="139.308447"><ele>136.0</ele></trkpt>
<trkpt lat="35.660747" lon="139.308182"><ele>136.2</ele></trkpt>
<trkpt lat="35.660585" lon="139.307873"><ele>136.5</ele></trkpt>
<trkpt lat="35.660564" lon="139.307828"><ele>136.5</ele></trkpt>
<trkpt lat="35.659757" lon="139.306144"><ele>138.0</ele></trkpt>
<trkpt lat="35.659673" lon="139.305993"><ele>138.0</ele></trkpt>
<trkpt lat="35.659436" lon="139.305605"><ele>137.5</ele></trkpt>
<trkpt lat="35.659261" lon="139.305350"><ele>137.2</ele></trkpt>
<trkpt lat="35.659147" lon="139.305197"><ele>137.5</ele></trkpt>
<trkpt lat="35.659007" lon="139.305027"><ele>138.8</ele></trkpt>
<trkpt lat="35.658988" lon="139.305008"><ele>139.0</ele></trkpt>
<trkpt lat="35.658741" lon="139.304733"><ele>139.5</ele></trkpt>
<trkpt lat="35.658542" lon="139.304523"><ele>139.2</ele></trkpt>
<trkpt lat="35.658399" lon="139.304386"><ele>138.5</ele></trkpt>
<trkpt lat="35.658268" lon="139.304243"><ele>137.8</ele></trkpt>
<trkpt lat="35.658160" lon="139.304134"><ele>138.2</ele></trkpt>
<trkpt lat="35.657984" lon="139.304000"><ele>140.0</ele></trkpt>
<trkpt lat="35.657804" lon="139.303876"><ele>141.5</ele></trkpt>
<trkpt lat="35.657661" lon="139.303765"><ele>142.2</ele></trkpt>
<trkpt lat="35.657546" lon="139.303695"><ele>142.8</ele></trkpt>
<trkpt lat="35.657165" lon="139.303493"><ele>142.0</ele></trkpt>
<trkpt lat="35.656653" lon="139.303251"><ele>141.0</ele></trkpt>
<trkpt lat="35.656328" lon="139.303079"><ele>141.5</ele></trkpt>
<trkpt lat="35.656176" lon="139.302989"><ele>141.5</ele></trkpt>
<trkpt lat="35.655611" lon="139.302618"><ele>141.0</ele></trkpt>
<trkpt lat="35.655222" lon="139.302333"><ele>142.0</ele></trkpt>
<trkpt lat="35.654966" lon="139.302128"><ele>142.5</ele></trkpt>
<trkpt lat="35.654417" lon="139.301636"><ele>144.0</ele></trkpt>
<trkpt lat="35.653899" lon="139.301187"><ele>144.2</ele></trkpt>
<trkpt lat="35.653550" lon="139.300827"><ele>144.2</ele></trkpt>
<trkpt lat="35.653456" lon="139.300699"><ele>144.8</ele></trkpt>
<trkpt lat="35.653234" lon="139.300329"><ele>146.0</ele></trkpt>
<trkpt lat="35.653050" lon="139.300122"><ele>146.8</ele></trkpt>
<trkpt lat="35.652649" lon="139.299675"><ele>148.5</ele></trkpt>
<trkpt lat="35.652613" lon="139.299653"><ele>148.8</ele></trkpt>
<trkpt lat="35.652450" lon="139.299585"><ele>149.0</ele></trkpt>
<trkpt lat="35.652372" lon="139.299541"><ele>149.0</ele></trkpt>
<trkpt lat="35.652177" lon="139.299307"><ele>149.2</ele></trkpt>
<trkpt lat="35.651999" lon="139.299051"><ele>149.5</ele></trkpt>
<trkpt lat="35.651582" lon="139.298332"><ele>150.8</ele></trkpt>
<trkpt lat="35.651242" lon="139.297820"><ele>151.0</ele></trkpt>
<trkpt lat="35.650830" lon="139.297240"><ele>151.5</ele></trkpt>
<trkpt lat="35.650285" lon="139.296493"><ele>152.2</ele></trkpt>
<trkpt lat="35.650125" lon="139.296247"><ele>152.8</ele></trkpt>
<trkpt lat="35.649978" lon="139.295963"><ele>153.0</ele></trkpt>
<trkpt lat="35.649838" lon="139.295670"><ele>153.2</ele></trkpt>
<trkpt lat="35.649718" lon="139.295373"><ele>153.2</ele></trkpt>
<trkpt lat="35.649540" lon="139.294874"><ele>153.8</ele></trkpt>
<trkpt lat="35.649504" lon="139.294753"><ele>154.0</ele></trkpt>
<trkpt lat="35.649366" lon="139.294238"><ele>155.8</ele></trkpt>
<trkpt lat="35.649340" lon="139.294130"><ele>156.0</ele></trkpt>
<trkpt lat="35.649303" lon="139.293882"><ele>155.8</ele></trkpt>
<trkpt lat="35.649114" lon="139.292956"><ele>155.5</ele></trkpt>
<trkpt lat="35.648954" lon="139.292209"><ele>158.0</ele></trkpt>
<trkpt lat="35.648858" lon="139.291812"><ele>159.0</ele></trkpt>
<trkpt lat="35.648836" lon="139.291733"><ele>159.2</ele></trkpt>
<trkpt lat="35.648823" lon="139.291707"><ele>159.2</ele></trkpt>
<trkpt lat="35.648694" lon="139.291488"><ele>159.2</ele></trkpt>
<trkpt lat="35.648668" lon="139.291436"><ele>159.2</ele></trkpt>
<trkpt lat="35.648655" lon="139.291413"><ele>159.0</ele></trkpt>
<trkpt lat="35.648650" lon="139.291379"><ele>159.0</ele></trkpt>
<trkpt lat="35.648655" lon="139.291337"><ele>159.0</ele></trkpt>
<trkpt lat="35.648675" lon="139.291274"><ele>159.0</ele></trkpt>
<trkpt lat="35.648694" lon="139.291163"><ele>158.8</ele></trkpt>
<trkpt lat="35.648683" lon="139.291059"><ele>158.5</ele></trkpt>
<trkpt lat="35.648636" lon="139.290831"><ele>158.2</ele></trkpt>
<trkpt lat="35.648556" lon="139.290441"><ele>157.8</ele></trkpt>
<trkpt lat="35.648429" lon="139.289910"><ele>157.2</ele></trkpt>
<trkpt lat="35.648035" lon="139.288067"><ele>161.2</ele></trkpt>
<trkpt lat="35.647902" lon="139.287462"><ele>162.5</ele></trkpt>
<trkpt lat="35.647810" lon="139.287108"><ele>163.0</ele></trkpt>
<trkpt lat="35.647799" lon="139.287072"><ele>163.2</ele></trkpt>
<trkpt lat="35.647708" lon="139.286823"><ele>163.2</ele></trkpt>
<trkpt lat="35.647667" lon="139.286712"><ele>163.0</ele></trkpt>
<trkpt lat="35.647621" lon="139.286609"><ele>162.8</ele></trkpt>
<trkpt lat="35.647527" lon="139.286422"><ele>162.5</ele></trkpt>
<trkpt lat="35.647199" lon="139.285905"><ele>162.5</ele></trkpt>
<trkpt lat="35.647178" lon="139.285918"><ele>162.5</ele></trkpt>
<trkpt lat="35.646885" lon="139.286086"><ele>162.2</ele></trkpt>
<trkpt lat="35.646661" lon="139.286215"><ele>162.2</ele></trkpt>
<trkpt lat="35.646405" lon="139.286362"><ele>163.2</ele></trkpt>
<trkpt lat="35.646190" lon="139.286089"><ele>164.0</ele></trkpt>
<trkpt lat="35.646020" lon="139.285899"><ele>165.0</ele></trkpt>
<trkpt lat="35.645919" lon="139.285802"><ele>165.5</ele></trkpt>
<trkpt lat="35.645411" lon="139.286100"><ele>166.8</ele></trkpt>
<trkpt lat="35.645344" lon="139.286156"><ele>166.8</ele></trkpt>
<trkpt lat="35.645012" lon="139.285265"><ele>167.5</ele></trkpt>
<trkpt lat="35.644961" lon="139.285119"><ele>167.2</ele></trkpt>
<trkpt lat="35.644772" lon="139.284667"><ele>167.2</ele></trkpt>
<trkpt lat="35.644189" lon="139.283483"><ele>169.0</ele></trkpt>
<trkpt lat="35.644030" lon="139.283211"><ele>168.5</ele></trkpt>
<trkpt lat="35.643829" lon="139.282876"><ele>168.2</ele></trkpt>
<trkpt lat="35.643517" lon="139.282414"><ele>168.8</ele></trkpt>
<trkpt lat="35.643269" lon="139.282071"><ele>170.2</ele></trkpt>
<trkpt lat="35.643010" lon="139.281700"><ele>172.0</ele></trkpt>
<trkpt lat="35.642963" lon="139.281631"><ele>172.0</ele></trkpt>
<trkpt lat="35.642888" lon="139.281497"><ele>172.0</ele></trkpt>
<trkpt lat="35.642829" lon="139.281331"><ele>172.0</ele></trkpt>
<trkpt lat="35.642810" lon="139.281268"><ele>171.8</ele></trkpt>
<trkpt lat="35.642706" lon="139.280923"><ele>171.2</ele></trkpt>
<trkpt lat="35.642613" lon="139.280524"><ele>171.8</ele></trkpt>
<trkpt lat="35.642573" lon="139.280293"><ele>172.2</ele></trkpt>
<trkpt lat="35.642556" lon="139.280202"><ele>172.5</ele></trkpt>
<trkpt lat="35.642536" lon="139.280057"><ele>172.8</ele></trkpt>
<trkpt lat="35.642514" lon="139.279905"><ele>172.8</ele></trkpt>
<trkpt lat="35.642412" lon="139.279240"><ele>173.0</ele></trkpt>
<trkpt lat="35.642315" lon="139.278458"><ele>173.0</ele></trkpt>
<trkpt lat="35.642305" lon="139.278375"><ele>173.0</ele></trkpt>
<trkpt lat="35.642297" lon="139.278318"><ele>173.0</ele></trkpt>
<trkpt lat="35.642290" lon="139.278265"><ele>173.2</ele></trkpt>
<trkpt lat="35.642209" lon="139.277691"><ele>174.2</ele></trkpt>
<trkpt lat="35.642144" lon="139.277256"><ele>175.2</ele></trkpt>
<trkpt lat="35.642067" lon="139.276763"><ele>176.2</ele></trkpt>
<trkpt lat="35.642033" lon="139.276554"><ele>176.5</ele></trkpt>
<trkpt lat="35.642025" lon="139.276504"><ele>176.5</ele></trkpt>
<trkpt lat="35.642017" lon="139.276456"><ele>176.5</ele></trkpt>
<trkpt lat="35.641998" lon="139.276339"><ele>176.8</ele></trkpt>
<trkpt lat="35.641924" lon="139.275902"><ele>177.5</ele></trkpt>
<trkpt lat="35.641850" lon="139.275514"><ele>177.8</ele></trkpt>
<trkpt lat="35.641757" lon="139.275072"><ele>177.8</ele></trkpt>
<trkpt lat="35.641674" lon="139.274669"><ele>178.2</ele></trkpt>
<trkpt lat="35.641605" lon="139.274399"><ele>179.2</ele></trkpt>
<trkpt lat="35.641578" lon="139.274328"><ele>179.5</ele></trkpt>
<trkpt lat="35.641536" lon="139.274246"><ele>179.8</ele></trkpt>
<trkpt lat="35.641465" lon="139.274156"><ele>180.0</ele></trkpt>
<trkpt lat="35.641363" lon="139.274064"><ele>180.2</ele></trkpt>
<trkpt lat="35.641163" lon="139.273918"><ele>180.5</ele></trkpt>
<trkpt lat="35.641059" lon="139.273809"><ele>180.5</ele></trkpt>
<trkpt lat="35.640946" lon="139.273661"><ele>180.5</ele></trkpt>
<trkpt lat="35.640842" lon="139.273511"><ele>180.2</ele></trkpt>
<trkpt lat="35.640703" lon="139.273308"><ele>181.2</ele></trkpt>
<trkpt lat="35.640526" lon="139.273071"><ele>182.8</ele></trkpt>
<trkpt lat="35.640479" lon="139.273005"><ele>183.0</ele></trkpt>
<trkpt lat="35.640432" lon="139.272940"><ele>183.0</ele></trkpt>
<trkpt lat="35.640352" lon="139.272857"><ele>183.2</ele></trkpt>
<trkpt lat="35.640314" lon="139.272809"><ele>183.2</ele></trkpt>
<trkpt lat="35.640218" lon="139.272683"><ele>183.2</ele></trkpt>
<trkpt lat="35.639828" lon="139.272238"><ele>183.5</ele></trkpt>
<trkpt lat="35.639423" lon="139.271832"><ele>183.0</ele></trkpt>
<trkpt lat="35.639400" lon="139.271809"><ele>183.0</ele></trkpt>
<trkpt lat="35.639250" lon="139.271662"><ele>181.8</ele></trkpt>
<trkpt lat="35.639223" lon="139.271634"><ele>182.0</ele></trkpt>
<trkpt lat="35.639033" lon="139.271471"><ele>183.5</ele></trkpt>
<trkpt lat="35.638919" lon="139.271397"><ele>184.2</ele></trkpt>
<trkpt lat="35.638840" lon="139.271359"><ele>185.0</ele></trkpt>
<trkpt lat="35.638710" lon="139.271314"><ele>185.5</ele></trkpt>
<trkpt lat="35.638313" lon="139.271243"><ele>187.2</ele></trkpt>
<trkpt lat="35.638163" lon="139.271214"><ele>187.2</ele></trkpt>
<trkpt lat="35.638093" lon="139.271199"><ele>187.0</ele></trkpt>
<trkpt lat="35.638068" lon="139.271193"><ele>187.0</ele></trkpt>
<trkpt lat="35.638014" lon="139.271181"><ele>187.0</ele></trkpt>
<trkpt lat="35.637833" lon="139.271139"><ele>186.8</ele></trkpt>
<trkpt lat="35.637461" lon="139.271021"><ele>186.0</ele></trkpt>
<trkpt lat="35.636918" lon="139.270774"><ele>186.8</ele></trkpt>
<trkpt lat="35.636663" lon="139.270649"><ele>188.5</ele></trkpt>
<trkpt lat="35.636596" lon="139.270621"><ele>189.0</ele></trkpt>
<trkpt lat="35.636384" lon="139.270531"><ele>190.2</ele></trkpt>
<trkpt lat="35.636320" lon="139.270514"><ele>190.2</ele></trkpt>
<trkpt lat="35.636159" lon="139.270494"><ele>190.5</ele></trkpt>
<trkpt lat="35.636053" lon="139.270485"><ele>190.5</ele></trkpt>
<trkpt lat="35.635781" lon="139.270461"><ele>190.8</ele></trkpt>
<trkpt lat="35.635620" lon="139.270457"><ele>191.0</ele></trkpt>
<trkpt lat="35.635444" lon="139.270462"><ele>191.2</ele></trkpt>
<trkpt lat="35.635269" lon="139.270478"><ele>191.8</ele></trkpt>
<trkpt lat="35.635037" lon="139.270516"><ele>192.5</ele></trkpt>
<trkpt lat="35.634774" lon="139.270588"><ele>193.2</ele></trkpt>
<trkpt lat="35.634066" lon="139.270837"><ele>194.0</ele></trkpt>
<trkpt lat="35.633995" lon="139.270861"><ele>195.2</ele></trkpt>
<trkpt lat="35.633504" lon="139.271044"><ele>203.2</ele></trkpt>
<trkpt lat="35.633387" lon="139.271073"><ele>204.0</ele></trkpt>
<trkpt lat="35.633196" lon="139.271086"><ele>205.8</ele></trkpt>
<trkpt lat="35.632962" lon="139.271071"><ele>207.2</ele></trkpt>
<trkpt lat="35.632857" lon="139.271048"><ele>207.2</ele></trkpt>
<trkpt lat="35.632856" lon="139.270982"><ele>204.0</ele></trkpt>
<trkpt lat="35.632856" lon="139.270974"><ele>203.5</ele></trkpt>
<trkpt lat="35.632855" lon="139.270859"><ele>198.0</ele></trkpt>
<trkpt lat="35.632838" lon="139.270268"><ele>196.5</ele></trkpt>
<trkpt lat="35.632812" lon="139.270239"><ele>196.5</ele></trkpt>
<trkpt lat="35.632601" lon="139.270122"><ele>196.2</ele></trkpt>
<trkpt lat="35.632579" lon="139.270182"><ele>196.5</ele></trkpt>
<trkpt lat="35.632497" lon="139.270392"><ele>197.2</ele></trkpt>
<trkpt lat="35.632488" lon="139.270415"><ele>197.5</ele></trkpt>
<trkpt lat="35.632431" lon="139.270545"><ele>198.2</ele></trkpt>
<trkpt lat="35.632379" lon="139.270633"><ele>199.2</ele></trkpt>
<trkpt lat="35.632345" lon="139.270692"><ele>199.8</ele></trkpt>
<trkpt lat="35.632271" lon="139.270619"><ele>200.0</ele></trkpt>
<trkpt lat="35.631569" lon="139.269914"><ele>197.5</ele></trkpt>
<trkpt lat="35.631387" lon="139.269766"><ele>200.2</ele></trkpt>
<trkpt lat="35.631294" lon="139.269714"><ele>201.2</ele></trkpt>
<trkpt lat="35.631080" lon="139.269651"><ele>203.5</ele></trkpt>
<trkpt lat="35.631034" lon="139.269639"><ele>204.0</ele></trkpt>
<trkpt lat="35.631026" lon="139.269690"><ele>204.5</ele></trkpt>
<trkpt lat="35.631022" lon="139.269750"><ele>205.0</ele></trkpt>
<trkpt lat="35.631036" lon="139.269821"><ele>205.2</ele></trkpt>
<trkpt lat="35.631191" lon="139.270034"><ele>204.8</ele></trkpt>
<trkpt lat="35.631230" lon="139.270159"><ele>206.8</ele></trkpt>
<trkpt lat="35.631314" lon="139.270336"><ele>208.8</ele></trkpt>
<trkpt lat="35.631426" lon="139.270574"><ele>210.8</ele></trkpt>
<trkpt lat="35.631517" lon="139.270680"><ele>210.0</ele></trkpt>
</trkseg></trk></gpx>
