<?xml version="1.0" encoding="UTF-8"?>
<gpx version="1.1" creator="BrainTaiwan Cycling Expedition 2026" xmlns="http://www.topografix.com/GPX/1/1">
  <metadata>
    <name>Day 2: 高尾山口 ➔ 大垂水峠 ➔ 千木良 ➔ 相模湖 ➔ 勝瀬橋 ➔ 縣道76 ➔ 奧牧野 ➔ 縣道35秋山街道 ➔ 都留市由加利</name>
    <desc>68.5 km | +1258m / -970m | 日本公路車友經典秋山街道核實版</desc>
  </metadata>
  <trk>
    <name>Day 2: Mt. Takao to Tsuru City via Otarumi and Akiyama Kaido</name>
    <trkseg>
      <trkpt lat="35.631517" lon="139.27068"><ele>200.0</ele></trkpt>
      <trkpt lat="35.631426" lon="139.270574"><ele>200.0</ele></trkpt>
      <trkpt lat="35.631314" lon="139.270336"><ele>200.0</ele></trkpt>
      <trkpt lat="35.63123" lon="139.270159"><ele>200.0</ele></trkpt>
      <trkpt lat="35.631191" lon="139.270034"><ele>200.0</ele></trkpt>
      <trkpt lat="35.631036" lon="139.269821"><ele>200.0</ele></trkpt>
      <trkpt lat="35.631022" lon="139.26975"><ele>200.0</ele></trkpt>
      <trkpt lat="35.631026" lon="139.26969"><ele>200.0</ele></trkpt>
      <trkpt lat="35.631034" lon="139.269639"><ele>200.0</ele></trkpt>
      <trkpt lat="35.630998" lon="139.269629"><ele>200.0</ele></trkpt>
      <trkpt lat="35.630953" lon="139.269616"><ele>200.0</ele></trkpt>
      <trkpt lat="35.630896" lon="139.269601"><ele>200.0</ele></trkpt>
      <trkpt lat="35.63088" lon="139.269596"><ele>200.0</ele></trkpt>
      <trkpt lat="35.630849" lon="139.269589"><ele>200.0</ele></trkpt>
      <trkpt lat="35.630798" lon="139.269577"><ele>200.0</ele></trkpt>
      <trkpt lat="35.630716" lon="139.269579"><ele>200.0</ele></trkpt>
      <trkpt lat="35.630545" lon="139.269601"><ele>200.0</ele></trkpt>
      <trkpt lat="35.630194" lon="139.269648"><ele>200.0</ele></trkpt>
      <trkpt lat="35.630113" lon="139.269648"><ele>200.0</ele></trkpt>
      <trkpt lat="35.630031" lon="139.269634"><ele>200.0</ele></trkpt>
      <trkpt lat="35.629971" lon="139.269609"><ele>200.0</ele></trkpt>
      <trkpt lat="35.62967" lon="139.2694"><ele>200.0</ele></trkpt>
      <trkpt lat="35.629493" lon="139.269291"><ele>200.0</ele></trkpt>
      <trkpt lat="35.629321" lon="139.269206"><ele>200.0</ele></trkpt>
      <trkpt lat="35.629289" lon="139.269191"><ele>200.0</ele></trkpt>
      <trkpt lat="35.629204" lon="139.26915"><ele>200.0</ele></trkpt>
      <trkpt lat="35.629059" lon="139.269076"><ele>200.0</ele></trkpt>
      <trkpt lat="35.628944" lon="139.268966"><ele>200.0</ele></trkpt>
      <trkpt lat="35.628855" lon="139.268815"><ele>200.0</ele></trkpt>
      <trkpt lat="35.628779" lon="139.268632"><ele>200.0</ele></trkpt>
      <trkpt lat="35.628666" lon="139.268419"><ele>200.0</ele></trkpt>
      <trkpt lat="35.628552" lon="139.268256"><ele>200.0</ele></trkpt>
      <trkpt lat="35.628434" lon="139.268125"><ele>200.0</ele></trkpt>
      <trkpt lat="35.628265" lon="139.267907"><ele>200.0</ele></trkpt>
      <trkpt lat="35.628124" lon="139.267653"><ele>200.0</ele></trkpt>
      <trkpt lat="35.627983" lon="139.267366"><ele>200.0</ele></trkpt>
      <trkpt lat="35.627817" lon="139.266993"><ele>200.0</ele></trkpt>
      <trkpt lat="35.627766" lon="139.266854"><ele>200.0</ele></trkpt>
      <trkpt lat="35.627599" lon="139.266412"><ele>200.0</ele></trkpt>
      <trkpt lat="35.627435" lon="139.265956"><ele>200.0</ele></trkpt>
      <trkpt lat="35.627384" lon="139.265811"><ele>200.0</ele></trkpt>
      <trkpt lat="35.627347" lon="139.265631"><ele>200.0</ele></trkpt>
      <trkpt lat="35.627285" lon="139.265253"><ele>200.0</ele></trkpt>
      <trkpt lat="35.627213" lon="139.264848"><ele>200.0</ele></trkpt>
      <trkpt lat="35.627166" lon="139.264639"><ele>200.0</ele></trkpt>
      <trkpt lat="35.627108" lon="139.264447"><ele>200.0</ele></trkpt>
      <trkpt lat="35.627034" lon="139.264285"><ele>200.0</ele></trkpt>
      <trkpt lat="35.62694" lon="139.264135"><ele>200.0</ele></trkpt>
      <trkpt lat="35.626848" lon="139.264025"><ele>200.0</ele></trkpt>
      <trkpt lat="35.626717" lon="139.263905"><ele>200.0</ele></trkpt>
      <trkpt lat="35.626607" lon="139.263831"><ele>200.0</ele></trkpt>
      <trkpt lat="35.626509" lon="139.263779"><ele>200.0</ele></trkpt>
      <trkpt lat="35.626403" lon="139.263736"><ele>200.0</ele></trkpt>
      <trkpt lat="35.626263" lon="139.263713"><ele>200.0</ele></trkpt>
      <trkpt lat="35.626178" lon="139.263705"><ele>200.0</ele></trkpt>
      <trkpt lat="35.626029" lon="139.263704"><ele>200.0</ele></trkpt>
      <trkpt lat="35.62579" lon="139.263725"><ele>200.0</ele></trkpt>
      <trkpt lat="35.625367" lon="139.26372"><ele>200.0</ele></trkpt>
      <trkpt lat="35.624742" lon="139.263719"><ele>200.0</ele></trkpt>
      <trkpt lat="35.624503" lon="139.263704"><ele>200.0</ele></trkpt>
      <trkpt lat="35.624331" lon="139.263687"><ele>200.0</ele></trkpt>
      <trkpt lat="35.624103" lon="139.263644"><ele>200.0</ele></trkpt>
      <trkpt lat="35.623766" lon="139.263587"><ele>200.0</ele></trkpt>
      <trkpt lat="35.623547" lon="139.263567"><ele>200.0</ele></trkpt>
      <trkpt lat="35.623392" lon="139.263568"><ele>200.0</ele></trkpt>
      <trkpt lat="35.623297" lon="139.263575"><ele>200.0</ele></trkpt>
      <trkpt lat="35.623245" lon="139.263567"><ele>200.0</ele></trkpt>
      <trkpt lat="35.623152" lon="139.263507"><ele>200.0</ele></trkpt>
      <trkpt lat="35.623105" lon="139.263432"><ele>200.0</ele></trkpt>
      <trkpt lat="35.623089" lon="139.263413"><ele>200.0</ele></trkpt>
      <trkpt lat="35.623063" lon="139.26338"><ele>200.0</ele></trkpt>
      <trkpt lat="35.623025" lon="139.263355"><ele>200.0</ele></trkpt>
      <trkpt lat="35.622991" lon="139.26334"><ele>200.0</ele></trkpt>
      <trkpt lat="35.622969" lon="139.263329"><ele>200.0</ele></trkpt>
      <trkpt lat="35.622944" lon="139.263327"><ele>200.0</ele></trkpt>
      <trkpt lat="35.622685" lon="139.263298"><ele>200.0</ele></trkpt>
      <trkpt lat="35.622573" lon="139.263269"><ele>200.0</ele></trkpt>
      <trkpt lat="35.622374" lon="139.263206"><ele>200.0</ele></trkpt>
      <trkpt lat="35.622157" lon="139.263131"><ele>200.0</ele></trkpt>
      <trkpt lat="35.621931" lon="139.263068"><ele>200.0</ele></trkpt>
      <trkpt lat="35.621757" lon="139.263001"><ele>200.0</ele></trkpt>
      <trkpt lat="35.621482" lon="139.262877"><ele>200.0</ele></trkpt>
      <trkpt lat="35.621018" lon="139.262654"><ele>200.0</ele></trkpt>
      <trkpt lat="35.620848" lon="139.262575"><ele>200.0</ele></trkpt>
      <trkpt lat="35.620821" lon="139.262563"><ele>200.0</ele></trkpt>
      <trkpt lat="35.620578" lon="139.26245"><ele>200.0</ele></trkpt>
      <trkpt lat="35.620456" lon="139.262411"><ele>200.0</ele></trkpt>
      <trkpt lat="35.620421" lon="139.2624"><ele>200.0</ele></trkpt>
      <trkpt lat="35.620298" lon="139.262368"><ele>200.0</ele></trkpt>
      <trkpt lat="35.620201" lon="139.262359"><ele>200.0</ele></trkpt>
      <trkpt lat="35.620081" lon="139.262356"><ele>200.0</ele></trkpt>
      <trkpt lat="35.619972" lon="139.262367"><ele>200.0</ele></trkpt>
      <trkpt lat="35.619654" lon="139.262424"><ele>200.0</ele></trkpt>
      <trkpt lat="35.619067" lon="139.262541"><ele>200.0</ele></trkpt>
      <trkpt lat="35.618969" lon="139.26256"><ele>200.0</ele></trkpt>
      <trkpt lat="35.618742" lon="139.262591"><ele>200.0</ele></trkpt>
      <trkpt lat="35.618525" lon="139.262601"><ele>200.0</ele></trkpt>
      <trkpt lat="35.618398" lon="139.26259"><ele>200.0</ele></trkpt>
      <trkpt lat="35.618282" lon="139.262554"><ele>200.0</ele></trkpt>
      <trkpt lat="35.618193" lon="139.262501"><ele>200.0</ele></trkpt>
      <trkpt lat="35.618112" lon="139.262446"><ele>200.0</ele></trkpt>
      <trkpt lat="35.618037" lon="139.262375"><ele>200.0</ele></trkpt>
      <trkpt lat="35.61797" lon="139.262281"><ele>200.0</ele></trkpt>
      <trkpt lat="35.617919" lon="139.262177"><ele>200.0</ele></trkpt>
      <trkpt lat="35.617882" lon="139.262079"><ele>200.0</ele></trkpt>
      <trkpt lat="35.617864" lon="139.261964"><ele>200.0</ele></trkpt>
      <trkpt lat="35.61786" lon="139.261848"><ele>200.0</ele></trkpt>
      <trkpt lat="35.617877" lon="139.261744"><ele>200.0</ele></trkpt>
      <trkpt lat="35.617908" lon="139.261637"><ele>200.0</ele></trkpt>
      <trkpt lat="35.617952" lon="139.261536"><ele>200.0</ele></trkpt>
      <trkpt lat="35.618012" lon="139.261435"><ele>200.0</ele></trkpt>
      <trkpt lat="35.618086" lon="139.26133"><ele>200.0</ele></trkpt>
      <trkpt lat="35.618186" lon="139.261207"><ele>200.0</ele></trkpt>
      <trkpt lat="35.618201" lon="139.261188"><ele>200.0</ele></trkpt>
      <trkpt lat="35.618256" lon="139.261121"><ele>200.0</ele></trkpt>
      <trkpt lat="35.618377" lon="139.26097"><ele>200.0</ele></trkpt>
      <trkpt lat="35.618453" lon="139.260882"><ele>200.0</ele></trkpt>
      <trkpt lat="35.618819" lon="139.260455"><ele>200.0</ele></trkpt>
      <trkpt lat="35.618878" lon="139.260367"><ele>200.0</ele></trkpt>
      <trkpt lat="35.618925" lon="139.260264"><ele>200.0</ele></trkpt>
      <trkpt lat="35.618953" lon="139.260181"><ele>200.0</ele></trkpt>
      <trkpt lat="35.618974" lon="139.260073"><ele>200.0</ele></trkpt>
      <trkpt lat="35.618981" lon="139.25997"><ele>200.0</ele></trkpt>
      <trkpt lat="35.618974" lon="139.259854"><ele>200.0</ele></trkpt>
      <trkpt lat="35.61895" lon="139.259714"><ele>200.0</ele></trkpt>
      <trkpt lat="35.618909" lon="139.259545"><ele>200.0</ele></trkpt>
      <trkpt lat="35.618807" lon="139.259194"><ele>200.0</ele></trkpt>
      <trkpt lat="35.618774" lon="139.259034"><ele>200.0</ele></trkpt>
      <trkpt lat="35.618753" lon="139.258846"><ele>200.0</ele></trkpt>
      <trkpt lat="35.618747" lon="139.25867"><ele>200.0</ele></trkpt>
      <trkpt lat="35.618756" lon="139.258547"><ele>200.0</ele></trkpt>
      <trkpt lat="35.618788" lon="139.258361"><ele>200.0</ele></trkpt>
      <trkpt lat="35.618846" lon="139.258199"><ele>200.0</ele></trkpt>
      <trkpt lat="35.618916" lon="139.258004"><ele>200.0</ele></trkpt>
      <trkpt lat="35.618958" lon="139.257826"><ele>200.0</ele></trkpt>
      <trkpt lat="35.618987" lon="139.257682"><ele>200.0</ele></trkpt>
      <trkpt lat="35.619007" lon="139.257441"><ele>200.0</ele></trkpt>
      <trkpt lat="35.61906" lon="139.257054"><ele>200.0</ele></trkpt>
      <trkpt lat="35.619136" lon="139.25666"><ele>200.0</ele></trkpt>
      <trkpt lat="35.61922" lon="139.256323"><ele>200.0</ele></trkpt>
      <trkpt lat="35.619305" lon="139.256045"><ele>200.0</ele></trkpt>
      <trkpt lat="35.619361" lon="139.255822"><ele>200.0</ele></trkpt>
      <trkpt lat="35.619388" lon="139.255662"><ele>200.0</ele></trkpt>
      <trkpt lat="35.6194" lon="139.255521"><ele>200.0</ele></trkpt>
      <trkpt lat="35.619395" lon="139.255408"><ele>200.0</ele></trkpt>
      <trkpt lat="35.619307" lon="139.254772"><ele>200.0</ele></trkpt>
      <trkpt lat="35.619254" lon="139.254441"><ele>200.0</ele></trkpt>
      <trkpt lat="35.619222" lon="139.254236"><ele>200.0</ele></trkpt>
      <trkpt lat="35.619204" lon="139.254119"><ele>200.0</ele></trkpt>
      <trkpt lat="35.619143" lon="139.25389"><ele>200.0</ele></trkpt>
      <trkpt lat="35.619023" lon="139.253593"><ele>200.0</ele></trkpt>
      <trkpt lat="35.618968" lon="139.253455"><ele>200.0</ele></trkpt>
      <trkpt lat="35.618914" lon="139.253367"><ele>200.0</ele></trkpt>
      <trkpt lat="35.618756" lon="139.253181"><ele>200.0</ele></trkpt>
      <trkpt lat="35.618559" lon="139.252989"><ele>200.0</ele></trkpt>
      <trkpt lat="35.618351" lon="139.252828"><ele>200.0</ele></trkpt>
      <trkpt lat="35.618095" lon="139.252671"><ele>200.0</ele></trkpt>
      <trkpt lat="35.617509" lon="139.25237"><ele>200.0</ele></trkpt>
      <trkpt lat="35.61739" lon="139.252271"><ele>200.0</ele></trkpt>
      <trkpt lat="35.617239" lon="139.252065"><ele>200.0</ele></trkpt>
      <trkpt lat="35.617131" lon="139.251878"><ele>200.0</ele></trkpt>
      <trkpt lat="35.617038" lon="139.251693"><ele>200.0</ele></trkpt>
      <trkpt lat="35.616964" lon="139.251497"><ele>200.0</ele></trkpt>
      <trkpt lat="35.616993" lon="139.251358"><ele>200.0</ele></trkpt>
      <trkpt lat="35.617021" lon="139.251197"><ele>200.0</ele></trkpt>
      <trkpt lat="35.617051" lon="139.251042"><ele>200.0</ele></trkpt>
      <trkpt lat="35.617054" lon="139.250934"><ele>200.0</ele></trkpt>
      <trkpt lat="35.617055" lon="139.25083"><ele>200.0</ele></trkpt>
      <trkpt lat="35.617046" lon="139.2507"><ele>200.0</ele></trkpt>
      <trkpt lat="35.61701" lon="139.250569"><ele>200.0</ele></trkpt>
      <trkpt lat="35.616978" lon="139.250464"><ele>200.0</ele></trkpt>
      <trkpt lat="35.616959" lon="139.250355"><ele>200.0</ele></trkpt>
      <trkpt lat="35.616948" lon="139.25026"><ele>200.0</ele></trkpt>
      <trkpt lat="35.616951" lon="139.250152"><ele>200.0</ele></trkpt>
      <trkpt lat="35.616971" lon="139.24996"><ele>200.0</ele></trkpt>
      <trkpt lat="35.617017" lon="139.249691"><ele>200.0</ele></trkpt>
      <trkpt lat="35.617103" lon="139.249183"><ele>200.0</ele></trkpt>
      <trkpt lat="35.617127" lon="139.24894"><ele>200.0</ele></trkpt>
      <trkpt lat="35.61714" lon="139.248701"><ele>200.0</ele></trkpt>
      <trkpt lat="35.61715" lon="139.248427"><ele>200.0</ele></trkpt>
      <trkpt lat="35.61715" lon="139.248268"><ele>200.0</ele></trkpt>
      <trkpt lat="35.617121" lon="139.248151"><ele>200.0</ele></trkpt>
      <trkpt lat="35.61707" lon="139.248029"><ele>200.0</ele></trkpt>
      <trkpt lat="35.617001" lon="139.247957"><ele>200.0</ele></trkpt>
      <trkpt lat="35.616862" lon="139.247808"><ele>200.0</ele></trkpt>
      <trkpt lat="35.616661" lon="139.247614"><ele>200.0</ele></trkpt>
      <trkpt lat="35.616474" lon="139.247421"><ele>200.0</ele></trkpt>
      <trkpt lat="35.616407" lon="139.247424"><ele>200.0</ele></trkpt>
      <trkpt lat="35.616374" lon="139.247137"><ele>200.0</ele></trkpt>
      <trkpt lat="35.616363" lon="139.24702"><ele>200.0</ele></trkpt>
      <trkpt lat="35.616297" lon="139.246316"><ele>200.0</ele></trkpt>
      <trkpt lat="35.616286" lon="139.246147"><ele>200.0</ele></trkpt>
      <trkpt lat="35.616282" lon="139.246082"><ele>200.0</ele></trkpt>
      <trkpt lat="35.616171" lon="139.244954"><ele>200.0</ele></trkpt>
      <trkpt lat="35.616147" lon="139.24475"><ele>200.0</ele></trkpt>
      <trkpt lat="35.616075" lon="139.244393"><ele>200.0</ele></trkpt>
      <trkpt lat="35.615985" lon="139.2441"><ele>200.0</ele></trkpt>
      <trkpt lat="35.615882" lon="139.243778"><ele>200.0</ele></trkpt>
      <trkpt lat="35.615852" lon="139.243655"><ele>200.0</ele></trkpt>
      <trkpt lat="35.615829" lon="139.24352"><ele>200.0</ele></trkpt>
      <trkpt lat="35.615808" lon="139.243385"><ele>200.0</ele></trkpt>
      <trkpt lat="35.615798" lon="139.243253"><ele>200.0</ele></trkpt>
      <trkpt lat="35.615801" lon="139.243137"><ele>200.0</ele></trkpt>
      <trkpt lat="35.615808" lon="139.243025"><ele>200.0</ele></trkpt>
      <trkpt lat="35.615825" lon="139.242874"><ele>200.0</ele></trkpt>
      <trkpt lat="35.615855" lon="139.242718"><ele>200.0</ele></trkpt>
      <trkpt lat="35.615957" lon="139.242201"><ele>200.0</ele></trkpt>
      <trkpt lat="35.615986" lon="139.242056"><ele>200.0</ele></trkpt>
      <trkpt lat="35.616011" lon="139.24186"><ele>200.0</ele></trkpt>
      <trkpt lat="35.61602" lon="139.241729"><ele>200.0</ele></trkpt>
      <trkpt lat="35.616031" lon="139.241456"><ele>200.0</ele></trkpt>
      <trkpt lat="35.616045" lon="139.241234"><ele>200.0</ele></trkpt>
      <trkpt lat="35.61607" lon="139.24106"><ele>200.0</ele></trkpt>
      <trkpt lat="35.616119" lon="139.240905"><ele>200.0</ele></trkpt>
      <trkpt lat="35.616184" lon="139.240786"><ele>200.0</ele></trkpt>
      <trkpt lat="35.616259" lon="139.240682"><ele>200.0</ele></trkpt>
      <trkpt lat="35.61634" lon="139.240591"><ele>200.0</ele></trkpt>
      <trkpt lat="35.616433" lon="139.240511"><ele>200.0</ele></trkpt>
      <trkpt lat="35.616543" lon="139.240449"><ele>200.0</ele></trkpt>
      <trkpt lat="35.617163" lon="139.240128"><ele>200.0</ele></trkpt>
      <trkpt lat="35.617075" lon="139.240017"><ele>200.0</ele></trkpt>
      <trkpt lat="35.616971" lon="139.239923"><ele>200.0</ele></trkpt>
      <trkpt lat="35.61688" lon="139.239886"><ele>200.0</ele></trkpt>
      <trkpt lat="35.61688" lon="139.239886"><ele>200.0</ele></trkpt>
      <trkpt lat="35.61688" lon="139.239886"><ele>200.0</ele></trkpt>
      <trkpt lat="35.616971" lon="139.239923"><ele>200.0</ele></trkpt>
      <trkpt lat="35.617075" lon="139.240017"><ele>200.0</ele></trkpt>
      <trkpt lat="35.617163" lon="139.240128"><ele>200.0</ele></trkpt>
      <trkpt lat="35.617247" lon="139.240088"><ele>200.0</ele></trkpt>
      <trkpt lat="35.617335" lon="139.240058"><ele>200.0</ele></trkpt>
      <trkpt lat="35.617439" lon="139.240026"><ele>200.0</ele></trkpt>
      <trkpt lat="35.617534" lon="139.240018"><ele>200.0</ele></trkpt>
      <trkpt lat="35.617626" lon="139.240014"><ele>200.0</ele></trkpt>
      <trkpt lat="35.618204" lon="139.240001"><ele>200.0</ele></trkpt>
      <trkpt lat="35.618302" lon="139.239998"><ele>200.0</ele></trkpt>
      <trkpt lat="35.61841" lon="139.239982"><ele>200.0</ele></trkpt>
      <trkpt lat="35.618478" lon="139.23997"><ele>200.0</ele></trkpt>
      <trkpt lat="35.618553" lon="139.23993"><ele>200.0</ele></trkpt>
      <trkpt lat="35.618625" lon="139.239865"><ele>200.0</ele></trkpt>
      <trkpt lat="35.61868" lon="139.23979"><ele>200.0</ele></trkpt>
      <trkpt lat="35.618724" lon="139.239722"><ele>200.0</ele></trkpt>
      <trkpt lat="35.618762" lon="139.239629"><ele>200.0</ele></trkpt>
      <trkpt lat="35.618998" lon="139.238971"><ele>200.0</ele></trkpt>
      <trkpt lat="35.619053" lon="139.238831"><ele>200.0</ele></trkpt>
      <trkpt lat="35.6191" lon="139.23871"><ele>200.0</ele></trkpt>
      <trkpt lat="35.619169" lon="139.238603"><ele>200.0</ele></trkpt>
      <trkpt lat="35.619226" lon="139.238508"><ele>200.0</ele></trkpt>
      <trkpt lat="35.619281" lon="139.23839"><ele>200.0</ele></trkpt>
      <trkpt lat="35.619318" lon="139.238283"><ele>200.0</ele></trkpt>
      <trkpt lat="35.619329" lon="139.238209"><ele>200.0</ele></trkpt>
      <trkpt lat="35.61933" lon="139.238123"><ele>200.0</ele></trkpt>
      <trkpt lat="35.619319" lon="139.238025"><ele>200.0</ele></trkpt>
      <trkpt lat="35.619295" lon="139.237918"><ele>200.0</ele></trkpt>
      <trkpt lat="35.619271" lon="139.237847"><ele>200.0</ele></trkpt>
      <trkpt lat="35.619237" lon="139.237692"><ele>200.0</ele></trkpt>
      <trkpt lat="35.619228" lon="139.237609"><ele>200.0</ele></trkpt>
      <trkpt lat="35.619251" lon="139.237478"><ele>200.0</ele></trkpt>
      <trkpt lat="35.619276" lon="139.237402"><ele>200.0</ele></trkpt>
      <trkpt lat="35.61931" lon="139.23733"><ele>200.0</ele></trkpt>
      <trkpt lat="35.619362" lon="139.237269"><ele>200.0</ele></trkpt>
      <trkpt lat="35.619409" lon="139.237224"><ele>200.0</ele></trkpt>
      <trkpt lat="35.61946" lon="139.23719"><ele>200.0</ele></trkpt>
      <trkpt lat="35.619515" lon="139.237169"><ele>200.0</ele></trkpt>
      <trkpt lat="35.619601" lon="139.237159"><ele>200.0</ele></trkpt>
      <trkpt lat="35.619671" lon="139.237168"><ele>200.0</ele></trkpt>
      <trkpt lat="35.619753" lon="139.237193"><ele>200.0</ele></trkpt>
      <trkpt lat="35.619852" lon="139.23723"><ele>200.0</ele></trkpt>
      <trkpt lat="35.619906" lon="139.237244"><ele>200.0</ele></trkpt>
      <trkpt lat="35.619978" lon="139.237245"><ele>200.0</ele></trkpt>
      <trkpt lat="35.620037" lon="139.237231"><ele>200.0</ele></trkpt>
      <trkpt lat="35.620095" lon="139.237206"><ele>200.0</ele></trkpt>
      <trkpt lat="35.620143" lon="139.237174"><ele>200.0</ele></trkpt>
      <trkpt lat="35.620188" lon="139.237134"><ele>200.0</ele></trkpt>
      <trkpt lat="35.620245" lon="139.237056"><ele>200.0</ele></trkpt>
      <trkpt lat="35.620302" lon="139.236964"><ele>200.0</ele></trkpt>
      <trkpt lat="35.620498" lon="139.236632"><ele>200.0</ele></trkpt>
      <trkpt lat="35.620539" lon="139.236557"><ele>200.0</ele></trkpt>
      <trkpt lat="35.620566" lon="139.236468"><ele>200.0</ele></trkpt>
      <trkpt lat="35.620581" lon="139.236404"><ele>200.0</ele></trkpt>
      <trkpt lat="35.620592" lon="139.236328"><ele>200.0</ele></trkpt>
      <trkpt lat="35.620591" lon="139.236243"><ele>200.0</ele></trkpt>
      <trkpt lat="35.620536" lon="139.235996"><ele>200.0</ele></trkpt>
      <trkpt lat="35.620453" lon="139.235616"><ele>200.0</ele></trkpt>
      <trkpt lat="35.620424" lon="139.235478"><ele>200.0</ele></trkpt>
      <trkpt lat="35.620392" lon="139.235374"><ele>200.0</ele></trkpt>
      <trkpt lat="35.620352" lon="139.235304"><ele>200.0</ele></trkpt>
      <trkpt lat="35.620297" lon="139.235234"><ele>200.0</ele></trkpt>
      <trkpt lat="35.620222" lon="139.235147"><ele>200.0</ele></trkpt>
      <trkpt lat="35.620147" lon="139.23506"><ele>200.0</ele></trkpt>
      <trkpt lat="35.620096" lon="139.234979"><ele>200.0</ele></trkpt>
      <trkpt lat="35.620048" lon="139.23489"><ele>200.0</ele></trkpt>
      <trkpt lat="35.619995" lon="139.234791"><ele>200.0</ele></trkpt>
      <trkpt lat="35.619913" lon="139.234624"><ele>200.0</ele></trkpt>
      <trkpt lat="35.619853" lon="139.234457"><ele>200.0</ele></trkpt>
      <trkpt lat="35.619797" lon="139.23429"><ele>200.0</ele></trkpt>
      <trkpt lat="35.619756" lon="139.234121"><ele>200.0</ele></trkpt>
      <trkpt lat="35.619731" lon="139.23398"><ele>200.0</ele></trkpt>
      <trkpt lat="35.619702" lon="139.233738"><ele>200.0</ele></trkpt>
      <trkpt lat="35.619687" lon="139.23362"><ele>200.0</ele></trkpt>
      <trkpt lat="35.619657" lon="139.233496"><ele>200.0</ele></trkpt>
      <trkpt lat="35.619609" lon="139.233377"><ele>200.0</ele></trkpt>
      <trkpt lat="35.619557" lon="139.233257"><ele>200.0</ele></trkpt>
      <trkpt lat="35.619495" lon="139.233091"><ele>200.0</ele></trkpt>
      <trkpt lat="35.619462" lon="139.23297"><ele>200.0</ele></trkpt>
      <trkpt lat="35.619445" lon="139.232842"><ele>200.0</ele></trkpt>
      <trkpt lat="35.619438" lon="139.232756"><ele>200.0</ele></trkpt>
      <trkpt lat="35.619434" lon="139.232666"><ele>200.0</ele></trkpt>
      <trkpt lat="35.619423" lon="139.232521"><ele>200.0</ele></trkpt>
      <trkpt lat="35.619399" lon="139.232397"><ele>200.0</ele></trkpt>
      <trkpt lat="35.619367" lon="139.232291"><ele>200.0</ele></trkpt>
      <trkpt lat="35.619343" lon="139.232238"><ele>200.0</ele></trkpt>
      <trkpt lat="35.619292" lon="139.232165"><ele>200.0</ele></trkpt>
      <trkpt lat="35.61925" lon="139.23211"><ele>200.0</ele></trkpt>
      <trkpt lat="35.61919" lon="139.232024"><ele>200.0</ele></trkpt>
      <trkpt lat="35.619141" lon="139.231918"><ele>200.0</ele></trkpt>
      <trkpt lat="35.619108" lon="139.231831"><ele>200.0</ele></trkpt>
      <trkpt lat="35.619082" lon="139.231725"><ele>200.0</ele></trkpt>
      <trkpt lat="35.619069" lon="139.231606"><ele>200.0</ele></trkpt>
      <trkpt lat="35.619073" lon="139.231488"><ele>200.0</ele></trkpt>
      <trkpt lat="35.619076" lon="139.231454"><ele>200.0</ele></trkpt>
      <trkpt lat="35.61909" lon="139.23137"><ele>200.0</ele></trkpt>
      <trkpt lat="35.61912" lon="139.231266"><ele>200.0</ele></trkpt>
      <trkpt lat="35.619168" lon="139.231154"><ele>200.0</ele></trkpt>
      <trkpt lat="35.619274" lon="139.230973"><ele>200.0</ele></trkpt>
      <trkpt lat="35.619386" lon="139.230788"><ele>200.0</ele></trkpt>
      <trkpt lat="35.619503" lon="139.230588"><ele>200.0</ele></trkpt>
      <trkpt lat="35.619547" lon="139.230526"><ele>200.0</ele></trkpt>
      <trkpt lat="35.619602" lon="139.230461"><ele>200.0</ele></trkpt>
      <trkpt lat="35.619671" lon="139.230386"><ele>200.0</ele></trkpt>
      <trkpt lat="35.619757" lon="139.230313"><ele>200.0</ele></trkpt>
      <trkpt lat="35.619886" lon="139.230236"><ele>200.0</ele></trkpt>
      <trkpt lat="35.620045" lon="139.230172"><ele>200.0</ele></trkpt>
      <trkpt lat="35.620212" lon="139.230122"><ele>200.0</ele></trkpt>
      <trkpt lat="35.620287" lon="139.230092"><ele>200.0</ele></trkpt>
      <trkpt lat="35.620346" lon="139.230067"><ele>200.0</ele></trkpt>
      <trkpt lat="35.620393" lon="139.230038"><ele>200.0</ele></trkpt>
      <trkpt lat="35.620447" lon="139.23"><ele>200.0</ele></trkpt>
      <trkpt lat="35.620488" lon="139.229947"><ele>200.0</ele></trkpt>
      <trkpt lat="35.620518" lon="139.229886"><ele>200.0</ele></trkpt>
      <trkpt lat="35.620563" lon="139.22976"><ele>200.0</ele></trkpt>
      <trkpt lat="35.620602" lon="139.229638"><ele>200.0</ele></trkpt>
      <trkpt lat="35.620645" lon="139.229549"><ele>200.0</ele></trkpt>
      <trkpt lat="35.620699" lon="139.229455"><ele>200.0</ele></trkpt>
      <trkpt lat="35.620816" lon="139.229283"><ele>200.0</ele></trkpt>
      <trkpt lat="35.620912" lon="139.229112"><ele>200.0</ele></trkpt>
      <trkpt lat="35.620997" lon="139.228885"><ele>200.0</ele></trkpt>
      <trkpt lat="35.621013" lon="139.228821"><ele>200.0</ele></trkpt>
      <trkpt lat="35.62103" lon="139.228735"><ele>200.0</ele></trkpt>
      <trkpt lat="35.621037" lon="139.22862"><ele>200.0</ele></trkpt>
      <trkpt lat="35.621016" lon="139.228332"><ele>200.0</ele></trkpt>
      <trkpt lat="35.620996" lon="139.228169"><ele>200.0</ele></trkpt>
      <trkpt lat="35.620953" lon="139.228048"><ele>200.0</ele></trkpt>
      <trkpt lat="35.620887" lon="139.227948"><ele>200.0</ele></trkpt>
      <trkpt lat="35.620828" lon="139.227882"><ele>200.0</ele></trkpt>
      <trkpt lat="35.620746" lon="139.227794"><ele>200.0</ele></trkpt>
      <trkpt lat="35.620487" lon="139.227577"><ele>200.0</ele></trkpt>
      <trkpt lat="35.620402" lon="139.227479"><ele>200.0</ele></trkpt>
      <trkpt lat="35.620351" lon="139.227408"><ele>200.0</ele></trkpt>
      <trkpt lat="35.620292" lon="139.227304"><ele>200.0</ele></trkpt>
      <trkpt lat="35.620263" lon="139.227219"><ele>200.0</ele></trkpt>
      <trkpt lat="35.620245" lon="139.227106"><ele>200.0</ele></trkpt>
      <trkpt lat="35.62022" lon="139.226751"><ele>200.0</ele></trkpt>
      <trkpt lat="35.620161" lon="139.226098"><ele>200.0</ele></trkpt>
      <trkpt lat="35.620142" lon="139.225887"><ele>200.0</ele></trkpt>
      <trkpt lat="35.620147" lon="139.225796"><ele>200.0</ele></trkpt>
      <trkpt lat="35.620167" lon="139.225705"><ele>200.0</ele></trkpt>
      <trkpt lat="35.620201" lon="139.225624"><ele>200.0</ele></trkpt>
      <trkpt lat="35.620245" lon="139.225561"><ele>200.0</ele></trkpt>
      <trkpt lat="35.620326" lon="139.225494"><ele>200.0</ele></trkpt>
      <trkpt lat="35.620385" lon="139.225474"><ele>200.0</ele></trkpt>
      <trkpt lat="35.620465" lon="139.225455"><ele>200.0</ele></trkpt>
      <trkpt lat="35.620849" lon="139.225432"><ele>200.0</ele></trkpt>
      <trkpt lat="35.62092" lon="139.225394"><ele>200.0</ele></trkpt>
      <trkpt lat="35.620975" lon="139.225342"><ele>200.0</ele></trkpt>
      <trkpt lat="35.621015" lon="139.225284"><ele>200.0</ele></trkpt>
      <trkpt lat="35.621028" lon="139.22521"><ele>200.0</ele></trkpt>
      <trkpt lat="35.621021" lon="139.225135"><ele>200.0</ele></trkpt>
      <trkpt lat="35.621007" lon="139.22508"><ele>200.0</ele></trkpt>
      <trkpt lat="35.620965" lon="139.225021"><ele>200.0</ele></trkpt>
      <trkpt lat="35.62046" lon="139.224434"><ele>200.0</ele></trkpt>
      <trkpt lat="35.620403" lon="139.224315"><ele>200.0</ele></trkpt>
      <trkpt lat="35.620381" lon="139.224199"><ele>200.0</ele></trkpt>
      <trkpt lat="35.620376" lon="139.224082"><ele>200.0</ele></trkpt>
      <trkpt lat="35.620402" lon="139.223911"><ele>200.0</ele></trkpt>
      <trkpt lat="35.620416" lon="139.223837"><ele>200.0</ele></trkpt>
      <trkpt lat="35.620428" lon="139.22374"><ele>200.0</ele></trkpt>
      <trkpt lat="35.620431" lon="139.223659"><ele>200.0</ele></trkpt>
      <trkpt lat="35.620424" lon="139.223556"><ele>200.0</ele></trkpt>
      <trkpt lat="35.620384" lon="139.223349"><ele>200.0</ele></trkpt>
      <trkpt lat="35.620373" lon="139.223271"><ele>200.0</ele></trkpt>
      <trkpt lat="35.620379" lon="139.223199"><ele>200.0</ele></trkpt>
      <trkpt lat="35.620393" lon="139.223131"><ele>200.0</ele></trkpt>
      <trkpt lat="35.620414" lon="139.223067"><ele>200.0</ele></trkpt>
      <trkpt lat="35.620452" lon="139.222988"><ele>200.0</ele></trkpt>
      <trkpt lat="35.620628" lon="139.222691"><ele>200.0</ele></trkpt>
      <trkpt lat="35.620722" lon="139.222567"><ele>200.0</ele></trkpt>
      <trkpt lat="35.62081" lon="139.22247"><ele>200.0</ele></trkpt>
      <trkpt lat="35.621077" lon="139.222276"><ele>200.0</ele></trkpt>
      <trkpt lat="35.621155" lon="139.222197"><ele>200.0</ele></trkpt>
      <trkpt lat="35.621199" lon="139.222124"><ele>200.0</ele></trkpt>
      <trkpt lat="35.621224" lon="139.222029"><ele>200.0</ele></trkpt>
      <trkpt lat="35.621228" lon="139.221951"><ele>200.0</ele></trkpt>
      <trkpt lat="35.621223" lon="139.221854"><ele>200.0</ele></trkpt>
      <trkpt lat="35.621185" lon="139.221741"><ele>200.0</ele></trkpt>
      <trkpt lat="35.62113" lon="139.221643"><ele>200.0</ele></trkpt>
      <trkpt lat="35.621059" lon="139.221574"><ele>200.0</ele></trkpt>
      <trkpt lat="35.620967" lon="139.221537"><ele>200.0</ele></trkpt>
      <trkpt lat="35.620833" lon="139.221564"><ele>200.0</ele></trkpt>
      <trkpt lat="35.620257" lon="139.221767"><ele>200.0</ele></trkpt>
      <trkpt lat="35.62016" lon="139.221803"><ele>200.0</ele></trkpt>
      <trkpt lat="35.62003" lon="139.221833"><ele>200.0</ele></trkpt>
      <trkpt lat="35.619921" lon="139.221833"><ele>200.0</ele></trkpt>
      <trkpt lat="35.619828" lon="139.221812"><ele>200.0</ele></trkpt>
      <trkpt lat="35.619715" lon="139.221747"><ele>200.0</ele></trkpt>
      <trkpt lat="35.619293" lon="139.221357"><ele>200.0</ele></trkpt>
      <trkpt lat="35.619181" lon="139.221284"><ele>200.0</ele></trkpt>
      <trkpt lat="35.61907" lon="139.221267"><ele>200.0</ele></trkpt>
      <trkpt lat="35.618985" lon="139.221288"><ele>200.0</ele></trkpt>
      <trkpt lat="35.618914" lon="139.221313"><ele>200.0</ele></trkpt>
      <trkpt lat="35.618845" lon="139.22135"><ele>200.0</ele></trkpt>
      <trkpt lat="35.618352" lon="139.221659"><ele>200.0</ele></trkpt>
      <trkpt lat="35.618274" lon="139.221697"><ele>200.0</ele></trkpt>
      <trkpt lat="35.618192" lon="139.221717"><ele>200.0</ele></trkpt>
      <trkpt lat="35.618116" lon="139.221714"><ele>200.0</ele></trkpt>
      <trkpt lat="35.618038" lon="139.221683"><ele>200.0</ele></trkpt>
      <trkpt lat="35.617965" lon="139.221619"><ele>200.0</ele></trkpt>
      <trkpt lat="35.617908" lon="139.221543"><ele>200.0</ele></trkpt>
      <trkpt lat="35.617862" lon="139.221418"><ele>200.0</ele></trkpt>
      <trkpt lat="35.61786" lon="139.22132"><ele>200.0</ele></trkpt>
      <trkpt lat="35.617883" lon="139.221227"><ele>200.0</ele></trkpt>
      <trkpt lat="35.617921" lon="139.221162"><ele>200.0</ele></trkpt>
      <trkpt lat="35.617978" lon="139.221104"><ele>200.0</ele></trkpt>
      <trkpt lat="35.61806" lon="139.221059"><ele>200.0</ele></trkpt>
      <trkpt lat="35.618435" lon="139.220909"><ele>200.0</ele></trkpt>
      <trkpt lat="35.618499" lon="139.220882"><ele>200.0</ele></trkpt>
      <trkpt lat="35.618555" lon="139.220834"><ele>200.0</ele></trkpt>
      <trkpt lat="35.61861" lon="139.22078"><ele>200.0</ele></trkpt>
      <trkpt lat="35.618666" lon="139.220697"><ele>200.0</ele></trkpt>
      <trkpt lat="35.618913" lon="139.220353"><ele>200.0</ele></trkpt>
      <trkpt lat="35.618967" lon="139.220273"><ele>200.0</ele></trkpt>
      <trkpt lat="35.619004" lon="139.220201"><ele>200.0</ele></trkpt>
      <trkpt lat="35.619026" lon="139.220105"><ele>200.0</ele></trkpt>
      <trkpt lat="35.619014" lon="139.22"><ele>200.0</ele></trkpt>
      <trkpt lat="35.618978" lon="139.219915"><ele>200.0</ele></trkpt>
      <trkpt lat="35.618938" lon="139.21985"><ele>200.0</ele></trkpt>
      <trkpt lat="35.618878" lon="139.219808"><ele>200.0</ele></trkpt>
      <trkpt lat="35.618807" lon="139.219779"><ele>200.0</ele></trkpt>
      <trkpt lat="35.618715" lon="139.219771"><ele>200.0</ele></trkpt>
      <trkpt lat="35.618127" lon="139.219834"><ele>200.0</ele></trkpt>
      <trkpt lat="35.618056" lon="139.219839"><ele>200.0</ele></trkpt>
      <trkpt lat="35.617982" lon="139.219825"><ele>200.0</ele></trkpt>
      <trkpt lat="35.617819" lon="139.219764"><ele>200.0</ele></trkpt>
      <trkpt lat="35.617738" lon="139.219739"><ele>200.0</ele></trkpt>
      <trkpt lat="35.61769" lon="139.219749"><ele>200.0</ele></trkpt>
      <trkpt lat="35.617642" lon="139.21975"><ele>200.0</ele></trkpt>
      <trkpt lat="35.617571" lon="139.21977"><ele>200.0</ele></trkpt>
      <trkpt lat="35.617491" lon="139.219792"><ele>200.0</ele></trkpt>
      <trkpt lat="35.61741" lon="139.219792"><ele>200.0</ele></trkpt>
      <trkpt lat="35.617336" lon="139.219745"><ele>200.0</ele></trkpt>
      <trkpt lat="35.617223" lon="139.219674"><ele>200.0</ele></trkpt>
      <trkpt lat="35.617154" lon="139.219632"><ele>200.0</ele></trkpt>
      <trkpt lat="35.617066" lon="139.219616"><ele>200.0</ele></trkpt>
      <trkpt lat="35.616964" lon="139.219615"><ele>200.0</ele></trkpt>
      <trkpt lat="35.616525" lon="139.219762"><ele>200.0</ele></trkpt>
      <trkpt lat="35.616385" lon="139.219839"><ele>200.0</ele></trkpt>
      <trkpt lat="35.61626" lon="139.21993"><ele>200.0</ele></trkpt>
      <trkpt lat="35.616097" lon="139.220092"><ele>200.0</ele></trkpt>
      <trkpt lat="35.616013" lon="139.220161"><ele>200.0</ele></trkpt>
      <trkpt lat="35.615865" lon="139.220248"><ele>200.0</ele></trkpt>
      <trkpt lat="35.615746" lon="139.2203"><ele>200.0</ele></trkpt>
      <trkpt lat="35.615463" lon="139.220368"><ele>200.0</ele></trkpt>
      <trkpt lat="35.615351" lon="139.220405"><ele>200.0</ele></trkpt>
      <trkpt lat="35.615244" lon="139.220416"><ele>200.0</ele></trkpt>
      <trkpt lat="35.615181" lon="139.220411"><ele>200.0</ele></trkpt>
      <trkpt lat="35.615125" lon="139.22039"><ele>200.0</ele></trkpt>
      <trkpt lat="35.61508" lon="139.220365"><ele>200.0</ele></trkpt>
      <trkpt lat="35.615038" lon="139.220331"><ele>200.0</ele></trkpt>
      <trkpt lat="35.615002" lon="139.220288"><ele>200.0</ele></trkpt>
      <trkpt lat="35.614965" lon="139.220222"><ele>200.0</ele></trkpt>
      <trkpt lat="35.614944" lon="139.22015"><ele>200.0</ele></trkpt>
      <trkpt lat="35.614941" lon="139.220056"><ele>200.0</ele></trkpt>
      <trkpt lat="35.614945" lon="139.219979"><ele>200.0</ele></trkpt>
      <trkpt lat="35.614967" lon="139.219809"><ele>200.0</ele></trkpt>
      <trkpt lat="35.614973" lon="139.219738"><ele>200.0</ele></trkpt>
      <trkpt lat="35.615045" lon="139.219242"><ele>200.0</ele></trkpt>
      <trkpt lat="35.615075" lon="139.219124"><ele>200.0</ele></trkpt>
      <trkpt lat="35.615108" lon="139.219032"><ele>200.0</ele></trkpt>
      <trkpt lat="35.615142" lon="139.218965"><ele>200.0</ele></trkpt>
      <trkpt lat="35.615215" lon="139.218891"><ele>200.0</ele></trkpt>
      <trkpt lat="35.615271" lon="139.218864"><ele>200.0</ele></trkpt>
      <trkpt lat="35.615346" lon="139.218836"><ele>200.0</ele></trkpt>
      <trkpt lat="35.615447" lon="139.218821"><ele>200.0</ele></trkpt>
      <trkpt lat="35.61597" lon="139.218735"><ele>200.0</ele></trkpt>
      <trkpt lat="35.616133" lon="139.218693"><ele>200.0</ele></trkpt>
      <trkpt lat="35.616275" lon="139.218622"><ele>200.0</ele></trkpt>
      <trkpt lat="35.616665" lon="139.218373"><ele>200.0</ele></trkpt>
      <trkpt lat="35.616869" lon="139.218265"><ele>200.0</ele></trkpt>
      <trkpt lat="35.617229" lon="139.218162"><ele>200.0</ele></trkpt>
      <trkpt lat="35.617316" lon="139.218106"><ele>200.0</ele></trkpt>
      <trkpt lat="35.617409" lon="139.218006"><ele>200.0</ele></trkpt>
      <trkpt lat="35.617451" lon="139.217945"><ele>200.0</ele></trkpt>
      <trkpt lat="35.617485" lon="139.217882"><ele>200.0</ele></trkpt>
      <trkpt lat="35.617503" lon="139.217799"><ele>200.0</ele></trkpt>
      <trkpt lat="35.617502" lon="139.217698"><ele>200.0</ele></trkpt>
      <trkpt lat="35.617494" lon="139.217626"><ele>200.0</ele></trkpt>
      <trkpt lat="35.617468" lon="139.217547"><ele>200.0</ele></trkpt>
      <trkpt lat="35.617436" lon="139.217477"><ele>200.0</ele></trkpt>
      <trkpt lat="35.617368" lon="139.217397"><ele>200.0</ele></trkpt>
      <trkpt lat="35.617294" lon="139.217331"><ele>200.0</ele></trkpt>
      <trkpt lat="35.617206" lon="139.217286"><ele>200.0</ele></trkpt>
      <trkpt lat="35.617107" lon="139.217257"><ele>200.0</ele></trkpt>
      <trkpt lat="35.617016" lon="139.217259"><ele>200.0</ele></trkpt>
      <trkpt lat="35.616781" lon="139.217308"><ele>200.0</ele></trkpt>
      <trkpt lat="35.616466" lon="139.217332"><ele>200.0</ele></trkpt>
      <trkpt lat="35.61615" lon="139.217343"><ele>200.0</ele></trkpt>
      <trkpt lat="35.616026" lon="139.217328"><ele>200.0</ele></trkpt>
      <trkpt lat="35.615926" lon="139.217306"><ele>200.0</ele></trkpt>
      <trkpt lat="35.615826" lon="139.217279"><ele>200.0</ele></trkpt>
      <trkpt lat="35.615491" lon="139.217153"><ele>200.0</ele></trkpt>
      <trkpt lat="35.615383" lon="139.2171"><ele>200.0</ele></trkpt>
      <trkpt lat="35.615267" lon="139.217031"><ele>200.0</ele></trkpt>
      <trkpt lat="35.615218" lon="139.216981"><ele>200.0</ele></trkpt>
      <trkpt lat="35.615169" lon="139.216915"><ele>200.0</ele></trkpt>
      <trkpt lat="35.615135" lon="139.216852"><ele>200.0</ele></trkpt>
      <trkpt lat="35.61511" lon="139.216768"><ele>200.0</ele></trkpt>
      <trkpt lat="35.615099" lon="139.216672"><ele>200.0</ele></trkpt>
      <trkpt lat="35.615096" lon="139.216579"><ele>200.0</ele></trkpt>
      <trkpt lat="35.615099" lon="139.216494"><ele>200.0</ele></trkpt>
      <trkpt lat="35.615118" lon="139.216411"><ele>200.0</ele></trkpt>
      <trkpt lat="35.615153" lon="139.216318"><ele>200.0</ele></trkpt>
      <trkpt lat="35.615201" lon="139.216245"><ele>200.0</ele></trkpt>
      <trkpt lat="35.615241" lon="139.216206"><ele>200.0</ele></trkpt>
      <trkpt lat="35.615287" lon="139.216174"><ele>200.0</ele></trkpt>
      <trkpt lat="35.615552" lon="139.216025"><ele>200.0</ele></trkpt>
      <trkpt lat="35.61564" lon="139.215971"><ele>200.0</ele></trkpt>
      <trkpt lat="35.615718" lon="139.215897"><ele>200.0</ele></trkpt>
      <trkpt lat="35.615773" lon="139.215831"><ele>200.0</ele></trkpt>
      <trkpt lat="35.615832" lon="139.215745"><ele>200.0</ele></trkpt>
      <trkpt lat="35.616002" lon="139.215427"><ele>200.0</ele></trkpt>
      <trkpt lat="35.616039" lon="139.215386"><ele>200.0</ele></trkpt>
      <trkpt lat="35.616076" lon="139.215349"><ele>200.0</ele></trkpt>
      <trkpt lat="35.616115" lon="139.215322"><ele>200.0</ele></trkpt>
      <trkpt lat="35.616194" lon="139.215284"><ele>200.0</ele></trkpt>
      <trkpt lat="35.616444" lon="139.215194"><ele>200.0</ele></trkpt>
      <trkpt lat="35.616498" lon="139.215177"><ele>200.0</ele></trkpt>
      <trkpt lat="35.616572" lon="139.215168"><ele>200.0</ele></trkpt>
      <trkpt lat="35.616641" lon="139.215171"><ele>200.0</ele></trkpt>
      <trkpt lat="35.616716" lon="139.215194"><ele>200.0</ele></trkpt>
      <trkpt lat="35.616856" lon="139.215233"><ele>200.0</ele></trkpt>
      <trkpt lat="35.61694" lon="139.215246"><ele>200.0</ele></trkpt>
      <trkpt lat="35.617003" lon="139.215231"><ele>200.0</ele></trkpt>
      <trkpt lat="35.61706" lon="139.215202"><ele>200.0</ele></trkpt>
      <trkpt lat="35.617101" lon="139.215163"><ele>200.0</ele></trkpt>
      <trkpt lat="35.617146" lon="139.215105"><ele>200.0</ele></trkpt>
      <trkpt lat="35.61719" lon="139.215029"><ele>200.0</ele></trkpt>
      <trkpt lat="35.617275" lon="139.214829"><ele>200.0</ele></trkpt>
      <trkpt lat="35.617311" lon="139.214779"><ele>200.0</ele></trkpt>
      <trkpt lat="35.617344" lon="139.214745"><ele>200.0</ele></trkpt>
      <trkpt lat="35.61738" lon="139.214732"><ele>200.0</ele></trkpt>
      <trkpt lat="35.617425" lon="139.214721"><ele>200.0</ele></trkpt>
      <trkpt lat="35.617492" lon="139.214715"><ele>200.0</ele></trkpt>
      <trkpt lat="35.617605" lon="139.214696"><ele>200.0</ele></trkpt>
      <trkpt lat="35.617657" lon="139.214683"><ele>200.0</ele></trkpt>
      <trkpt lat="35.617708" lon="139.21465"><ele>200.0</ele></trkpt>
      <trkpt lat="35.617744" lon="139.214609"><ele>200.0</ele></trkpt>
      <trkpt lat="35.617784" lon="139.214544"><ele>200.0</ele></trkpt>
      <trkpt lat="35.617816" lon="139.214463"><ele>200.0</ele></trkpt>
      <trkpt lat="35.617825" lon="139.214379"><ele>200.0</ele></trkpt>
      <trkpt lat="35.617818" lon="139.214294"><ele>200.0</ele></trkpt>
      <trkpt lat="35.617799" lon="139.214197"><ele>200.0</ele></trkpt>
      <trkpt lat="35.617749" lon="139.214077"><ele>200.0</ele></trkpt>
      <trkpt lat="35.617611" lon="139.213826"><ele>200.0</ele></trkpt>
      <trkpt lat="35.6176" lon="139.213811"><ele>200.0</ele></trkpt>
      <trkpt lat="35.617381" lon="139.213454"><ele>200.0</ele></trkpt>
      <trkpt lat="35.617305" lon="139.213322"><ele>200.0</ele></trkpt>
      <trkpt lat="35.617275" lon="139.213237"><ele>200.0</ele></trkpt>
      <trkpt lat="35.617192" lon="139.213294"><ele>200.0</ele></trkpt>
      <trkpt lat="35.617101" lon="139.213358"><ele>200.0</ele></trkpt>
      <trkpt lat="35.616996" lon="139.213401"><ele>200.0</ele></trkpt>
      <trkpt lat="35.616893" lon="139.213435"><ele>200.0</ele></trkpt>
      <trkpt lat="35.616751" lon="139.213478"><ele>200.0</ele></trkpt>
      <trkpt lat="35.616707" lon="139.213477"><ele>200.0</ele></trkpt>
      <trkpt lat="35.616682" lon="139.213468"><ele>200.0</ele></trkpt>
      <trkpt lat="35.616664" lon="139.21345"><ele>200.0</ele></trkpt>
      <trkpt lat="35.61665" lon="139.213406"><ele>200.0</ele></trkpt>
      <trkpt lat="35.616642" lon="139.213361"><ele>200.0</ele></trkpt>
      <trkpt lat="35.616645" lon="139.21332"><ele>200.0</ele></trkpt>
      <trkpt lat="35.616662" lon="139.213278"><ele>200.0</ele></trkpt>
      <trkpt lat="35.616696" lon="139.213236"><ele>200.0</ele></trkpt>
      <trkpt lat="35.616763" lon="139.21316"><ele>200.0</ele></trkpt>
      <trkpt lat="35.616831" lon="139.213082"><ele>200.0</ele></trkpt>
      <trkpt lat="35.616888" lon="139.213019"><ele>200.0</ele></trkpt>
      <trkpt lat="35.617007" lon="139.212861"><ele>200.0</ele></trkpt>
      <trkpt lat="35.617169" lon="139.212659"><ele>200.0</ele></trkpt>
      <trkpt lat="35.61721" lon="139.212597"><ele>200.0</ele></trkpt>
      <trkpt lat="35.617417" lon="139.212317"><ele>200.0</ele></trkpt>
      <trkpt lat="35.617508" lon="139.212199"><ele>200.0</ele></trkpt>
      <trkpt lat="35.617527" lon="139.212172"><ele>200.0</ele></trkpt>
      <trkpt lat="35.61755" lon="139.212008"><ele>200.0</ele></trkpt>
      <trkpt lat="35.617586" lon="139.211921"><ele>200.0</ele></trkpt>
      <trkpt lat="35.617601" lon="139.21187"><ele>200.0</ele></trkpt>
      <trkpt lat="35.617601" lon="139.211825"><ele>200.0</ele></trkpt>
      <trkpt lat="35.617482" lon="139.211644"><ele>200.0</ele></trkpt>
      <trkpt lat="35.61738" lon="139.211482"><ele>200.0</ele></trkpt>
      <trkpt lat="35.617318" lon="139.211366"><ele>200.0</ele></trkpt>
      <trkpt lat="35.617214" lon="139.211165"><ele>200.0</ele></trkpt>
      <trkpt lat="35.617173" lon="139.211102"><ele>200.0</ele></trkpt>
      <trkpt lat="35.6171" lon="139.211015"><ele>200.0</ele></trkpt>
      <trkpt lat="35.616917" lon="139.210807"><ele>200.0</ele></trkpt>
      <trkpt lat="35.616888" lon="139.210771"><ele>200.0</ele></trkpt>
      <trkpt lat="35.616854" lon="139.210734"><ele>200.0</ele></trkpt>
      <trkpt lat="35.616834" lon="139.210689"><ele>200.0</ele></trkpt>
      <trkpt lat="35.616822" lon="139.210635"><ele>200.0</ele></trkpt>
      <trkpt lat="35.616824" lon="139.210599"><ele>200.0</ele></trkpt>
      <trkpt lat="35.616731" lon="139.210534"><ele>200.0</ele></trkpt>
      <trkpt lat="35.616449" lon="139.210322"><ele>200.0</ele></trkpt>
      <trkpt lat="35.616094" lon="139.210567"><ele>200.0</ele></trkpt>
      <trkpt lat="35.61604" lon="139.210618"><ele>200.0</ele></trkpt>
      <trkpt lat="35.615997" lon="139.210681"><ele>200.0</ele></trkpt>
      <trkpt lat="35.615919" lon="139.210826"><ele>200.0</ele></trkpt>
      <trkpt lat="35.61584" lon="139.210986"><ele>200.0</ele></trkpt>
      <trkpt lat="35.615753" lon="139.21117"><ele>200.0</ele></trkpt>
      <trkpt lat="35.615665" lon="139.211366"><ele>200.0</ele></trkpt>
      <trkpt lat="35.615418" lon="139.212055"><ele>200.0</ele></trkpt>
      <trkpt lat="35.615246" lon="139.212516"><ele>200.0</ele></trkpt>
      <trkpt lat="35.615203" lon="139.212617"><ele>200.0</ele></trkpt>
      <trkpt lat="35.615159" lon="139.212714"><ele>200.0</ele></trkpt>
      <trkpt lat="35.6151" lon="139.212815"><ele>200.0</ele></trkpt>
      <trkpt lat="35.615046" lon="139.212901"><ele>200.0</ele></trkpt>
      <trkpt lat="35.614995" lon="139.212972"><ele>200.0</ele></trkpt>
      <trkpt lat="35.614933" lon="139.213047"><ele>200.0</ele></trkpt>
      <trkpt lat="35.614837" lon="139.213148"><ele>200.0</ele></trkpt>
      <trkpt lat="35.614737" lon="139.213236"><ele>200.0</ele></trkpt>
      <trkpt lat="35.614578" lon="139.21335"><ele>200.0</ele></trkpt>
      <trkpt lat="35.614475" lon="139.213422"><ele>200.0</ele></trkpt>
      <trkpt lat="35.614269" lon="139.213563"><ele>200.0</ele></trkpt>
      <trkpt lat="35.614165" lon="139.213644"><ele>200.0</ele></trkpt>
      <trkpt lat="35.614071" lon="139.213741"><ele>200.0</ele></trkpt>
      <trkpt lat="35.613932" lon="139.213899"><ele>200.0</ele></trkpt>
      <trkpt lat="35.61365" lon="139.21426"><ele>200.0</ele></trkpt>
      <trkpt lat="35.613526" lon="139.214449"><ele>200.0</ele></trkpt>
      <trkpt lat="35.613385" lon="139.214669"><ele>200.0</ele></trkpt>
      <trkpt lat="35.613103" lon="139.215209"><ele>200.0</ele></trkpt>
      <trkpt lat="35.612699" lon="139.215942"><ele>200.0</ele></trkpt>
      <trkpt lat="35.612534" lon="139.216241"><ele>200.0</ele></trkpt>
      <trkpt lat="35.6121" lon="139.216237"><ele>200.0</ele></trkpt>
      <trkpt lat="35.611916" lon="139.216225"><ele>200.0</ele></trkpt>
      <trkpt lat="35.611681" lon="139.216204"><ele>200.0</ele></trkpt>
      <trkpt lat="35.611567" lon="139.216192"><ele>200.0</ele></trkpt>
      <trkpt lat="35.611345" lon="139.216152"><ele>200.0</ele></trkpt>
      <trkpt lat="35.610589" lon="139.21603"><ele>200.0</ele></trkpt>
      <trkpt lat="35.610194" lon="139.215972"><ele>200.0</ele></trkpt>
      <trkpt lat="35.609828" lon="139.215907"><ele>200.0</ele></trkpt>
      <trkpt lat="35.609492" lon="139.215855"><ele>200.0</ele></trkpt>
      <trkpt lat="35.609428" lon="139.215846"><ele>200.0</ele></trkpt>
      <trkpt lat="35.609494" lon="139.215722"><ele>200.0</ele></trkpt>
      <trkpt lat="35.609594" lon="139.215543"><ele>200.0</ele></trkpt>
      <trkpt lat="35.609766" lon="139.215174"><ele>200.0</ele></trkpt>
      <trkpt lat="35.609953" lon="139.214766"><ele>200.0</ele></trkpt>
      <trkpt lat="35.610115" lon="139.214434"><ele>200.0</ele></trkpt>
      <trkpt lat="35.610212" lon="139.214244"><ele>200.0</ele></trkpt>
      <trkpt lat="35.610295" lon="139.214107"><ele>200.0</ele></trkpt>
      <trkpt lat="35.610492" lon="139.213836"><ele>200.0</ele></trkpt>
      <trkpt lat="35.610688" lon="139.213575"><ele>200.0</ele></trkpt>
      <trkpt lat="35.610853" lon="139.213358"><ele>200.0</ele></trkpt>
      <trkpt lat="35.610976" lon="139.213157"><ele>200.0</ele></trkpt>
      <trkpt lat="35.611135" lon="139.212832"><ele>200.0</ele></trkpt>
      <trkpt lat="35.611255" lon="139.212572"><ele>200.0</ele></trkpt>
      <trkpt lat="35.611255" lon="139.212572"><ele>200.0</ele></trkpt>
      <trkpt lat="35.611272" lon="139.212505"><ele>200.0</ele></trkpt>
      <trkpt lat="35.611284" lon="139.212411"><ele>200.0</ele></trkpt>
      <trkpt lat="35.611308" lon="139.212311"><ele>200.0</ele></trkpt>
      <trkpt lat="35.61134" lon="139.21225"><ele>200.0</ele></trkpt>
      <trkpt lat="35.61144" lon="139.21218"><ele>200.0</ele></trkpt>
      <trkpt lat="35.611487" lon="139.212119"><ele>200.0</ele></trkpt>
      <trkpt lat="35.61155" lon="139.211998"><ele>200.0</ele></trkpt>
      <trkpt lat="35.61163" lon="139.211821"><ele>200.0</ele></trkpt>
      <trkpt lat="35.611699" lon="139.211653"><ele>200.0</ele></trkpt>
      <trkpt lat="35.611747" lon="139.21152"><ele>200.0</ele></trkpt>
      <trkpt lat="35.611747" lon="139.211405"><ele>200.0</ele></trkpt>
      <trkpt lat="35.61173" lon="139.211302"><ele>200.0</ele></trkpt>
      <trkpt lat="35.611734" lon="139.211199"><ele>200.0</ele></trkpt>
      <trkpt lat="35.611797" lon="139.211112"><ele>200.0</ele></trkpt>
      <trkpt lat="35.611873" lon="139.211063"><ele>200.0</ele></trkpt>
      <trkpt lat="35.611963" lon="139.210998"><ele>200.0</ele></trkpt>
      <trkpt lat="35.612041" lon="139.210906"><ele>200.0</ele></trkpt>
      <trkpt lat="35.612109" lon="139.210773"><ele>200.0</ele></trkpt>
      <trkpt lat="35.61216" lon="139.210619"><ele>200.0</ele></trkpt>
      <trkpt lat="35.612203" lon="139.210465"><ele>200.0</ele></trkpt>
      <trkpt lat="35.612219" lon="139.210309"><ele>200.0</ele></trkpt>
      <trkpt lat="35.612208" lon="139.210246"><ele>200.0</ele></trkpt>
      <trkpt lat="35.612185" lon="139.210182"><ele>200.0</ele></trkpt>
      <trkpt lat="35.612103" lon="139.210097"><ele>200.0</ele></trkpt>
      <trkpt lat="35.611973" lon="139.209961"><ele>200.0</ele></trkpt>
      <trkpt lat="35.611882" lon="139.209861"><ele>200.0</ele></trkpt>
      <trkpt lat="35.611825" lon="139.209783"><ele>200.0</ele></trkpt>
      <trkpt lat="35.611731" lon="139.209565"><ele>200.0</ele></trkpt>
      <trkpt lat="35.611663" lon="139.209385"><ele>200.0</ele></trkpt>
      <trkpt lat="35.611616" lon="139.209301"><ele>200.0</ele></trkpt>
      <trkpt lat="35.611615" lon="139.209223"><ele>200.0</ele></trkpt>
      <trkpt lat="35.611637" lon="139.209144"><ele>200.0</ele></trkpt>
      <trkpt lat="35.611685" lon="139.209099"><ele>200.0</ele></trkpt>
      <trkpt lat="35.611769" lon="139.209092"><ele>200.0</ele></trkpt>
      <trkpt lat="35.611842" lon="139.209112"><ele>200.0</ele></trkpt>
      <trkpt lat="35.611935" lon="139.209174"><ele>200.0</ele></trkpt>
      <trkpt lat="35.612158" lon="139.209411"><ele>200.0</ele></trkpt>
      <trkpt lat="35.612242" lon="139.209491"><ele>200.0</ele></trkpt>
      <trkpt lat="35.612278" lon="139.209511"><ele>200.0</ele></trkpt>
      <trkpt lat="35.612327" lon="139.20952"><ele>200.0</ele></trkpt>
      <trkpt lat="35.61241" lon="139.209508"><ele>200.0</ele></trkpt>
      <trkpt lat="35.612466" lon="139.20945"><ele>200.0</ele></trkpt>
      <trkpt lat="35.612539" lon="139.209365"><ele>200.0</ele></trkpt>
      <trkpt lat="35.61262" lon="139.209249"><ele>200.0</ele></trkpt>
      <trkpt lat="35.612677" lon="139.20911"><ele>200.0</ele></trkpt>
      <trkpt lat="35.612721" lon="139.208988"><ele>200.0</ele></trkpt>
      <trkpt lat="35.612806" lon="139.208677"><ele>200.0</ele></trkpt>
      <trkpt lat="35.612863" lon="139.208502"><ele>200.0</ele></trkpt>
      <trkpt lat="35.61293" lon="139.208356"><ele>200.0</ele></trkpt>
      <trkpt lat="35.613014" lon="139.208225"><ele>200.0</ele></trkpt>
      <trkpt lat="35.613134" lon="139.208069"><ele>200.0</ele></trkpt>
      <trkpt lat="35.613223" lon="139.207945"><ele>200.0</ele></trkpt>
      <trkpt lat="35.613285" lon="139.207828"><ele>200.0</ele></trkpt>
      <trkpt lat="35.613331" lon="139.207609"><ele>200.0</ele></trkpt>
      <trkpt lat="35.61336" lon="139.207429"><ele>200.0</ele></trkpt>
      <trkpt lat="35.613387" lon="139.207287"><ele>200.0</ele></trkpt>
      <trkpt lat="35.613426" lon="139.207111"><ele>200.0</ele></trkpt>
      <trkpt lat="35.613483" lon="139.206932"><ele>200.0</ele></trkpt>
      <trkpt lat="35.613586" lon="139.206649"><ele>200.0</ele></trkpt>
      <trkpt lat="35.613668" lon="139.206344"><ele>200.0</ele></trkpt>
      <trkpt lat="35.613737" lon="139.206058"><ele>200.0</ele></trkpt>
      <trkpt lat="35.613745" lon="139.205984"><ele>200.0</ele></trkpt>
      <trkpt lat="35.613748" lon="139.205889"><ele>200.0</ele></trkpt>
      <trkpt lat="35.613732" lon="139.2058"><ele>200.0</ele></trkpt>
      <trkpt lat="35.613703" lon="139.205717"><ele>200.0</ele></trkpt>
      <trkpt lat="35.613668" lon="139.205669"><ele>200.0</ele></trkpt>
      <trkpt lat="35.613624" lon="139.205632"><ele>200.0</ele></trkpt>
      <trkpt lat="35.613575" lon="139.205557"><ele>200.0</ele></trkpt>
      <trkpt lat="35.613547" lon="139.205464"><ele>200.0</ele></trkpt>
      <trkpt lat="35.613535" lon="139.205328"><ele>200.0</ele></trkpt>
      <trkpt lat="35.613552" lon="139.205211"><ele>200.0</ele></trkpt>
      <trkpt lat="35.613596" lon="139.205139"><ele>200.0</ele></trkpt>
      <trkpt lat="35.613646" lon="139.205103"><ele>200.0</ele></trkpt>
      <trkpt lat="35.613708" lon="139.205084"><ele>200.0</ele></trkpt>
      <trkpt lat="35.613884" lon="139.205091"><ele>200.0</ele></trkpt>
      <trkpt lat="35.613983" lon="139.205093"><ele>200.0</ele></trkpt>
      <trkpt lat="35.614076" lon="139.205092"><ele>200.0</ele></trkpt>
      <trkpt lat="35.614161" lon="139.205062"><ele>200.0</ele></trkpt>
      <trkpt lat="35.614235" lon="139.205002"><ele>200.0</ele></trkpt>
      <trkpt lat="35.614314" lon="139.204862"><ele>200.0</ele></trkpt>
      <trkpt lat="35.614359" lon="139.204773"><ele>200.0</ele></trkpt>
      <trkpt lat="35.614413" lon="139.204656"><ele>200.0</ele></trkpt>
      <trkpt lat="35.614455" lon="139.204519"><ele>200.0</ele></trkpt>
      <trkpt lat="35.614644" lon="139.203916"><ele>200.0</ele></trkpt>
      <trkpt lat="35.614747" lon="139.203692"><ele>200.0</ele></trkpt>
      <trkpt lat="35.614883" lon="139.203443"><ele>200.0</ele></trkpt>
      <trkpt lat="35.614981" lon="139.203237"><ele>200.0</ele></trkpt>
      <trkpt lat="35.615072" lon="139.203133"><ele>200.0</ele></trkpt>
      <trkpt lat="35.615182" lon="139.203063"><ele>200.0</ele></trkpt>
      <trkpt lat="35.61544" lon="139.202941"><ele>200.0</ele></trkpt>
      <trkpt lat="35.615531" lon="139.202884"><ele>200.0</ele></trkpt>
      <trkpt lat="35.615631" lon="139.202805"><ele>200.0</ele></trkpt>
      <trkpt lat="35.615799" lon="139.202652"><ele>200.0</ele></trkpt>
      <trkpt lat="35.615875" lon="139.202601"><ele>200.0</ele></trkpt>
      <trkpt lat="35.615942" lon="139.202572"><ele>200.0</ele></trkpt>
      <trkpt lat="35.616023" lon="139.202571"><ele>200.0</ele></trkpt>
      <trkpt lat="35.616131" lon="139.202578"><ele>200.0</ele></trkpt>
      <trkpt lat="35.616249" lon="139.20258"><ele>200.0</ele></trkpt>
      <trkpt lat="35.616347" lon="139.202567"><ele>200.0</ele></trkpt>
      <trkpt lat="35.616435" lon="139.202546"><ele>200.0</ele></trkpt>
      <trkpt lat="35.616538" lon="139.202489"><ele>200.0</ele></trkpt>
      <trkpt lat="35.616725" lon="139.202379"><ele>200.0</ele></trkpt>
      <trkpt lat="35.616786" lon="139.20234"><ele>200.0</ele></trkpt>
      <trkpt lat="35.616909" lon="139.202261"><ele>200.0</ele></trkpt>
      <trkpt lat="35.616966" lon="139.20222"><ele>200.0</ele></trkpt>
      <trkpt lat="35.617024" lon="139.202159"><ele>200.0</ele></trkpt>
      <trkpt lat="35.617084" lon="139.202065"><ele>200.0</ele></trkpt>
      <trkpt lat="35.617135" lon="139.201978"><ele>200.0</ele></trkpt>
      <trkpt lat="35.617233" lon="139.201782"><ele>200.0</ele></trkpt>
      <trkpt lat="35.617326" lon="139.201544"><ele>200.0</ele></trkpt>
      <trkpt lat="35.617382" lon="139.201403"><ele>200.0</ele></trkpt>
      <trkpt lat="35.617402" lon="139.201331"><ele>200.0</ele></trkpt>
      <trkpt lat="35.617407" lon="139.201246"><ele>200.0</ele></trkpt>
      <trkpt lat="35.617401" lon="139.201166"><ele>200.0</ele></trkpt>
      <trkpt lat="35.617382" lon="139.201064"><ele>200.0</ele></trkpt>
      <trkpt lat="35.617326" lon="139.200813"><ele>200.0</ele></trkpt>
      <trkpt lat="35.617266" lon="139.200539"><ele>200.0</ele></trkpt>
      <trkpt lat="35.617205" lon="139.200252"><ele>200.0</ele></trkpt>
      <trkpt lat="35.617083" lon="139.199726"><ele>200.0</ele></trkpt>
      <trkpt lat="35.617029" lon="139.199556"><ele>200.0</ele></trkpt>
      <trkpt lat="35.616975" lon="139.199463"><ele>200.0</ele></trkpt>
      <trkpt lat="35.616887" lon="139.199354"><ele>200.0</ele></trkpt>
      <trkpt lat="35.616736" lon="139.199168"><ele>200.0</ele></trkpt>
      <trkpt lat="35.616638" lon="139.199061"><ele>200.0</ele></trkpt>
      <trkpt lat="35.616615" lon="139.198984"><ele>200.0</ele></trkpt>
      <trkpt lat="35.616597" lon="139.19887"><ele>200.0</ele></trkpt>
      <trkpt lat="35.616595" lon="139.198743"><ele>200.0</ele></trkpt>
      <trkpt lat="35.616625" lon="139.198616"><ele>200.0</ele></trkpt>
      <trkpt lat="35.616651" lon="139.198483"><ele>200.0</ele></trkpt>
      <trkpt lat="35.616665" lon="139.198374"><ele>200.0</ele></trkpt>
      <trkpt lat="35.616658" lon="139.198264"><ele>200.0</ele></trkpt>
      <trkpt lat="35.616627" lon="139.198158"><ele>200.0</ele></trkpt>
      <trkpt lat="35.616561" lon="139.198033"><ele>200.0</ele></trkpt>
      <trkpt lat="35.616479" lon="139.197918"><ele>200.0</ele></trkpt>
      <trkpt lat="35.616363" lon="139.19776"><ele>200.0</ele></trkpt>
      <trkpt lat="35.616271" lon="139.19765"><ele>200.0</ele></trkpt>
      <trkpt lat="35.61606" lon="139.197357"><ele>200.0</ele></trkpt>
      <trkpt lat="35.615934" lon="139.197161"><ele>200.0</ele></trkpt>
      <trkpt lat="35.615737" lon="139.196805"><ele>200.0</ele></trkpt>
      <trkpt lat="35.615654" lon="139.196689"><ele>200.0</ele></trkpt>
      <trkpt lat="35.615551" lon="139.196603"><ele>200.0</ele></trkpt>
      <trkpt lat="35.615434" lon="139.196547"><ele>200.0</ele></trkpt>
      <trkpt lat="35.615305" lon="139.196523"><ele>200.0</ele></trkpt>
      <trkpt lat="35.614886" lon="139.196382"><ele>200.0</ele></trkpt>
      <trkpt lat="35.614464" lon="139.19628"><ele>200.0</ele></trkpt>
      <trkpt lat="35.614232" lon="139.196237"><ele>200.0</ele></trkpt>
      <trkpt lat="35.614118" lon="139.196198"><ele>200.0</ele></trkpt>
      <trkpt lat="35.613845" lon="139.196043"><ele>200.0</ele></trkpt>
      <trkpt lat="35.613729" lon="139.195991"><ele>200.0</ele></trkpt>
      <trkpt lat="35.613603" lon="139.195956"><ele>200.0</ele></trkpt>
      <trkpt lat="35.613535" lon="139.195911"><ele>200.0</ele></trkpt>
      <trkpt lat="35.613572" lon="139.195862"><ele>200.0</ele></trkpt>
      <trkpt lat="35.613593" lon="139.195821"><ele>200.0</ele></trkpt>
      <trkpt lat="35.614191" lon="139.194577"><ele>200.0</ele></trkpt>
      <trkpt lat="35.61424" lon="139.194449"><ele>200.0</ele></trkpt>
      <trkpt lat="35.614257" lon="139.194395"><ele>200.0</ele></trkpt>
      <trkpt lat="35.614258" lon="139.194345"><ele>200.0</ele></trkpt>
      <trkpt lat="35.614247" lon="139.194296"><ele>200.0</ele></trkpt>
      <trkpt lat="35.61422" lon="139.194254"><ele>200.0</ele></trkpt>
      <trkpt lat="35.614158" lon="139.1942"><ele>200.0</ele></trkpt>
      <trkpt lat="35.614093" lon="139.194163"><ele>200.0</ele></trkpt>
      <trkpt lat="35.614004" lon="139.194147"><ele>200.0</ele></trkpt>
      <trkpt lat="35.613914" lon="139.194142"><ele>200.0</ele></trkpt>
      <trkpt lat="35.613433" lon="139.194138"><ele>200.0</ele></trkpt>
      <trkpt lat="35.6133" lon="139.194125"><ele>200.0</ele></trkpt>
      <trkpt lat="35.613218" lon="139.194101"><ele>200.0</ele></trkpt>
      <trkpt lat="35.613147" lon="139.194067"><ele>200.0</ele></trkpt>
      <trkpt lat="35.613076" lon="139.194018"><ele>200.0</ele></trkpt>
      <trkpt lat="35.612987" lon="139.193936"><ele>200.0</ele></trkpt>
      <trkpt lat="35.612904" lon="139.193838"><ele>200.0</ele></trkpt>
      <trkpt lat="35.612851" lon="139.193755"><ele>200.0</ele></trkpt>
      <trkpt lat="35.612797" lon="139.193659"><ele>200.0</ele></trkpt>
      <trkpt lat="35.612696" lon="139.193448"><ele>200.0</ele></trkpt>
      <trkpt lat="35.612657" lon="139.193345"><ele>200.0</ele></trkpt>
      <trkpt lat="35.612633" lon="139.193258"><ele>200.0</ele></trkpt>
      <trkpt lat="35.612622" lon="139.193178"><ele>200.0</ele></trkpt>
      <trkpt lat="35.612618" lon="139.193092"><ele>200.0</ele></trkpt>
      <trkpt lat="35.612624" lon="139.192997"><ele>200.0</ele></trkpt>
      <trkpt lat="35.612639" lon="139.1929"><ele>200.0</ele></trkpt>
      <trkpt lat="35.612671" lon="139.192795"><ele>200.0</ele></trkpt>
      <trkpt lat="35.612716" lon="139.192697"><ele>200.0</ele></trkpt>
      <trkpt lat="35.612761" lon="139.192624"><ele>200.0</ele></trkpt>
      <trkpt lat="35.612827" lon="139.192516"><ele>200.0</ele></trkpt>
      <trkpt lat="35.612891" lon="139.192422"><ele>200.0</ele></trkpt>
      <trkpt lat="35.612978" lon="139.19231"><ele>200.0</ele></trkpt>
      <trkpt lat="35.61304" lon="139.192233"><ele>200.0</ele></trkpt>
      <trkpt lat="35.613157" lon="139.192074"><ele>200.0</ele></trkpt>
      <trkpt lat="35.613213" lon="139.191961"><ele>200.0</ele></trkpt>
      <trkpt lat="35.61327" lon="139.191827"><ele>200.0</ele></trkpt>
      <trkpt lat="35.613305" lon="139.191695"><ele>200.0</ele></trkpt>
      <trkpt lat="35.613321" lon="139.191596"><ele>200.0</ele></trkpt>
      <trkpt lat="35.613329" lon="139.191549"><ele>200.0</ele></trkpt>
      <trkpt lat="35.613337" lon="139.191397"><ele>200.0</ele></trkpt>
      <trkpt lat="35.613337" lon="139.19129"><ele>200.0</ele></trkpt>
      <trkpt lat="35.613325" lon="139.191157"><ele>200.0</ele></trkpt>
      <trkpt lat="35.613243" lon="139.190128"><ele>200.0</ele></trkpt>
      <trkpt lat="35.61324" lon="139.190001"><ele>200.0</ele></trkpt>
      <trkpt lat="35.613243" lon="139.189922"><ele>200.0</ele></trkpt>
      <trkpt lat="35.613257" lon="139.18981"><ele>200.0</ele></trkpt>
      <trkpt lat="35.613268" lon="139.189767"><ele>200.0</ele></trkpt>
      <trkpt lat="35.613284" lon="139.189704"><ele>200.0</ele></trkpt>
      <trkpt lat="35.613315" lon="139.189598"><ele>200.0</ele></trkpt>
      <trkpt lat="35.613362" lon="139.189466"><ele>200.0</ele></trkpt>
      <trkpt lat="35.613405" lon="139.189371"><ele>200.0</ele></trkpt>
      <trkpt lat="35.613433" lon="139.189316"><ele>200.0</ele></trkpt>
      <trkpt lat="35.613479" lon="139.189248"><ele>200.0</ele></trkpt>
      <trkpt lat="35.613529" lon="139.1892"><ele>200.0</ele></trkpt>
      <trkpt lat="35.613642" lon="139.189116"><ele>200.0</ele></trkpt>
      <trkpt lat="35.613733" lon="139.189053"><ele>200.0</ele></trkpt>
      <trkpt lat="35.613842" lon="139.188989"><ele>200.0</ele></trkpt>
      <trkpt lat="35.614015" lon="139.188881"><ele>200.0</ele></trkpt>
      <trkpt lat="35.614113" lon="139.188814"><ele>200.0</ele></trkpt>
      <trkpt lat="35.614191" lon="139.18874"><ele>200.0</ele></trkpt>
      <trkpt lat="35.614287" lon="139.18863"><ele>200.0</ele></trkpt>
      <trkpt lat="35.614446" lon="139.188426"><ele>200.0</ele></trkpt>
      <trkpt lat="35.614561" lon="139.188256"><ele>200.0</ele></trkpt>
      <trkpt lat="35.614607" lon="139.188191"><ele>200.0</ele></trkpt>
      <trkpt lat="35.614642" lon="139.188148"><ele>200.0</ele></trkpt>
      <trkpt lat="35.614695" lon="139.188074"><ele>200.0</ele></trkpt>
      <trkpt lat="35.614676" lon="139.187942"><ele>200.0</ele></trkpt>
      <trkpt lat="35.61466" lon="139.187856"><ele>200.0</ele></trkpt>
      <trkpt lat="35.614613" lon="139.187791"><ele>200.0</ele></trkpt>
      <trkpt lat="35.614291" lon="139.187501"><ele>200.0</ele></trkpt>
      <trkpt lat="35.614208" lon="139.187562"><ele>200.0</ele></trkpt>
      <trkpt lat="35.614001" lon="139.187718"><ele>200.0</ele></trkpt>
      <trkpt lat="35.613855" lon="139.187821"><ele>200.0</ele></trkpt>
      <trkpt lat="35.613793" lon="139.18786"><ele>200.0</ele></trkpt>
      <trkpt lat="35.613748" lon="139.187856"><ele>200.0</ele></trkpt>
      <trkpt lat="35.613701" lon="139.18784"><ele>200.0</ele></trkpt>
      <trkpt lat="35.613659" lon="139.187811"><ele>200.0</ele></trkpt>
      <trkpt lat="35.613605" lon="139.187793"><ele>200.0</ele></trkpt>
      <trkpt lat="35.613552" lon="139.187834"><ele>200.0</ele></trkpt>
      <trkpt lat="35.61349" lon="139.187994"><ele>200.0</ele></trkpt>
      <trkpt lat="35.613552" lon="139.187834"><ele>200.0</ele></trkpt>
      <trkpt lat="35.613605" lon="139.187793"><ele>200.0</ele></trkpt>
      <trkpt lat="35.613659" lon="139.187811"><ele>200.0</ele></trkpt>
      <trkpt lat="35.613701" lon="139.18784"><ele>200.0</ele></trkpt>
      <trkpt lat="35.613748" lon="139.187856"><ele>200.0</ele></trkpt>
      <trkpt lat="35.613793" lon="139.18786"><ele>200.0</ele></trkpt>
      <trkpt lat="35.613855" lon="139.187821"><ele>200.0</ele></trkpt>
      <trkpt lat="35.614001" lon="139.187718"><ele>200.0</ele></trkpt>
      <trkpt lat="35.614208" lon="139.187562"><ele>200.0</ele></trkpt>
      <trkpt lat="35.614291" lon="139.187501"><ele>200.0</ele></trkpt>
      <trkpt lat="35.614613" lon="139.187791"><ele>200.0</ele></trkpt>
      <trkpt lat="35.61466" lon="139.187856"><ele>200.0</ele></trkpt>
      <trkpt lat="35.614676" lon="139.187942"><ele>200.0</ele></trkpt>
      <trkpt lat="35.614695" lon="139.188074"><ele>200.0</ele></trkpt>
      <trkpt lat="35.614642" lon="139.188148"><ele>200.0</ele></trkpt>
      <trkpt lat="35.614607" lon="139.188191"><ele>200.0</ele></trkpt>
      <trkpt lat="35.614561" lon="139.188256"><ele>200.0</ele></trkpt>
      <trkpt lat="35.614446" lon="139.188426"><ele>200.0</ele></trkpt>
      <trkpt lat="35.614287" lon="139.18863"><ele>200.0</ele></trkpt>
      <trkpt lat="35.614191" lon="139.18874"><ele>200.0</ele></trkpt>
      <trkpt lat="35.614113" lon="139.188814"><ele>200.0</ele></trkpt>
      <trkpt lat="35.614015" lon="139.188881"><ele>200.0</ele></trkpt>
      <trkpt lat="35.613842" lon="139.188989"><ele>200.0</ele></trkpt>
      <trkpt lat="35.613733" lon="139.189053"><ele>200.0</ele></trkpt>
      <trkpt lat="35.613642" lon="139.189116"><ele>200.0</ele></trkpt>
      <trkpt lat="35.613529" lon="139.1892"><ele>200.0</ele></trkpt>
      <trkpt lat="35.613479" lon="139.189248"><ele>200.0</ele></trkpt>
      <trkpt lat="35.613433" lon="139.189316"><ele>200.0</ele></trkpt>
      <trkpt lat="35.613405" lon="139.189371"><ele>200.0</ele></trkpt>
      <trkpt lat="35.613362" lon="139.189466"><ele>200.0</ele></trkpt>
      <trkpt lat="35.613315" lon="139.189598"><ele>200.0</ele></trkpt>
      <trkpt lat="35.613284" lon="139.189704"><ele>200.0</ele></trkpt>
      <trkpt lat="35.613268" lon="139.189767"><ele>200.0</ele></trkpt>
      <trkpt lat="35.613257" lon="139.18981"><ele>200.0</ele></trkpt>
      <trkpt lat="35.613243" lon="139.189922"><ele>200.0</ele></trkpt>
      <trkpt lat="35.61324" lon="139.190001"><ele>200.0</ele></trkpt>
      <trkpt lat="35.613243" lon="139.190128"><ele>200.0</ele></trkpt>
      <trkpt lat="35.613325" lon="139.191157"><ele>200.0</ele></trkpt>
      <trkpt lat="35.613337" lon="139.19129"><ele>200.0</ele></trkpt>
      <trkpt lat="35.613337" lon="139.191397"><ele>200.0</ele></trkpt>
      <trkpt lat="35.613329" lon="139.191549"><ele>200.0</ele></trkpt>
      <trkpt lat="35.613321" lon="139.191596"><ele>200.0</ele></trkpt>
      <trkpt lat="35.613305" lon="139.191695"><ele>200.0</ele></trkpt>
      <trkpt lat="35.61327" lon="139.191827"><ele>200.0</ele></trkpt>
      <trkpt lat="35.613213" lon="139.191961"><ele>200.0</ele></trkpt>
      <trkpt lat="35.613157" lon="139.192074"><ele>200.0</ele></trkpt>
      <trkpt lat="35.61304" lon="139.192233"><ele>200.0</ele></trkpt>
      <trkpt lat="35.612978" lon="139.19231"><ele>200.0</ele></trkpt>
      <trkpt lat="35.612891" lon="139.192422"><ele>200.0</ele></trkpt>
      <trkpt lat="35.612827" lon="139.192516"><ele>200.0</ele></trkpt>
      <trkpt lat="35.612761" lon="139.192624"><ele>200.0</ele></trkpt>
      <trkpt lat="35.612716" lon="139.192697"><ele>200.0</ele></trkpt>
      <trkpt lat="35.612671" lon="139.192795"><ele>200.0</ele></trkpt>
      <trkpt lat="35.612639" lon="139.1929"><ele>200.0</ele></trkpt>
      <trkpt lat="35.612624" lon="139.192997"><ele>200.0</ele></trkpt>
      <trkpt lat="35.612618" lon="139.193092"><ele>200.0</ele></trkpt>
      <trkpt lat="35.612622" lon="139.193178"><ele>200.0</ele></trkpt>
      <trkpt lat="35.612633" lon="139.193258"><ele>200.0</ele></trkpt>
      <trkpt lat="35.612657" lon="139.193345"><ele>200.0</ele></trkpt>
      <trkpt lat="35.612696" lon="139.193448"><ele>200.0</ele></trkpt>
      <trkpt lat="35.612797" lon="139.193659"><ele>200.0</ele></trkpt>
      <trkpt lat="35.612851" lon="139.193755"><ele>200.0</ele></trkpt>
      <trkpt lat="35.612904" lon="139.193838"><ele>200.0</ele></trkpt>
      <trkpt lat="35.612987" lon="139.193936"><ele>200.0</ele></trkpt>
      <trkpt lat="35.613076" lon="139.194018"><ele>200.0</ele></trkpt>
      <trkpt lat="35.613147" lon="139.194067"><ele>200.0</ele></trkpt>
      <trkpt lat="35.613218" lon="139.194101"><ele>200.0</ele></trkpt>
      <trkpt lat="35.6133" lon="139.194125"><ele>200.0</ele></trkpt>
      <trkpt lat="35.613433" lon="139.194138"><ele>200.0</ele></trkpt>
      <trkpt lat="35.613914" lon="139.194142"><ele>200.0</ele></trkpt>
      <trkpt lat="35.614004" lon="139.194147"><ele>200.0</ele></trkpt>
      <trkpt lat="35.614093" lon="139.194163"><ele>200.0</ele></trkpt>
      <trkpt lat="35.614158" lon="139.1942"><ele>200.0</ele></trkpt>
      <trkpt lat="35.61422" lon="139.194254"><ele>200.0</ele></trkpt>
      <trkpt lat="35.614247" lon="139.194296"><ele>200.0</ele></trkpt>
      <trkpt lat="35.614258" lon="139.194345"><ele>200.0</ele></trkpt>
      <trkpt lat="35.614257" lon="139.194395"><ele>200.0</ele></trkpt>
      <trkpt lat="35.61424" lon="139.194449"><ele>200.0</ele></trkpt>
      <trkpt lat="35.614191" lon="139.194577"><ele>200.0</ele></trkpt>
      <trkpt lat="35.613593" lon="139.195821"><ele>200.0</ele></trkpt>
      <trkpt lat="35.613572" lon="139.195862"><ele>200.0</ele></trkpt>
      <trkpt lat="35.613535" lon="139.195911"><ele>200.0</ele></trkpt>
      <trkpt lat="35.613506" lon="139.195919"><ele>200.0</ele></trkpt>
      <trkpt lat="35.613349" lon="139.195933"><ele>200.0</ele></trkpt>
      <trkpt lat="35.6127" lon="139.195953"><ele>200.0</ele></trkpt>
      <trkpt lat="35.612542" lon="139.195935"><ele>200.0</ele></trkpt>
      <trkpt lat="35.6124" lon="139.195915"><ele>200.0</ele></trkpt>
      <trkpt lat="35.612202" lon="139.195867"><ele>200.0</ele></trkpt>
      <trkpt lat="35.611842" lon="139.195732"><ele>200.0</ele></trkpt>
      <trkpt lat="35.611597" lon="139.19561"><ele>200.0</ele></trkpt>
      <trkpt lat="35.611351" lon="139.195477"><ele>200.0</ele></trkpt>
      <trkpt lat="35.611178" lon="139.195373"><ele>200.0</ele></trkpt>
      <trkpt lat="35.611042" lon="139.195222"><ele>200.0</ele></trkpt>
      <trkpt lat="35.610945" lon="139.195061"><ele>200.0</ele></trkpt>
      <trkpt lat="35.610908" lon="139.194932"><ele>200.0</ele></trkpt>
      <trkpt lat="35.610838" lon="139.194773"><ele>200.0</ele></trkpt>
      <trkpt lat="35.610778" lon="139.194674"><ele>200.0</ele></trkpt>
      <trkpt lat="35.610667" lon="139.194498"><ele>200.0</ele></trkpt>
      <trkpt lat="35.6106" lon="139.194365"><ele>200.0</ele></trkpt>
      <trkpt lat="35.610554" lon="139.19424"><ele>200.0</ele></trkpt>
      <trkpt lat="35.610532" lon="139.194115"><ele>200.0</ele></trkpt>
      <trkpt lat="35.610514" lon="139.194004"><ele>200.0</ele></trkpt>
      <trkpt lat="35.610496" lon="139.193874"><ele>200.0</ele></trkpt>
      <trkpt lat="35.61049" lon="139.193786"><ele>200.0</ele></trkpt>
      <trkpt lat="35.61048" lon="139.193705"><ele>200.0</ele></trkpt>
      <trkpt lat="35.610405" lon="139.193078"><ele>200.0</ele></trkpt>
      <trkpt lat="35.610387" lon="139.192913"><ele>200.0</ele></trkpt>
      <trkpt lat="35.610359" lon="139.192779"><ele>200.0</ele></trkpt>
      <trkpt lat="35.610325" lon="139.192679"><ele>200.0</ele></trkpt>
      <trkpt lat="35.610273" lon="139.19259"><ele>200.0</ele></trkpt>
      <trkpt lat="35.610203" lon="139.192508"><ele>200.0</ele></trkpt>
      <trkpt lat="35.610126" lon="139.192446"><ele>200.0</ele></trkpt>
      <trkpt lat="35.610038" lon="139.192387"><ele>200.0</ele></trkpt>
      <trkpt lat="35.609946" lon="139.192332"><ele>200.0</ele></trkpt>
      <trkpt lat="35.609697" lon="139.192227"><ele>200.0</ele></trkpt>
      <trkpt lat="35.609538" lon="139.192171"><ele>200.0</ele></trkpt>
      <trkpt lat="35.609415" lon="139.192134"><ele>200.0</ele></trkpt>
      <trkpt lat="35.609297" lon="139.192109"><ele>200.0</ele></trkpt>
      <trkpt lat="35.609204" lon="139.192101"><ele>200.0</ele></trkpt>
      <trkpt lat="35.609099" lon="139.192103"><ele>200.0</ele></trkpt>
      <trkpt lat="35.608994" lon="139.192123"><ele>200.0</ele></trkpt>
      <trkpt lat="35.608873" lon="139.192154"><ele>200.0</ele></trkpt>
      <trkpt lat="35.608685" lon="139.192215"><ele>200.0</ele></trkpt>
      <trkpt lat="35.608359" lon="139.192337"><ele>200.0</ele></trkpt>
      <trkpt lat="35.608125" lon="139.192447"><ele>200.0</ele></trkpt>
      <trkpt lat="35.607934" lon="139.192546"><ele>200.0</ele></trkpt>
      <trkpt lat="35.607767" lon="139.192633"><ele>200.0</ele></trkpt>
      <trkpt lat="35.607542" lon="139.192779"><ele>200.0</ele></trkpt>
      <trkpt lat="35.607343" lon="139.192915"><ele>200.0</ele></trkpt>
      <trkpt lat="35.607146" lon="139.193066"><ele>200.0</ele></trkpt>
      <trkpt lat="35.606943" lon="139.193241"><ele>200.0</ele></trkpt>
      <trkpt lat="35.606727" lon="139.19343"><ele>200.0</ele></trkpt>
      <trkpt lat="35.606517" lon="139.19361"><ele>200.0</ele></trkpt>
      <trkpt lat="35.606356" lon="139.19374"><ele>200.0</ele></trkpt>
      <trkpt lat="35.606214" lon="139.193836"><ele>200.0</ele></trkpt>
      <trkpt lat="35.60598" lon="139.193945"><ele>200.0</ele></trkpt>
      <trkpt lat="35.605761" lon="139.194048"><ele>200.0</ele></trkpt>
      <trkpt lat="35.605653" lon="139.19412"><ele>200.0</ele></trkpt>
      <trkpt lat="35.605565" lon="139.194245"><ele>200.0</ele></trkpt>
      <trkpt lat="35.605522" lon="139.194358"><ele>200.0</ele></trkpt>
      <trkpt lat="35.605516" lon="139.19447"><ele>200.0</ele></trkpt>
      <trkpt lat="35.605521" lon="139.194621"><ele>200.0</ele></trkpt>
      <trkpt lat="35.605535" lon="139.194768"><ele>200.0</ele></trkpt>
      <trkpt lat="35.605534" lon="139.194925"><ele>200.0</ele></trkpt>
      <trkpt lat="35.605515" lon="139.195034"><ele>200.0</ele></trkpt>
      <trkpt lat="35.605488" lon="139.195097"><ele>200.0</ele></trkpt>
      <trkpt lat="35.605423" lon="139.195218"><ele>200.0</ele></trkpt>
      <trkpt lat="35.605325" lon="139.195353"><ele>200.0</ele></trkpt>
      <trkpt lat="35.605106" lon="139.195604"><ele>200.0</ele></trkpt>
      <trkpt lat="35.604928" lon="139.195786"><ele>200.0</ele></trkpt>
      <trkpt lat="35.60485" lon="139.195836"><ele>200.0</ele></trkpt>
      <trkpt lat="35.604763" lon="139.195878"><ele>200.0</ele></trkpt>
      <trkpt lat="35.604646" lon="139.195883"><ele>200.0</ele></trkpt>
      <trkpt lat="35.604485" lon="139.195862"><ele>200.0</ele></trkpt>
      <trkpt lat="35.604369" lon="139.195844"><ele>200.0</ele></trkpt>
      <trkpt lat="35.604264" lon="139.195848"><ele>200.0</ele></trkpt>
      <trkpt lat="35.604186" lon="139.195864"><ele>200.0</ele></trkpt>
      <trkpt lat="35.604117" lon="139.195892"><ele>200.0</ele></trkpt>
      <trkpt lat="35.60406" lon="139.195927"><ele>200.0</ele></trkpt>
      <trkpt lat="35.603945" lon="139.196019"><ele>200.0</ele></trkpt>
      <trkpt lat="35.603581" lon="139.196347"><ele>200.0</ele></trkpt>
      <trkpt lat="35.60324" lon="139.196675"><ele>200.0</ele></trkpt>
      <trkpt lat="35.602986" lon="139.196898"><ele>200.0</ele></trkpt>
      <trkpt lat="35.602867" lon="139.196995"><ele>200.0</ele></trkpt>
      <trkpt lat="35.60279" lon="139.197039"><ele>200.0</ele></trkpt>
      <trkpt lat="35.6027" lon="139.197072"><ele>200.0</ele></trkpt>
      <trkpt lat="35.602609" lon="139.19708"><ele>200.0</ele></trkpt>
      <trkpt lat="35.602485" lon="139.197059"><ele>200.0</ele></trkpt>
      <trkpt lat="35.60237" lon="139.197028"><ele>200.0</ele></trkpt>
      <trkpt lat="35.602307" lon="139.197011"><ele>200.0</ele></trkpt>
      <trkpt lat="35.602253" lon="139.19701"><ele>200.0</ele></trkpt>
      <trkpt lat="35.602161" lon="139.197029"><ele>200.0</ele></trkpt>
      <trkpt lat="35.602103" lon="139.197055"><ele>200.0</ele></trkpt>
      <trkpt lat="35.602048" lon="139.197096"><ele>200.0</ele></trkpt>
      <trkpt lat="35.602" lon="139.197145"><ele>200.0</ele></trkpt>
      <trkpt lat="35.601959" lon="139.197202"><ele>200.0</ele></trkpt>
      <trkpt lat="35.601649" lon="139.197749"><ele>200.0</ele></trkpt>
      <trkpt lat="35.601566" lon="139.197916"><ele>200.0</ele></trkpt>
      <trkpt lat="35.601503" lon="139.198065"><ele>200.0</ele></trkpt>
      <trkpt lat="35.601439" lon="139.19824"><ele>200.0</ele></trkpt>
      <trkpt lat="35.601367" lon="139.198562"><ele>200.0</ele></trkpt>
      <trkpt lat="35.601255" lon="139.199236"><ele>200.0</ele></trkpt>
      <trkpt lat="35.601226" lon="139.199401"><ele>200.0</ele></trkpt>
      <trkpt lat="35.601181" lon="139.199553"><ele>200.0</ele></trkpt>
      <trkpt lat="35.601133" lon="139.199654"><ele>200.0</ele></trkpt>
      <trkpt lat="35.601076" lon="139.199747"><ele>200.0</ele></trkpt>
      <trkpt lat="35.601012" lon="139.199829"><ele>200.0</ele></trkpt>
      <trkpt lat="35.60091" lon="139.19993"><ele>200.0</ele></trkpt>
      <trkpt lat="35.600687" lon="139.199845"><ele>200.0</ele></trkpt>
      <trkpt lat="35.600655" lon="139.199825"><ele>200.0</ele></trkpt>
      <trkpt lat="35.600625" lon="139.19979"><ele>200.0</ele></trkpt>
      <trkpt lat="35.600618" lon="139.199761"><ele>200.0</ele></trkpt>
      <trkpt lat="35.600619" lon="139.19972"><ele>200.0</ele></trkpt>
      <trkpt lat="35.600639" lon="139.199576"><ele>200.0</ele></trkpt>
      <trkpt lat="35.600703" lon="139.199222"><ele>200.0</ele></trkpt>
      <trkpt lat="35.600737" lon="139.198967"><ele>200.0</ele></trkpt>
      <trkpt lat="35.60076" lon="139.198865"><ele>200.0</ele></trkpt>
      <trkpt lat="35.600813" lon="139.198715"><ele>200.0</ele></trkpt>
      <trkpt lat="35.600856" lon="139.198629"><ele>200.0</ele></trkpt>
      <trkpt lat="35.600909" lon="139.198561"><ele>200.0</ele></trkpt>
      <trkpt lat="35.600975" lon="139.198469"><ele>200.0</ele></trkpt>
      <trkpt lat="35.601017" lon="139.198381"><ele>200.0</ele></trkpt>
      <trkpt lat="35.601211" lon="139.197941"><ele>200.0</ele></trkpt>
      <trkpt lat="35.601397" lon="139.197476"><ele>200.0</ele></trkpt>
      <trkpt lat="35.601418" lon="139.1974"><ele>200.0</ele></trkpt>
      <trkpt lat="35.601439" lon="139.197307"><ele>200.0</ele></trkpt>
      <trkpt lat="35.601441" lon="139.197203"><ele>200.0</ele></trkpt>
      <trkpt lat="35.601423" lon="139.197101"><ele>200.0</ele></trkpt>
      <trkpt lat="35.601379" lon="139.197008"><ele>200.0</ele></trkpt>
      <trkpt lat="35.601306" lon="139.196945"><ele>200.0</ele></trkpt>
      <trkpt lat="35.601203" lon="139.196892"><ele>200.0</ele></trkpt>
      <trkpt lat="35.601059" lon="139.196834"><ele>200.0</ele></trkpt>
      <trkpt lat="35.600987" lon="139.196805"><ele>200.0</ele></trkpt>
      <trkpt lat="35.600912" lon="139.196767"><ele>200.0</ele></trkpt>
      <trkpt lat="35.600836" lon="139.196701"><ele>200.0</ele></trkpt>
      <trkpt lat="35.600773" lon="139.196634"><ele>200.0</ele></trkpt>
      <trkpt lat="35.60071" lon="139.196552"><ele>200.0</ele></trkpt>
      <trkpt lat="35.600648" lon="139.19644"><ele>200.0</ele></trkpt>
      <trkpt lat="35.600562" lon="139.196257"><ele>200.0</ele></trkpt>
      <trkpt lat="35.600475" lon="139.196036"><ele>200.0</ele></trkpt>
      <trkpt lat="35.600387" lon="139.195821"><ele>200.0</ele></trkpt>
      <trkpt lat="35.600311" lon="139.195671"><ele>200.0</ele></trkpt>
      <trkpt lat="35.600249" lon="139.195589"><ele>200.0</ele></trkpt>
      <trkpt lat="35.600187" lon="139.195506"><ele>200.0</ele></trkpt>
      <trkpt lat="35.600121" lon="139.195438"><ele>200.0</ele></trkpt>
      <trkpt lat="35.600042" lon="139.195369"><ele>200.0</ele></trkpt>
      <trkpt lat="35.59951" lon="139.194939"><ele>200.0</ele></trkpt>
      <trkpt lat="35.599407" lon="139.194854"><ele>200.0</ele></trkpt>
      <trkpt lat="35.599373" lon="139.194798"><ele>200.0</ele></trkpt>
      <trkpt lat="35.59934" lon="139.194741"><ele>200.0</ele></trkpt>
      <trkpt lat="35.599327" lon="139.194649"><ele>200.0</ele></trkpt>
      <trkpt lat="35.599319" lon="139.19451"><ele>200.0</ele></trkpt>
      <trkpt lat="35.599333" lon="139.194296"><ele>200.0</ele></trkpt>
      <trkpt lat="35.599326" lon="139.194127"><ele>200.0</ele></trkpt>
      <trkpt lat="35.599289" lon="139.193913"><ele>200.0</ele></trkpt>
      <trkpt lat="35.599262" lon="139.193769"><ele>200.0</ele></trkpt>
      <trkpt lat="35.599221" lon="139.193622"><ele>200.0</ele></trkpt>
      <trkpt lat="35.599168" lon="139.193501"><ele>200.0</ele></trkpt>
      <trkpt lat="35.599085" lon="139.193367"><ele>200.0</ele></trkpt>
      <trkpt lat="35.598917" lon="139.193147"><ele>200.0</ele></trkpt>
      <trkpt lat="35.598785" lon="139.192981"><ele>200.0</ele></trkpt>
      <trkpt lat="35.598746" lon="139.192899"><ele>200.0</ele></trkpt>
      <trkpt lat="35.598729" lon="139.192827"><ele>200.0</ele></trkpt>
      <trkpt lat="35.598745" lon="139.192769"><ele>200.0</ele></trkpt>
      <trkpt lat="35.598785" lon="139.192712"><ele>200.0</ele></trkpt>
      <trkpt lat="35.598841" lon="139.192665"><ele>200.0</ele></trkpt>
      <trkpt lat="35.598954" lon="139.192588"><ele>200.0</ele></trkpt>
      <trkpt lat="35.599008" lon="139.192535"><ele>200.0</ele></trkpt>
      <trkpt lat="35.599039" lon="139.192471"><ele>200.0</ele></trkpt>
      <trkpt lat="35.599059" lon="139.192399"><ele>200.0</ele></trkpt>
      <trkpt lat="35.599057" lon="139.192325"><ele>200.0</ele></trkpt>
      <trkpt lat="35.599023" lon="139.192232"><ele>200.0</ele></trkpt>
      <trkpt lat="35.598919" lon="139.192017"><ele>200.0</ele></trkpt>
      <trkpt lat="35.598817" lon="139.191807"><ele>200.0</ele></trkpt>
      <trkpt lat="35.598796" lon="139.191712"><ele>200.0</ele></trkpt>
      <trkpt lat="35.598801" lon="139.191615"><ele>200.0</ele></trkpt>
      <trkpt lat="35.598836" lon="139.191527"><ele>200.0</ele></trkpt>
      <trkpt lat="35.59887" lon="139.191465"><ele>200.0</ele></trkpt>
      <trkpt lat="35.598904" lon="139.19141"><ele>200.0</ele></trkpt>
      <trkpt lat="35.598941" lon="139.191322"><ele>200.0</ele></trkpt>
      <trkpt lat="35.59896" lon="139.191212"><ele>200.0</ele></trkpt>
      <trkpt lat="35.598965" lon="139.191121"><ele>200.0</ele></trkpt>
      <trkpt lat="35.598958" lon="139.190999"><ele>200.0</ele></trkpt>
      <trkpt lat="35.598924" lon="139.190785"><ele>200.0</ele></trkpt>
      <trkpt lat="35.598917" lon="139.190685"><ele>200.0</ele></trkpt>
      <trkpt lat="35.598923" lon="139.190505"><ele>200.0</ele></trkpt>
      <trkpt lat="35.598917" lon="139.190392"><ele>200.0</ele></trkpt>
      <trkpt lat="35.598891" lon="139.190281"><ele>200.0</ele></trkpt>
      <trkpt lat="35.598846" lon="139.190238"><ele>200.0</ele></trkpt>
      <trkpt lat="35.598738" lon="139.190143"><ele>200.0</ele></trkpt>
      <trkpt lat="35.598702" lon="139.190098"><ele>200.0</ele></trkpt>
      <trkpt lat="35.59869" lon="139.190014"><ele>200.0</ele></trkpt>
      <trkpt lat="35.598702" lon="139.189926"><ele>200.0</ele></trkpt>
      <trkpt lat="35.598746" lon="139.189868"><ele>200.0</ele></trkpt>
      <trkpt lat="35.598789" lon="139.189838"><ele>200.0</ele></trkpt>
      <trkpt lat="35.598848" lon="139.189816"><ele>200.0</ele></trkpt>
      <trkpt lat="35.598953" lon="139.189831"><ele>200.0</ele></trkpt>
      <trkpt lat="35.599058" lon="139.189863"><ele>200.0</ele></trkpt>
      <trkpt lat="35.599147" lon="139.189931"><ele>200.0</ele></trkpt>
      <trkpt lat="35.599267" lon="139.190081"><ele>200.0</ele></trkpt>
      <trkpt lat="35.599316" lon="139.190127"><ele>200.0</ele></trkpt>
      <trkpt lat="35.599366" lon="139.19017"><ele>200.0</ele></trkpt>
      <trkpt lat="35.599412" lon="139.190165"><ele>200.0</ele></trkpt>
      <trkpt lat="35.59945" lon="139.190125"><ele>200.0</ele></trkpt>
      <trkpt lat="35.59949" lon="139.190037"><ele>200.0</ele></trkpt>
      <trkpt lat="35.599528" lon="139.189863"><ele>200.0</ele></trkpt>
      <trkpt lat="35.599587" lon="139.189657"><ele>200.0</ele></trkpt>
      <trkpt lat="35.599658" lon="139.18945"><ele>200.0</ele></trkpt>
      <trkpt lat="35.599714" lon="139.189361"><ele>200.0</ele></trkpt>
      <trkpt lat="35.599769" lon="139.189282"><ele>200.0</ele></trkpt>
      <trkpt lat="35.599874" lon="139.189177"><ele>200.0</ele></trkpt>
      <trkpt lat="35.599944" lon="139.189083"><ele>200.0</ele></trkpt>
      <trkpt lat="35.600066" lon="139.188788"><ele>200.0</ele></trkpt>
      <trkpt lat="35.600175" lon="139.188589"><ele>200.0</ele></trkpt>
      <trkpt lat="35.600225" lon="139.188483"><ele>200.0</ele></trkpt>
      <trkpt lat="35.600249" lon="139.188409"><ele>200.0</ele></trkpt>
      <trkpt lat="35.600263" lon="139.188271"><ele>200.0</ele></trkpt>
      <trkpt lat="35.600251" lon="139.188101"><ele>200.0</ele></trkpt>
      <trkpt lat="35.600191" lon="139.187881"><ele>200.0</ele></trkpt>
      <trkpt lat="35.600176" lon="139.187782"><ele>200.0</ele></trkpt>
      <trkpt lat="35.600162" lon="139.187672"><ele>200.0</ele></trkpt>
      <trkpt lat="35.600174" lon="139.187332"><ele>200.0</ele></trkpt>
      <trkpt lat="35.600186" lon="139.187046"><ele>200.0</ele></trkpt>
      <trkpt lat="35.600215" lon="139.186935"><ele>200.0</ele></trkpt>
      <trkpt lat="35.600273" lon="139.186851"><ele>200.0</ele></trkpt>
      <trkpt lat="35.600384" lon="139.18679"><ele>200.0</ele></trkpt>
      <trkpt lat="35.600506" lon="139.186755"><ele>200.0</ele></trkpt>
      <trkpt lat="35.600721" lon="139.186742"><ele>200.0</ele></trkpt>
      <trkpt lat="35.600779" lon="139.186715"><ele>200.0</ele></trkpt>
      <trkpt lat="35.600846" lon="139.186656"><ele>200.0</ele></trkpt>
      <trkpt lat="35.600912" lon="139.186568"><ele>200.0</ele></trkpt>
      <trkpt lat="35.600954" lon="139.186465"><ele>200.0</ele></trkpt>
      <trkpt lat="35.600967" lon="139.186382"><ele>200.0</ele></trkpt>
      <trkpt lat="35.600964" lon="139.186297"><ele>200.0</ele></trkpt>
      <trkpt lat="35.600927" lon="139.186219"><ele>200.0</ele></trkpt>
      <trkpt lat="35.600874" lon="139.186161"><ele>200.0</ele></trkpt>
      <trkpt lat="35.60079" lon="139.18613"><ele>200.0</ele></trkpt>
      <trkpt lat="35.600646" lon="139.186132"><ele>200.0</ele></trkpt>
      <trkpt lat="35.600562" lon="139.186122"><ele>200.0</ele></trkpt>
      <trkpt lat="35.600503" lon="139.186088"><ele>200.0</ele></trkpt>
      <trkpt lat="35.600467" lon="139.186033"><ele>200.0</ele></trkpt>
      <trkpt lat="35.600438" lon="139.185951"><ele>200.0</ele></trkpt>
      <trkpt lat="35.600439" lon="139.185846"><ele>200.0</ele></trkpt>
      <trkpt lat="35.600459" lon="139.185732"><ele>200.0</ele></trkpt>
      <trkpt lat="35.600478" lon="139.185671"><ele>200.0</ele></trkpt>
      <trkpt lat="35.60051" lon="139.185621"><ele>200.0</ele></trkpt>
      <trkpt lat="35.600577" lon="139.185562"><ele>200.0</ele></trkpt>
      <trkpt lat="35.600653" lon="139.185524"><ele>200.0</ele></trkpt>
      <trkpt lat="35.600773" lon="139.185493"><ele>200.0</ele></trkpt>
      <trkpt lat="35.600857" lon="139.185453"><ele>200.0</ele></trkpt>
      <trkpt lat="35.600942" lon="139.185386"><ele>200.0</ele></trkpt>
      <trkpt lat="35.600993" lon="139.185315"><ele>200.0</ele></trkpt>
      <trkpt lat="35.601024" lon="139.185221"><ele>200.0</ele></trkpt>
      <trkpt lat="35.601041" lon="139.185084"><ele>200.0</ele></trkpt>
      <trkpt lat="35.601032" lon="139.184936"><ele>200.0</ele></trkpt>
      <trkpt lat="35.600883" lon="139.184319"><ele>200.0</ele></trkpt>
      <trkpt lat="35.600822" lon="139.184009"><ele>200.0</ele></trkpt>
      <trkpt lat="35.600779" lon="139.183915"><ele>200.0</ele></trkpt>
      <trkpt lat="35.600721" lon="139.183848"><ele>200.0</ele></trkpt>
      <trkpt lat="35.600648" lon="139.183796"><ele>200.0</ele></trkpt>
      <trkpt lat="35.600502" lon="139.183733"><ele>200.0</ele></trkpt>
      <trkpt lat="35.600433" lon="139.183688"><ele>200.0</ele></trkpt>
      <trkpt lat="35.600377" lon="139.183616"><ele>200.0</ele></trkpt>
      <trkpt lat="35.60037" lon="139.183536"><ele>200.0</ele></trkpt>
      <trkpt lat="35.600382" lon="139.183463"><ele>200.0</ele></trkpt>
      <trkpt lat="35.600441" lon="139.183392"><ele>200.0</ele></trkpt>
      <trkpt lat="35.600614" lon="139.183268"><ele>200.0</ele></trkpt>
      <trkpt lat="35.600712" lon="139.183193"><ele>200.0</ele></trkpt>
      <trkpt lat="35.600862" lon="139.183082"><ele>200.0</ele></trkpt>
      <trkpt lat="35.600936" lon="139.18305"><ele>200.0</ele></trkpt>
      <trkpt lat="35.601024" lon="139.183037"><ele>200.0</ele></trkpt>
      <trkpt lat="35.601122" lon="139.18306"><ele>200.0</ele></trkpt>
      <trkpt lat="35.601201" lon="139.183061"><ele>200.0</ele></trkpt>
      <trkpt lat="35.601265" lon="139.183034"><ele>200.0</ele></trkpt>
      <trkpt lat="35.60131" lon="139.18299"><ele>200.0</ele></trkpt>
      <trkpt lat="35.601339" lon="139.182909"><ele>200.0</ele></trkpt>
      <trkpt lat="35.601361" lon="139.182768"><ele>200.0</ele></trkpt>
      <trkpt lat="35.601408" lon="139.182594"><ele>200.0</ele></trkpt>
      <trkpt lat="35.601473" lon="139.182401"><ele>200.0</ele></trkpt>
      <trkpt lat="35.601502" lon="139.182252"><ele>200.0</ele></trkpt>
      <trkpt lat="35.601498" lon="139.182086"><ele>200.0</ele></trkpt>
      <trkpt lat="35.601481" lon="139.181833"><ele>200.0</ele></trkpt>
      <trkpt lat="35.601451" lon="139.181704"><ele>200.0</ele></trkpt>
      <trkpt lat="35.601402" lon="139.181591"><ele>200.0</ele></trkpt>
      <trkpt lat="35.601347" lon="139.181489"><ele>200.0</ele></trkpt>
      <trkpt lat="35.601295" lon="139.181432"><ele>200.0</ele></trkpt>
      <trkpt lat="35.601227" lon="139.181396"><ele>200.0</ele></trkpt>
      <trkpt lat="35.601139" lon="139.181367"><ele>200.0</ele></trkpt>
      <trkpt lat="35.601046" lon="139.181333"><ele>200.0</ele></trkpt>
      <trkpt lat="35.600996" lon="139.181289"><ele>200.0</ele></trkpt>
      <trkpt lat="35.600954" lon="139.181224"><ele>200.0</ele></trkpt>
      <trkpt lat="35.600848" lon="139.180917"><ele>200.0</ele></trkpt>
      <trkpt lat="35.600742" lon="139.180578"><ele>200.0</ele></trkpt>
      <trkpt lat="35.60071" lon="139.180429"><ele>200.0</ele></trkpt>
      <trkpt lat="35.600703" lon="139.180323"><ele>200.0</ele></trkpt>
      <trkpt lat="35.600725" lon="139.180194"><ele>200.0</ele></trkpt>
      <trkpt lat="35.600786" lon="139.180019"><ele>200.0</ele></trkpt>
      <trkpt lat="35.600917" lon="139.179706"><ele>200.0</ele></trkpt>
      <trkpt lat="35.601002" lon="139.17952"><ele>200.0</ele></trkpt>
      <trkpt lat="35.601057" lon="139.179376"><ele>200.0</ele></trkpt>
      <trkpt lat="35.601092" lon="139.179179"><ele>200.0</ele></trkpt>
      <trkpt lat="35.601088" lon="139.178907"><ele>200.0</ele></trkpt>
      <trkpt lat="35.601068" lon="139.178091"><ele>200.0</ele></trkpt>
      <trkpt lat="35.601072" lon="139.177874"><ele>200.0</ele></trkpt>
      <trkpt lat="35.601111" lon="139.177692"><ele>200.0</ele></trkpt>
      <trkpt lat="35.601179" lon="139.177571"><ele>200.0</ele></trkpt>
      <trkpt lat="35.601279" lon="139.177451"><ele>200.0</ele></trkpt>
      <trkpt lat="35.601374" lon="139.177331"><ele>200.0</ele></trkpt>
      <trkpt lat="35.601424" lon="139.177198"><ele>200.0</ele></trkpt>
      <trkpt lat="35.601446" lon="139.177061"><ele>200.0</ele></trkpt>
      <trkpt lat="35.601444" lon="139.176912"><ele>200.0</ele></trkpt>
      <trkpt lat="35.601402" lon="139.176728"><ele>200.0</ele></trkpt>
      <trkpt lat="35.601333" lon="139.176586"><ele>200.0</ele></trkpt>
      <trkpt lat="35.6011" lon="139.176143"><ele>200.0</ele></trkpt>
      <trkpt lat="35.600945" lon="139.175855"><ele>200.0</ele></trkpt>
      <trkpt lat="35.600808" lon="139.175598"><ele>200.0</ele></trkpt>
      <trkpt lat="35.600738" lon="139.175422"><ele>200.0</ele></trkpt>
      <trkpt lat="35.600689" lon="139.175206"><ele>200.0</ele></trkpt>
      <trkpt lat="35.600672" lon="139.175027"><ele>200.0</ele></trkpt>
      <trkpt lat="35.600659" lon="139.174712"><ele>200.0</ele></trkpt>
      <trkpt lat="35.600647" lon="139.174542"><ele>200.0</ele></trkpt>
      <trkpt lat="35.600619" lon="139.17439"><ele>200.0</ele></trkpt>
      <trkpt lat="35.600578" lon="139.174252"><ele>200.0</ele></trkpt>
      <trkpt lat="35.600497" lon="139.174073"><ele>200.0</ele></trkpt>
      <trkpt lat="35.60039" lon="139.173921"><ele>200.0</ele></trkpt>
      <trkpt lat="35.600235" lon="139.173768"><ele>200.0</ele></trkpt>
      <trkpt lat="35.59992" lon="139.173524"><ele>200.0</ele></trkpt>
      <trkpt lat="35.59962" lon="139.17329"><ele>200.0</ele></trkpt>
      <trkpt lat="35.599483" lon="139.173204"><ele>200.0</ele></trkpt>
      <trkpt lat="35.599343" lon="139.173141"><ele>200.0</ele></trkpt>
      <trkpt lat="35.599176" lon="139.173104"><ele>200.0</ele></trkpt>
      <trkpt lat="35.598612" lon="139.17312"><ele>200.0</ele></trkpt>
      <trkpt lat="35.59845" lon="139.173108"><ele>200.0</ele></trkpt>
      <trkpt lat="35.598307" lon="139.173067"><ele>200.0</ele></trkpt>
      <trkpt lat="35.598203" lon="139.173011"><ele>200.0</ele></trkpt>
      <trkpt lat="35.598114" lon="139.17294"><ele>200.0</ele></trkpt>
      <trkpt lat="35.598025" lon="139.172844"><ele>200.0</ele></trkpt>
      <trkpt lat="35.597945" lon="139.17274"><ele>200.0</ele></trkpt>
      <trkpt lat="35.597605" lon="139.172132"><ele>200.0</ele></trkpt>
      <trkpt lat="35.597506" lon="139.172015"><ele>200.0</ele></trkpt>
      <trkpt lat="35.597386" lon="139.171951"><ele>200.0</ele></trkpt>
      <trkpt lat="35.597268" lon="139.171924"><ele>200.0</ele></trkpt>
      <trkpt lat="35.597148" lon="139.171955"><ele>200.0</ele></trkpt>
      <trkpt lat="35.596939" lon="139.172075"><ele>200.0</ele></trkpt>
      <trkpt lat="35.596818" lon="139.172127"><ele>200.0</ele></trkpt>
      <trkpt lat="35.596694" lon="139.172156"><ele>200.0</ele></trkpt>
      <trkpt lat="35.596565" lon="139.172152"><ele>200.0</ele></trkpt>
      <trkpt lat="35.596433" lon="139.172095"><ele>200.0</ele></trkpt>
      <trkpt lat="35.596312" lon="139.172008"><ele>200.0</ele></trkpt>
      <trkpt lat="35.596191" lon="139.171896"><ele>200.0</ele></trkpt>
      <trkpt lat="35.59606" lon="139.171778"><ele>200.0</ele></trkpt>
      <trkpt lat="35.595953" lon="139.171701"><ele>200.0</ele></trkpt>
      <trkpt lat="35.595804" lon="139.171635"><ele>200.0</ele></trkpt>
      <trkpt lat="35.595635" lon="139.171593"><ele>200.0</ele></trkpt>
      <trkpt lat="35.595252" lon="139.17157"><ele>200.0</ele></trkpt>
      <trkpt lat="35.594994" lon="139.17159"><ele>200.0</ele></trkpt>
      <trkpt lat="35.594858" lon="139.171624"><ele>200.0</ele></trkpt>
      <trkpt lat="35.594622" lon="139.171701"><ele>200.0</ele></trkpt>
      <trkpt lat="35.594487" lon="139.171711"><ele>200.0</ele></trkpt>
      <trkpt lat="35.594383" lon="139.171682"><ele>200.0</ele></trkpt>
      <trkpt lat="35.594206" lon="139.171581"><ele>200.0</ele></trkpt>
      <trkpt lat="35.594098" lon="139.171537"><ele>200.0</ele></trkpt>
      <trkpt lat="35.593989" lon="139.171524"><ele>200.0</ele></trkpt>
      <trkpt lat="35.593813" lon="139.171545"><ele>200.0</ele></trkpt>
      <trkpt lat="35.593702" lon="139.171616"><ele>200.0</ele></trkpt>
      <trkpt lat="35.593591" lon="139.171717"><ele>200.0</ele></trkpt>
      <trkpt lat="35.59323" lon="139.172123"><ele>200.0</ele></trkpt>
      <trkpt lat="35.593196" lon="139.172083"><ele>200.0</ele></trkpt>
      <trkpt lat="35.593158" lon="139.172047"><ele>200.0</ele></trkpt>
      <trkpt lat="35.593041" lon="139.171998"><ele>200.0</ele></trkpt>
      <trkpt lat="35.592849" lon="139.171946"><ele>200.0</ele></trkpt>
      <trkpt lat="35.592778" lon="139.171905"><ele>200.0</ele></trkpt>
      <trkpt lat="35.592715" lon="139.171854"><ele>200.0</ele></trkpt>
      <trkpt lat="35.592644" lon="139.171771"><ele>200.0</ele></trkpt>
      <trkpt lat="35.592521" lon="139.171585"><ele>200.0</ele></trkpt>
      <trkpt lat="35.592406" lon="139.171381"><ele>200.0</ele></trkpt>
      <trkpt lat="35.592304" lon="139.171207"><ele>200.0</ele></trkpt>
      <trkpt lat="35.592187" lon="139.171047"><ele>200.0</ele></trkpt>
      <trkpt lat="35.592078" lon="139.170931"><ele>200.0</ele></trkpt>
      <trkpt lat="35.591747" lon="139.170655"><ele>200.0</ele></trkpt>
      <trkpt lat="35.591487" lon="139.170419"><ele>200.0</ele></trkpt>
      <trkpt lat="35.591248" lon="139.170226"><ele>200.0</ele></trkpt>
      <trkpt lat="35.591135" lon="139.170124"><ele>200.0</ele></trkpt>
      <trkpt lat="35.590968" lon="139.169915"><ele>200.0</ele></trkpt>
      <trkpt lat="35.590616" lon="139.169376"><ele>200.0</ele></trkpt>
      <trkpt lat="35.590413" lon="139.169062"><ele>200.0</ele></trkpt>
      <trkpt lat="35.590239" lon="139.168806"><ele>200.0</ele></trkpt>
      <trkpt lat="35.590184" lon="139.168698"><ele>200.0</ele></trkpt>
      <trkpt lat="35.590148" lon="139.168594"><ele>200.0</ele></trkpt>
      <trkpt lat="35.590119" lon="139.168488"><ele>200.0</ele></trkpt>
      <trkpt lat="35.590098" lon="139.168352"><ele>200.0</ele></trkpt>
      <trkpt lat="35.590115" lon="139.16821"><ele>200.0</ele></trkpt>
      <trkpt lat="35.59019" lon="139.167968"><ele>200.0</ele></trkpt>
      <trkpt lat="35.59025" lon="139.167795"><ele>200.0</ele></trkpt>
      <trkpt lat="35.590274" lon="139.167724"><ele>200.0</ele></trkpt>
      <trkpt lat="35.590287" lon="139.16764"><ele>200.0</ele></trkpt>
      <trkpt lat="35.590292" lon="139.167568"><ele>200.0</ele></trkpt>
      <trkpt lat="35.590283" lon="139.167495"><ele>200.0</ele></trkpt>
      <trkpt lat="35.590258" lon="139.16744"><ele>200.0</ele></trkpt>
      <trkpt lat="35.590228" lon="139.16738"><ele>200.0</ele></trkpt>
      <trkpt lat="35.590184" lon="139.167333"><ele>200.0</ele></trkpt>
      <trkpt lat="35.590109" lon="139.167271"><ele>200.0</ele></trkpt>
      <trkpt lat="35.590034" lon="139.167242"><ele>200.0</ele></trkpt>
      <trkpt lat="35.589985" lon="139.167107"><ele>200.0</ele></trkpt>
      <trkpt lat="35.589854" lon="139.166967"><ele>200.0</ele></trkpt>
      <trkpt lat="35.589803" lon="139.166878"><ele>200.0</ele></trkpt>
      <trkpt lat="35.589793" lon="139.16682"><ele>200.0</ele></trkpt>
      <trkpt lat="35.58981" lon="139.16676"><ele>200.0</ele></trkpt>
      <trkpt lat="35.589837" lon="139.166733"><ele>200.0</ele></trkpt>
      <trkpt lat="35.58988" lon="139.166692"><ele>200.0</ele></trkpt>
      <trkpt lat="35.589927" lon="139.166672"><ele>200.0</ele></trkpt>
      <trkpt lat="35.589976" lon="139.166672"><ele>200.0</ele></trkpt>
      <trkpt lat="35.590022" lon="139.166687"><ele>200.0</ele></trkpt>
      <trkpt lat="35.590061" lon="139.166715"><ele>200.0</ele></trkpt>
      <trkpt lat="35.59009" lon="139.166777"><ele>200.0</ele></trkpt>
      <trkpt lat="35.590149" lon="139.166881"><ele>200.0</ele></trkpt>
      <trkpt lat="35.590171" lon="139.166894"><ele>200.0</ele></trkpt>
      <trkpt lat="35.590223" lon="139.166912"><ele>200.0</ele></trkpt>
      <trkpt lat="35.590269" lon="139.166901"><ele>200.0</ele></trkpt>
      <trkpt lat="35.590303" lon="139.166866"><ele>200.0</ele></trkpt>
      <trkpt lat="35.590327" lon="139.166821"><ele>200.0</ele></trkpt>
      <trkpt lat="35.590345" lon="139.166708"><ele>200.0</ele></trkpt>
      <trkpt lat="35.590354" lon="139.166573"><ele>200.0</ele></trkpt>
      <trkpt lat="35.590374" lon="139.166502"><ele>200.0</ele></trkpt>
      <trkpt lat="35.590437" lon="139.166376"><ele>200.0</ele></trkpt>
      <trkpt lat="35.59049" lon="139.166265"><ele>200.0</ele></trkpt>
      <trkpt lat="35.590528" lon="139.166159"><ele>200.0</ele></trkpt>
      <trkpt lat="35.590567" lon="139.166067"><ele>200.0</ele></trkpt>
      <trkpt lat="35.590606" lon="139.166021"><ele>200.0</ele></trkpt>
      <trkpt lat="35.590642" lon="139.166"><ele>200.0</ele></trkpt>
      <trkpt lat="35.590678" lon="139.165994"><ele>200.0</ele></trkpt>
      <trkpt lat="35.590733" lon="139.16602"><ele>200.0</ele></trkpt>
      <trkpt lat="35.590812" lon="139.166087"><ele>200.0</ele></trkpt>
      <trkpt lat="35.590936" lon="139.166158"><ele>200.0</ele></trkpt>
      <trkpt lat="35.591081" lon="139.166204"><ele>200.0</ele></trkpt>
      <trkpt lat="35.591143" lon="139.166221"><ele>200.0</ele></trkpt>
      <trkpt lat="35.591189" lon="139.166238"><ele>200.0</ele></trkpt>
      <trkpt lat="35.591222" lon="139.166262"><ele>200.0</ele></trkpt>
      <trkpt lat="35.591254" lon="139.166313"><ele>200.0</ele></trkpt>
      <trkpt lat="35.59127" lon="139.16636"><ele>200.0</ele></trkpt>
      <trkpt lat="35.591295" lon="139.166461"><ele>200.0</ele></trkpt>
      <trkpt lat="35.591344" lon="139.166546"><ele>200.0</ele></trkpt>
      <trkpt lat="35.591461" lon="139.166665"><ele>200.0</ele></trkpt>
      <trkpt lat="35.591508" lon="139.166711"><ele>200.0</ele></trkpt>
      <trkpt lat="35.591536" lon="139.166764"><ele>200.0</ele></trkpt>
      <trkpt lat="35.591562" lon="139.166826"><ele>200.0</ele></trkpt>
      <trkpt lat="35.591579" lon="139.166946"><ele>200.0</ele></trkpt>
      <trkpt lat="35.591593" lon="139.167052"><ele>200.0</ele></trkpt>
      <trkpt lat="35.591625" lon="139.167112"><ele>200.0</ele></trkpt>
      <trkpt lat="35.591674" lon="139.167142"><ele>200.0</ele></trkpt>
      <trkpt lat="35.591737" lon="139.167138"><ele>200.0</ele></trkpt>
      <trkpt lat="35.591783" lon="139.16709"><ele>200.0</ele></trkpt>
      <trkpt lat="35.591803" lon="139.167023"><ele>200.0</ele></trkpt>
      <trkpt lat="35.591828" lon="139.166901"><ele>200.0</ele></trkpt>
      <trkpt lat="35.591825" lon="139.166772"><ele>200.0</ele></trkpt>
      <trkpt lat="35.591792" lon="139.16664"><ele>200.0</ele></trkpt>
      <trkpt lat="35.591698" lon="139.166479"><ele>200.0</ele></trkpt>
      <trkpt lat="35.591663" lon="139.166397"><ele>200.0</ele></trkpt>
      <trkpt lat="35.59166" lon="139.16632"><ele>200.0</ele></trkpt>
      <trkpt lat="35.591678" lon="139.166248"><ele>200.0</ele></trkpt>
      <trkpt lat="35.591722" lon="139.16616"><ele>200.0</ele></trkpt>
      <trkpt lat="35.591773" lon="139.16611"><ele>200.0</ele></trkpt>
      <trkpt lat="35.591825" lon="139.166078"><ele>200.0</ele></trkpt>
      <trkpt lat="35.591898" lon="139.166069"><ele>200.0</ele></trkpt>
      <trkpt lat="35.592058" lon="139.166088"><ele>200.0</ele></trkpt>
      <trkpt lat="35.592195" lon="139.166109"><ele>200.0</ele></trkpt>
      <trkpt lat="35.592293" lon="139.166107"><ele>200.0</ele></trkpt>
      <trkpt lat="35.592398" lon="139.166071"><ele>200.0</ele></trkpt>
      <trkpt lat="35.592696" lon="139.165924"><ele>200.0</ele></trkpt>
      <trkpt lat="35.592982" lon="139.165755"><ele>200.0</ele></trkpt>
      <trkpt lat="35.593219" lon="139.165634"><ele>200.0</ele></trkpt>
      <trkpt lat="35.593399" lon="139.165562"><ele>200.0</ele></trkpt>
      <trkpt lat="35.59353" lon="139.165516"><ele>200.0</ele></trkpt>
      <trkpt lat="35.593679" lon="139.16549"><ele>200.0</ele></trkpt>
      <trkpt lat="35.593825" lon="139.16547"><ele>200.0</ele></trkpt>
      <trkpt lat="35.594329" lon="139.165403"><ele>200.0</ele></trkpt>
      <trkpt lat="35.594454" lon="139.165398"><ele>200.0</ele></trkpt>
      <trkpt lat="35.594549" lon="139.165415"><ele>200.0</ele></trkpt>
      <trkpt lat="35.594653" lon="139.165428"><ele>200.0</ele></trkpt>
      <trkpt lat="35.594709" lon="139.165405"><ele>200.0</ele></trkpt>
      <trkpt lat="35.594758" lon="139.16537"><ele>200.0</ele></trkpt>
      <trkpt lat="35.594795" lon="139.165297"><ele>200.0</ele></trkpt>
      <trkpt lat="35.594833" lon="139.16518"><ele>200.0</ele></trkpt>
      <trkpt lat="35.59485" lon="139.165072"><ele>200.0</ele></trkpt>
      <trkpt lat="35.594845" lon="139.164995"><ele>200.0</ele></trkpt>
      <trkpt lat="35.594827" lon="139.16492"><ele>200.0</ele></trkpt>
      <trkpt lat="35.59479" lon="139.164864"><ele>200.0</ele></trkpt>
      <trkpt lat="35.594684" lon="139.164771"><ele>200.0</ele></trkpt>
      <trkpt lat="35.594617" lon="139.164687"><ele>200.0</ele></trkpt>
      <trkpt lat="35.59458" lon="139.164619"><ele>200.0</ele></trkpt>
      <trkpt lat="35.594565" lon="139.164536"><ele>200.0</ele></trkpt>
      <trkpt lat="35.594566" lon="139.164442"><ele>200.0</ele></trkpt>
      <trkpt lat="35.594609" lon="139.164352"><ele>200.0</ele></trkpt>
      <trkpt lat="35.594678" lon="139.164267"><ele>200.0</ele></trkpt>
      <trkpt lat="35.594748" lon="139.164215"><ele>200.0</ele></trkpt>
      <trkpt lat="35.594937" lon="139.16411"><ele>200.0</ele></trkpt>
      <trkpt lat="35.595268" lon="139.16396"><ele>200.0</ele></trkpt>
      <trkpt lat="35.595573" lon="139.163819"><ele>200.0</ele></trkpt>
      <trkpt lat="35.595778" lon="139.163723"><ele>200.0</ele></trkpt>
      <trkpt lat="35.595866" lon="139.163691"><ele>200.0</ele></trkpt>
      <trkpt lat="35.595966" lon="139.163677"><ele>200.0</ele></trkpt>
      <trkpt lat="35.596102" lon="139.163698"><ele>200.0</ele></trkpt>
      <trkpt lat="35.596256" lon="139.163732"><ele>200.0</ele></trkpt>
      <trkpt lat="35.596411" lon="139.163776"><ele>200.0</ele></trkpt>
      <trkpt lat="35.59657" lon="139.163804"><ele>200.0</ele></trkpt>
      <trkpt lat="35.596649" lon="139.163817"><ele>200.0</ele></trkpt>
      <trkpt lat="35.596755" lon="139.163815"><ele>200.0</ele></trkpt>
      <trkpt lat="35.59694" lon="139.163807"><ele>200.0</ele></trkpt>
      <trkpt lat="35.597026" lon="139.163801"><ele>200.0</ele></trkpt>
      <trkpt lat="35.597114" lon="139.163781"><ele>200.0</ele></trkpt>
      <trkpt lat="35.597177" lon="139.163742"><ele>200.0</ele></trkpt>
      <trkpt lat="35.597225" lon="139.163661"><ele>200.0</ele></trkpt>
      <trkpt lat="35.59725" lon="139.163595"><ele>200.0</ele></trkpt>
      <trkpt lat="35.597254" lon="139.16353"><ele>200.0</ele></trkpt>
      <trkpt lat="35.597248" lon="139.163374"><ele>200.0</ele></trkpt>
      <trkpt lat="35.597241" lon="139.163186"><ele>200.0</ele></trkpt>
      <trkpt lat="35.597246" lon="139.162997"><ele>200.0</ele></trkpt>
      <trkpt lat="35.597261" lon="139.162892"><ele>200.0</ele></trkpt>
      <trkpt lat="35.597296" lon="139.162818"><ele>200.0</ele></trkpt>
      <trkpt lat="35.597341" lon="139.162722"><ele>200.0</ele></trkpt>
      <trkpt lat="35.597394" lon="139.162653"><ele>200.0</ele></trkpt>
      <trkpt lat="35.597487" lon="139.162581"><ele>200.0</ele></trkpt>
      <trkpt lat="35.597567" lon="139.162519"><ele>200.0</ele></trkpt>
      <trkpt lat="35.597628" lon="139.162433"><ele>200.0</ele></trkpt>
      <trkpt lat="35.597675" lon="139.162351"><ele>200.0</ele></trkpt>
      <trkpt lat="35.597722" lon="139.162236"><ele>200.0</ele></trkpt>
      <trkpt lat="35.597753" lon="139.162095"><ele>200.0</ele></trkpt>
      <trkpt lat="35.597783" lon="139.161878"><ele>200.0</ele></trkpt>
      <trkpt lat="35.59781" lon="139.161707"><ele>200.0</ele></trkpt>
      <trkpt lat="35.597838" lon="139.161635"><ele>200.0</ele></trkpt>
      <trkpt lat="35.59787" lon="139.16156"><ele>200.0</ele></trkpt>
      <trkpt lat="35.597907" lon="139.161521"><ele>200.0</ele></trkpt>
      <trkpt lat="35.597982" lon="139.161501"><ele>200.0</ele></trkpt>
      <trkpt lat="35.598045" lon="139.161514"><ele>200.0</ele></trkpt>
      <trkpt lat="35.598099" lon="139.161558"><ele>200.0</ele></trkpt>
      <trkpt lat="35.598184" lon="139.161644"><ele>200.0</ele></trkpt>
      <trkpt lat="35.598237" lon="139.161718"><ele>200.0</ele></trkpt>
      <trkpt lat="35.59827" lon="139.161811"><ele>200.0</ele></trkpt>
      <trkpt lat="35.598318" lon="139.161875"><ele>200.0</ele></trkpt>
      <trkpt lat="35.598416" lon="139.161973"><ele>200.0</ele></trkpt>
      <trkpt lat="35.598487" lon="139.162028"><ele>200.0</ele></trkpt>
      <trkpt lat="35.598529" lon="139.162051"><ele>200.0</ele></trkpt>
      <trkpt lat="35.598566" lon="139.16205"><ele>200.0</ele></trkpt>
      <trkpt lat="35.598591" lon="139.162027"><ele>200.0</ele></trkpt>
      <trkpt lat="35.598612" lon="139.161995"><ele>200.0</ele></trkpt>
      <trkpt lat="35.598629" lon="139.161948"><ele>200.0</ele></trkpt>
      <trkpt lat="35.598654" lon="139.161876"><ele>200.0</ele></trkpt>
      <trkpt lat="35.598711" lon="139.161706"><ele>200.0</ele></trkpt>
      <trkpt lat="35.598763" lon="139.16157"><ele>200.0</ele></trkpt>
      <trkpt lat="35.598788" lon="139.161521"><ele>200.0</ele></trkpt>
      <trkpt lat="35.598817" lon="139.161482"><ele>200.0</ele></trkpt>
      <trkpt lat="35.598857" lon="139.161444"><ele>200.0</ele></trkpt>
      <trkpt lat="35.598895" lon="139.161414"><ele>200.0</ele></trkpt>
      <trkpt lat="35.599018" lon="139.161337"><ele>200.0</ele></trkpt>
      <trkpt lat="35.599122" lon="139.16126"><ele>200.0</ele></trkpt>
      <trkpt lat="35.599195" lon="139.161183"><ele>200.0</ele></trkpt>
      <trkpt lat="35.599264" lon="139.161068"><ele>200.0</ele></trkpt>
      <trkpt lat="35.599315" lon="139.160958"><ele>200.0</ele></trkpt>
      <trkpt lat="35.599407" lon="139.16078"><ele>200.0</ele></trkpt>
      <trkpt lat="35.599506" lon="139.160598"><ele>200.0</ele></trkpt>
      <trkpt lat="35.599558" lon="139.160521"><ele>200.0</ele></trkpt>
      <trkpt lat="35.599609" lon="139.160457"><ele>200.0</ele></trkpt>
      <trkpt lat="35.599651" lon="139.160419"><ele>200.0</ele></trkpt>
      <trkpt lat="35.599693" lon="139.160397"><ele>200.0</ele></trkpt>
      <trkpt lat="35.599762" lon="139.160381"><ele>200.0</ele></trkpt>
      <trkpt lat="35.599797" lon="139.160384"><ele>200.0</ele></trkpt>
      <trkpt lat="35.599884" lon="139.1604"><ele>200.0</ele></trkpt>
      <trkpt lat="35.599998" lon="139.160438"><ele>200.0</ele></trkpt>
      <trkpt lat="35.600096" lon="139.1605"><ele>200.0</ele></trkpt>
      <trkpt lat="35.600134" lon="139.160473"><ele>200.0</ele></trkpt>
      <trkpt lat="35.600165" lon="139.16042"><ele>200.0</ele></trkpt>
      <trkpt lat="35.600179" lon="139.160357"><ele>200.0</ele></trkpt>
      <trkpt lat="35.600146" lon="139.16029"><ele>200.0</ele></trkpt>
      <trkpt lat="35.600092" lon="139.160197"><ele>200.0</ele></trkpt>
      <trkpt lat="35.599985" lon="139.16008"><ele>200.0</ele></trkpt>
      <trkpt lat="35.599841" lon="139.159928"><ele>200.0</ele></trkpt>
      <trkpt lat="35.599734" lon="139.159813"><ele>200.0</ele></trkpt>
      <trkpt lat="35.599579" lon="139.159637"><ele>200.0</ele></trkpt>
      <trkpt lat="35.599501" lon="139.159552"><ele>200.0</ele></trkpt>
      <trkpt lat="35.599405" lon="139.159468"><ele>200.0</ele></trkpt>
      <trkpt lat="35.599285" lon="139.1594"><ele>200.0</ele></trkpt>
      <trkpt lat="35.599198" lon="139.159361"><ele>200.0</ele></trkpt>
      <trkpt lat="35.599088" lon="139.159318"><ele>200.0</ele></trkpt>
      <trkpt lat="35.599" lon="139.159283"><ele>200.0</ele></trkpt>
      <trkpt lat="35.598899" lon="139.159219"><ele>200.0</ele></trkpt>
      <trkpt lat="35.598809" lon="139.159139"><ele>200.0</ele></trkpt>
      <trkpt lat="35.598716" lon="139.159042"><ele>200.0</ele></trkpt>
      <trkpt lat="35.598613" lon="139.158924"><ele>200.0</ele></trkpt>
      <trkpt lat="35.59851" lon="139.158797"><ele>200.0</ele></trkpt>
      <trkpt lat="35.598451" lon="139.158719"><ele>200.0</ele></trkpt>
      <trkpt lat="35.598395" lon="139.1586"><ele>200.0</ele></trkpt>
      <trkpt lat="35.598375" lon="139.158532"><ele>200.0</ele></trkpt>
      <trkpt lat="35.598355" lon="139.158464"><ele>200.0</ele></trkpt>
      <trkpt lat="35.598325" lon="139.158331"><ele>200.0</ele></trkpt>
      <trkpt lat="35.598297" lon="139.158192"><ele>200.0</ele></trkpt>
      <trkpt lat="35.59825" lon="139.15791"><ele>200.0</ele></trkpt>
      <trkpt lat="35.59821" lon="139.157667"><ele>200.0</ele></trkpt>
      <trkpt lat="35.598178" lon="139.157481"><ele>200.0</ele></trkpt>
      <trkpt lat="35.598143" lon="139.157328"><ele>200.0</ele></trkpt>
      <trkpt lat="35.598095" lon="139.157196"><ele>200.0</ele></trkpt>
      <trkpt lat="35.598043" lon="139.157106"><ele>200.0</ele></trkpt>
      <trkpt lat="35.597977" lon="139.157051"><ele>200.0</ele></trkpt>
      <trkpt lat="35.5979" lon="139.156995"><ele>200.0</ele></trkpt>
      <trkpt lat="35.597688" lon="139.156872"><ele>200.0</ele></trkpt>
      <trkpt lat="35.597629" lon="139.156821"><ele>200.0</ele></trkpt>
      <trkpt lat="35.597593" lon="139.15677"><ele>200.0</ele></trkpt>
      <trkpt lat="35.597566" lon="139.156685"><ele>200.0</ele></trkpt>
      <trkpt lat="35.597552" lon="139.156593"><ele>200.0</ele></trkpt>
      <trkpt lat="35.597537" lon="139.156455"><ele>200.0</ele></trkpt>
      <trkpt lat="35.597528" lon="139.156356"><ele>200.0</ele></trkpt>
      <trkpt lat="35.597504" lon="139.156286"><ele>200.0</ele></trkpt>
      <trkpt lat="35.597463" lon="139.156249"><ele>200.0</ele></trkpt>
      <trkpt lat="35.597377" lon="139.156231"><ele>200.0</ele></trkpt>
      <trkpt lat="35.597271" lon="139.156229"><ele>200.0</ele></trkpt>
      <trkpt lat="35.597227" lon="139.156211"><ele>200.0</ele></trkpt>
      <trkpt lat="35.597201" lon="139.156163"><ele>200.0</ele></trkpt>
      <trkpt lat="35.59714" lon="139.156046"><ele>200.0</ele></trkpt>
      <trkpt lat="35.59707" lon="139.155925"><ele>200.0</ele></trkpt>
      <trkpt lat="35.596998" lon="139.155754"><ele>200.0</ele></trkpt>
      <trkpt lat="35.59686" lon="139.155413"><ele>200.0</ele></trkpt>
      <trkpt lat="35.5968" lon="139.155314"><ele>200.0</ele></trkpt>
      <trkpt lat="35.596719" lon="139.155209"><ele>200.0</ele></trkpt>
      <trkpt lat="35.596689" lon="139.155165"><ele>200.0</ele></trkpt>
      <trkpt lat="35.59666" lon="139.155113"><ele>200.0</ele></trkpt>
      <trkpt lat="35.596641" lon="139.155055"><ele>200.0</ele></trkpt>
      <trkpt lat="35.596642" lon="139.155043"><ele>200.0</ele></trkpt>
      <trkpt lat="35.596644" lon="139.154988"><ele>200.0</ele></trkpt>
      <trkpt lat="35.596664" lon="139.154932"><ele>200.0</ele></trkpt>
      <trkpt lat="35.596704" lon="139.154873"><ele>200.0</ele></trkpt>
      <trkpt lat="35.596764" lon="139.154817"><ele>200.0</ele></trkpt>
      <trkpt lat="35.596942" lon="139.154717"><ele>200.0</ele></trkpt>
      <trkpt lat="35.597026" lon="139.154658"><ele>200.0</ele></trkpt>
      <trkpt lat="35.597104" lon="139.154592"><ele>200.0</ele></trkpt>
      <trkpt lat="35.597146" lon="139.154539"><ele>200.0</ele></trkpt>
      <trkpt lat="35.597181" lon="139.154466"><ele>200.0</ele></trkpt>
      <trkpt lat="35.597217" lon="139.154325"><ele>200.0</ele></trkpt>
      <trkpt lat="35.597239" lon="139.154184"><ele>200.0</ele></trkpt>
      <trkpt lat="35.597268" lon="139.15405"><ele>200.0</ele></trkpt>
      <trkpt lat="35.597311" lon="139.153886"><ele>200.0</ele></trkpt>
      <trkpt lat="35.597517" lon="139.153282"><ele>200.0</ele></trkpt>
      <trkpt lat="35.597587" lon="139.153064"><ele>200.0</ele></trkpt>
      <trkpt lat="35.597634" lon="139.152936"><ele>200.0</ele></trkpt>
      <trkpt lat="35.597672" lon="139.152882"><ele>200.0</ele></trkpt>
      <trkpt lat="35.597741" lon="139.152805"><ele>200.0</ele></trkpt>
      <trkpt lat="35.597802" lon="139.152763"><ele>200.0</ele></trkpt>
      <trkpt lat="35.597877" lon="139.152717"><ele>200.0</ele></trkpt>
      <trkpt lat="35.598071" lon="139.152665"><ele>200.0</ele></trkpt>
      <trkpt lat="35.59824" lon="139.152613"><ele>200.0</ele></trkpt>
      <trkpt lat="35.598323" lon="139.152584"><ele>200.0</ele></trkpt>
      <trkpt lat="35.59836" lon="139.152557"><ele>200.0</ele></trkpt>
      <trkpt lat="35.598361" lon="139.152523"><ele>200.0</ele></trkpt>
      <trkpt lat="35.598303" lon="139.152528"><ele>200.0</ele></trkpt>
      <trkpt lat="35.59821" lon="139.152523"><ele>200.0</ele></trkpt>
      <trkpt lat="35.5981" lon="139.152492"><ele>200.0</ele></trkpt>
      <trkpt lat="35.597931" lon="139.152429"><ele>200.0</ele></trkpt>
      <trkpt lat="35.597747" lon="139.152355"><ele>200.0</ele></trkpt>
      <trkpt lat="35.59742" lon="139.152209"><ele>200.0</ele></trkpt>
      <trkpt lat="35.597391" lon="139.152199"><ele>200.0</ele></trkpt>
      <trkpt lat="35.597345" lon="139.152173"><ele>200.0</ele></trkpt>
      <trkpt lat="35.597168" lon="139.152093"><ele>200.0</ele></trkpt>
      <trkpt lat="35.596433" lon="139.151724"><ele>200.0</ele></trkpt>
      <trkpt lat="35.59617" lon="139.151595"><ele>200.0</ele></trkpt>
      <trkpt lat="35.595806" lon="139.151402"><ele>200.0</ele></trkpt>
      <trkpt lat="35.595614" lon="139.151303"><ele>200.0</ele></trkpt>
      <trkpt lat="35.595525" lon="139.151254"><ele>200.0</ele></trkpt>
      <trkpt lat="35.595441" lon="139.151203"><ele>200.0</ele></trkpt>
      <trkpt lat="35.59537" lon="139.151157"><ele>200.0</ele></trkpt>
      <trkpt lat="35.595292" lon="139.151095"><ele>200.0</ele></trkpt>
      <trkpt lat="35.595212" lon="139.150997"><ele>200.0</ele></trkpt>
      <trkpt lat="35.59513" lon="139.150871"><ele>200.0</ele></trkpt>
      <trkpt lat="35.595071" lon="139.150751"><ele>200.0</ele></trkpt>
      <trkpt lat="35.594953" lon="139.150432"><ele>200.0</ele></trkpt>
      <trkpt lat="35.594901" lon="139.150255"><ele>200.0</ele></trkpt>
      <trkpt lat="35.594881" lon="139.150151"><ele>200.0</ele></trkpt>
      <trkpt lat="35.594866" lon="139.150041"><ele>200.0</ele></trkpt>
      <trkpt lat="35.594857" lon="139.149899"><ele>200.0</ele></trkpt>
      <trkpt lat="35.594852" lon="139.149756"><ele>200.0</ele></trkpt>
      <trkpt lat="35.594868" lon="139.149582"><ele>200.0</ele></trkpt>
      <trkpt lat="35.59488" lon="139.14939"><ele>200.0</ele></trkpt>
      <trkpt lat="35.59487" lon="139.149302"><ele>200.0</ele></trkpt>
      <trkpt lat="35.594846" lon="139.149226"><ele>200.0</ele></trkpt>
      <trkpt lat="35.59481" lon="139.149123"><ele>200.0</ele></trkpt>
      <trkpt lat="35.594766" lon="139.149021"><ele>200.0</ele></trkpt>
      <trkpt lat="35.594702" lon="139.148911"><ele>200.0</ele></trkpt>
      <trkpt lat="35.594646" lon="139.148849"><ele>200.0</ele></trkpt>
      <trkpt lat="35.59455" lon="139.148804"><ele>200.0</ele></trkpt>
      <trkpt lat="35.594453" lon="139.148786"><ele>200.0</ele></trkpt>
      <trkpt lat="35.594335" lon="139.148765"><ele>200.0</ele></trkpt>
      <trkpt lat="35.594232" lon="139.148776"><ele>200.0</ele></trkpt>
      <trkpt lat="35.594149" lon="139.148813"><ele>200.0</ele></trkpt>
      <trkpt lat="35.594084" lon="139.14889"><ele>200.0</ele></trkpt>
      <trkpt lat="35.594038" lon="139.149003"><ele>200.0</ele></trkpt>
      <trkpt lat="35.593969" lon="139.149228"><ele>200.0</ele></trkpt>
      <trkpt lat="35.593922" lon="139.149369"><ele>200.0</ele></trkpt>
      <trkpt lat="35.593885" lon="139.149436"><ele>200.0</ele></trkpt>
      <trkpt lat="35.593805" lon="139.149527"><ele>200.0</ele></trkpt>
      <trkpt lat="35.593725" lon="139.149577"><ele>200.0</ele></trkpt>
      <trkpt lat="35.593669" lon="139.149602"><ele>200.0</ele></trkpt>
      <trkpt lat="35.593612" lon="139.149624"><ele>200.0</ele></trkpt>
      <trkpt lat="35.593131" lon="139.149713"><ele>200.0</ele></trkpt>
      <trkpt lat="35.592638" lon="139.149802"><ele>200.0</ele></trkpt>
      <trkpt lat="35.592283" lon="139.149883"><ele>200.0</ele></trkpt>
      <trkpt lat="35.592034" lon="139.149946"><ele>200.0</ele></trkpt>
      <trkpt lat="35.59189" lon="139.149985"><ele>200.0</ele></trkpt>
      <trkpt lat="35.591781" lon="139.150002"><ele>200.0</ele></trkpt>
      <trkpt lat="35.591704" lon="139.150006"><ele>200.0</ele></trkpt>
      <trkpt lat="35.591631" lon="139.15"><ele>200.0</ele></trkpt>
      <trkpt lat="35.591485" lon="139.149964"><ele>200.0</ele></trkpt>
      <trkpt lat="35.591415" lon="139.149942"><ele>200.0</ele></trkpt>
      <trkpt lat="35.59134" lon="139.149932"><ele>200.0</ele></trkpt>
      <trkpt lat="35.591001" lon="139.149938"><ele>200.0</ele></trkpt>
      <trkpt lat="35.590885" lon="139.149929"><ele>200.0</ele></trkpt>
      <trkpt lat="35.590786" lon="139.149932"><ele>200.0</ele></trkpt>
      <trkpt lat="35.590723" lon="139.149863"><ele>200.0</ele></trkpt>
      <trkpt lat="35.590686" lon="139.149842"><ele>200.0</ele></trkpt>
      <trkpt lat="35.590649" lon="139.149821"><ele>200.0</ele></trkpt>
      <trkpt lat="35.590556" lon="139.149816"><ele>200.0</ele></trkpt>
      <trkpt lat="35.590468" lon="139.149844"><ele>200.0</ele></trkpt>
      <trkpt lat="35.590386" lon="139.149884"><ele>200.0</ele></trkpt>
      <trkpt lat="35.590164" lon="139.150024"><ele>200.0</ele></trkpt>
      <trkpt lat="35.590046" lon="139.150087"><ele>200.0</ele></trkpt>
      <trkpt lat="35.589931" lon="139.150137"><ele>200.0</ele></trkpt>
      <trkpt lat="35.589805" lon="139.150181"><ele>200.0</ele></trkpt>
      <trkpt lat="35.589702" lon="139.1502"><ele>200.0</ele></trkpt>
      <trkpt lat="35.589627" lon="139.150198"><ele>200.0</ele></trkpt>
      <trkpt lat="35.589509" lon="139.150177"><ele>200.0</ele></trkpt>
      <trkpt lat="35.589409" lon="139.150158"><ele>200.0</ele></trkpt>
      <trkpt lat="35.589331" lon="139.150153"><ele>200.0</ele></trkpt>
      <trkpt lat="35.589255" lon="139.150163"><ele>200.0</ele></trkpt>
      <trkpt lat="35.589138" lon="139.150195"><ele>200.0</ele></trkpt>
      <trkpt lat="35.589054" lon="139.150213"><ele>200.0</ele></trkpt>
      <trkpt lat="35.58899" lon="139.150219"><ele>200.0</ele></trkpt>
      <trkpt lat="35.588924" lon="139.150209"><ele>200.0</ele></trkpt>
      <trkpt lat="35.588582" lon="139.150101"><ele>200.0</ele></trkpt>
      <trkpt lat="35.587959" lon="139.149882"><ele>200.0</ele></trkpt>
      <trkpt lat="35.587826" lon="139.149838"><ele>200.0</ele></trkpt>
      <trkpt lat="35.587701" lon="139.149778"><ele>200.0</ele></trkpt>
      <trkpt lat="35.587603" lon="139.149722"><ele>200.0</ele></trkpt>
      <trkpt lat="35.587538" lon="139.149651"><ele>200.0</ele></trkpt>
      <trkpt lat="35.587494" lon="139.149581"><ele>200.0</ele></trkpt>
      <trkpt lat="35.587469" lon="139.149521"><ele>200.0</ele></trkpt>
      <trkpt lat="35.587443" lon="139.149434"><ele>200.0</ele></trkpt>
      <trkpt lat="35.587423" lon="139.149349"><ele>200.0</ele></trkpt>
      <trkpt lat="35.587414" lon="139.149256"><ele>200.0</ele></trkpt>
      <trkpt lat="35.587414" lon="139.149165"><ele>200.0</ele></trkpt>
      <trkpt lat="35.587438" lon="139.149044"><ele>200.0</ele></trkpt>
      <trkpt lat="35.587492" lon="139.14891"><ele>200.0</ele></trkpt>
      <trkpt lat="35.587568" lon="139.148804"><ele>200.0</ele></trkpt>
      <trkpt lat="35.587633" lon="139.14875"><ele>200.0</ele></trkpt>
      <trkpt lat="35.587706" lon="139.148724"><ele>200.0</ele></trkpt>
      <trkpt lat="35.587783" lon="139.148732"><ele>200.0</ele></trkpt>
      <trkpt lat="35.587849" lon="139.148754"><ele>200.0</ele></trkpt>
      <trkpt lat="35.587909" lon="139.148778"><ele>200.0</ele></trkpt>
      <trkpt lat="35.588023" lon="139.148855"><ele>200.0</ele></trkpt>
      <trkpt lat="35.588095" lon="139.148896"><ele>200.0</ele></trkpt>
      <trkpt lat="35.588151" lon="139.148908"><ele>200.0</ele></trkpt>
      <trkpt lat="35.588219" lon="139.148912"><ele>200.0</ele></trkpt>
      <trkpt lat="35.588286" lon="139.148895"><ele>200.0</ele></trkpt>
      <trkpt lat="35.58836" lon="139.148862"><ele>200.0</ele></trkpt>
      <trkpt lat="35.58847" lon="139.1488"><ele>200.0</ele></trkpt>
      <trkpt lat="35.588534" lon="139.148749"><ele>200.0</ele></trkpt>
      <trkpt lat="35.588835" lon="139.148566"><ele>200.0</ele></trkpt>
      <trkpt lat="35.588933" lon="139.148524"><ele>200.0</ele></trkpt>
      <trkpt lat="35.589022" lon="139.148496"><ele>200.0</ele></trkpt>
      <trkpt lat="35.589211" lon="139.148467"><ele>200.0</ele></trkpt>
      <trkpt lat="35.589286" lon="139.148445"><ele>200.0</ele></trkpt>
      <trkpt lat="35.589351" lon="139.148409"><ele>200.0</ele></trkpt>
      <trkpt lat="35.589403" lon="139.148363"><ele>200.0</ele></trkpt>
      <trkpt lat="35.589438" lon="139.148318"><ele>200.0</ele></trkpt>
      <trkpt lat="35.589464" lon="139.148258"><ele>200.0</ele></trkpt>
      <trkpt lat="35.589483" lon="139.1482"><ele>200.0</ele></trkpt>
      <trkpt lat="35.589493" lon="139.148132"><ele>200.0</ele></trkpt>
      <trkpt lat="35.589495" lon="139.148053"><ele>200.0</ele></trkpt>
      <trkpt lat="35.58948" lon="139.147974"><ele>200.0</ele></trkpt>
      <trkpt lat="35.58946" lon="139.147918"><ele>200.0</ele></trkpt>
      <trkpt lat="35.589432" lon="139.147865"><ele>200.0</ele></trkpt>
      <trkpt lat="35.589387" lon="139.147804"><ele>200.0</ele></trkpt>
      <trkpt lat="35.589335" lon="139.147757"><ele>200.0</ele></trkpt>
      <trkpt lat="35.589277" lon="139.147731"><ele>200.0</ele></trkpt>
      <trkpt lat="35.589217" lon="139.147722"><ele>200.0</ele></trkpt>
      <trkpt lat="35.589065" lon="139.147714"><ele>200.0</ele></trkpt>
      <trkpt lat="35.588798" lon="139.147732"><ele>200.0</ele></trkpt>
      <trkpt lat="35.588686" lon="139.147753"><ele>200.0</ele></trkpt>
      <trkpt lat="35.588431" lon="139.147836"><ele>200.0</ele></trkpt>
      <trkpt lat="35.588177" lon="139.14791"><ele>200.0</ele></trkpt>
      <trkpt lat="35.588117" lon="139.147922"><ele>200.0</ele></trkpt>
      <trkpt lat="35.588057" lon="139.147929"><ele>200.0</ele></trkpt>
      <trkpt lat="35.587966" lon="139.147927"><ele>200.0</ele></trkpt>
      <trkpt lat="35.587888" lon="139.147918"><ele>200.0</ele></trkpt>
      <trkpt lat="35.587821" lon="139.147903"><ele>200.0</ele></trkpt>
      <trkpt lat="35.587665" lon="139.147846"><ele>200.0</ele></trkpt>
      <trkpt lat="35.587563" lon="139.147787"><ele>200.0</ele></trkpt>
      <trkpt lat="35.587498" lon="139.147737"><ele>200.0</ele></trkpt>
      <trkpt lat="35.587461" lon="139.147693"><ele>200.0</ele></trkpt>
      <trkpt lat="35.587427" lon="139.147643"><ele>200.0</ele></trkpt>
      <trkpt lat="35.587276" lon="139.14729"><ele>200.0</ele></trkpt>
      <trkpt lat="35.587106" lon="139.146867"><ele>200.0</ele></trkpt>
      <trkpt lat="35.587067" lon="139.146794"><ele>200.0</ele></trkpt>
      <trkpt lat="35.587025" lon="139.146729"><ele>200.0</ele></trkpt>
      <trkpt lat="35.586967" lon="139.146678"><ele>200.0</ele></trkpt>
      <trkpt lat="35.586918" lon="139.146645"><ele>200.0</ele></trkpt>
      <trkpt lat="35.586853" lon="139.146622"><ele>200.0</ele></trkpt>
      <trkpt lat="35.586777" lon="139.146599"><ele>200.0</ele></trkpt>
      <trkpt lat="35.586708" lon="139.146571"><ele>200.0</ele></trkpt>
      <trkpt lat="35.586654" lon="139.146545"><ele>200.0</ele></trkpt>
      <trkpt lat="35.586586" lon="139.146494"><ele>200.0</ele></trkpt>
      <trkpt lat="35.58652" lon="139.146429"><ele>200.0</ele></trkpt>
      <trkpt lat="35.58634" lon="139.146203"><ele>200.0</ele></trkpt>
      <trkpt lat="35.585856" lon="139.145592"><ele>200.0</ele></trkpt>
      <trkpt lat="35.585526" lon="139.145185"><ele>200.0</ele></trkpt>
      <trkpt lat="35.585461" lon="139.14511"><ele>200.0</ele></trkpt>
      <trkpt lat="35.585407" lon="139.145064"><ele>200.0</ele></trkpt>
      <trkpt lat="35.585352" lon="139.145041"><ele>200.0</ele></trkpt>
      <trkpt lat="35.585285" lon="139.14502"><ele>200.0</ele></trkpt>
      <trkpt lat="35.585218" lon="139.145013"><ele>200.0</ele></trkpt>
      <trkpt lat="35.585156" lon="139.145023"><ele>200.0</ele></trkpt>
      <trkpt lat="35.585102" lon="139.145038"><ele>200.0</ele></trkpt>
      <trkpt lat="35.585048" lon="139.145073"><ele>200.0</ele></trkpt>
      <trkpt lat="35.585005" lon="139.145108"><ele>200.0</ele></trkpt>
      <trkpt lat="35.584942" lon="139.14518"><ele>200.0</ele></trkpt>
      <trkpt lat="35.584899" lon="139.145121"><ele>200.0</ele></trkpt>
      <trkpt lat="35.58466" lon="139.14461"><ele>200.0</ele></trkpt>
      <trkpt lat="35.584578" lon="139.144428"><ele>200.0</ele></trkpt>
      <trkpt lat="35.584471" lon="139.144109"><ele>200.0</ele></trkpt>
      <trkpt lat="35.584214" lon="139.143484"><ele>200.0</ele></trkpt>
      <trkpt lat="35.584128" lon="139.143165"><ele>200.0</ele></trkpt>
      <trkpt lat="35.584088" lon="139.143014"><ele>200.0</ele></trkpt>
      <trkpt lat="35.584059" lon="139.142838"><ele>200.0</ele></trkpt>
      <trkpt lat="35.584063" lon="139.142556"><ele>200.0</ele></trkpt>
      <trkpt lat="35.584082" lon="139.142467"><ele>200.0</ele></trkpt>
      <trkpt lat="35.583966" lon="139.142294"><ele>200.0</ele></trkpt>
      <trkpt lat="35.583818" lon="139.142053"><ele>200.0</ele></trkpt>
      <trkpt lat="35.58375" lon="139.141957"><ele>200.0</ele></trkpt>
      <trkpt lat="35.583691" lon="139.141932"><ele>200.0</ele></trkpt>
      <trkpt lat="35.583633" lon="139.141921"><ele>200.0</ele></trkpt>
      <trkpt lat="35.583527" lon="139.141933"><ele>200.0</ele></trkpt>
      <trkpt lat="35.583454" lon="139.141954"><ele>200.0</ele></trkpt>
      <trkpt lat="35.583433" lon="139.141907"><ele>200.0</ele></trkpt>
      <trkpt lat="35.583405" lon="139.141873"><ele>200.0</ele></trkpt>
      <trkpt lat="35.583338" lon="139.141822"><ele>200.0</ele></trkpt>
      <trkpt lat="35.583252" lon="139.141756"><ele>200.0</ele></trkpt>
      <trkpt lat="35.583201" lon="139.141705"><ele>200.0</ele></trkpt>
      <trkpt lat="35.583144" lon="139.141621"><ele>200.0</ele></trkpt>
      <trkpt lat="35.583081" lon="139.141478"><ele>200.0</ele></trkpt>
      <trkpt lat="35.583053" lon="139.141409"><ele>200.0</ele></trkpt>
      <trkpt lat="35.583053" lon="139.141351"><ele>200.0</ele></trkpt>
      <trkpt lat="35.583073" lon="139.141282"><ele>200.0</ele></trkpt>
      <trkpt lat="35.583148" lon="139.141098"><ele>200.0</ele></trkpt>
      <trkpt lat="35.583246" lon="139.140858"><ele>200.0</ele></trkpt>
      <trkpt lat="35.583329" lon="139.140697"><ele>200.0</ele></trkpt>
      <trkpt lat="35.583347" lon="139.140663"><ele>200.0</ele></trkpt>
      <trkpt lat="35.583377" lon="139.140607"><ele>200.0</ele></trkpt>
      <trkpt lat="35.583497" lon="139.140404"><ele>200.0</ele></trkpt>
      <trkpt lat="35.583558" lon="139.140315"><ele>200.0</ele></trkpt>
      <trkpt lat="35.583601" lon="139.140269"><ele>200.0</ele></trkpt>
      <trkpt lat="35.58365" lon="139.140239"><ele>200.0</ele></trkpt>
      <trkpt lat="35.583694" lon="139.140224"><ele>200.0</ele></trkpt>
      <trkpt lat="35.583738" lon="139.140217"><ele>200.0</ele></trkpt>
      <trkpt lat="35.583798" lon="139.140221"><ele>200.0</ele></trkpt>
      <trkpt lat="35.583857" lon="139.140233"><ele>200.0</ele></trkpt>
      <trkpt lat="35.583918" lon="139.140243"><ele>200.0</ele></trkpt>
      <trkpt lat="35.583991" lon="139.140248"><ele>200.0</ele></trkpt>
      <trkpt lat="35.584059" lon="139.140239"><ele>200.0</ele></trkpt>
      <trkpt lat="35.584134" lon="139.140212"><ele>200.0</ele></trkpt>
      <trkpt lat="35.584192" lon="139.140163"><ele>200.0</ele></trkpt>
      <trkpt lat="35.58426" lon="139.140077"><ele>200.0</ele></trkpt>
      <trkpt lat="35.584295" lon="139.140028"><ele>200.0</ele></trkpt>
      <trkpt lat="35.584323" lon="139.139966"><ele>200.0</ele></trkpt>
      <trkpt lat="35.584388" lon="139.139778"><ele>200.0</ele></trkpt>
      <trkpt lat="35.584441" lon="139.1396"><ele>200.0</ele></trkpt>
      <trkpt lat="35.584484" lon="139.139505"><ele>200.0</ele></trkpt>
      <trkpt lat="35.584528" lon="139.139459"><ele>200.0</ele></trkpt>
      <trkpt lat="35.584571" lon="139.139428"><ele>200.0</ele></trkpt>
      <trkpt lat="35.584913" lon="139.139262"><ele>200.0</ele></trkpt>
      <trkpt lat="35.584952" lon="139.139237"><ele>200.0</ele></trkpt>
      <trkpt lat="35.584996" lon="139.139195"><ele>200.0</ele></trkpt>
      <trkpt lat="35.585047" lon="139.139133"><ele>200.0</ele></trkpt>
      <trkpt lat="35.585089" lon="139.139062"><ele>200.0</ele></trkpt>
      <trkpt lat="35.585134" lon="139.138957"><ele>200.0</ele></trkpt>
      <trkpt lat="35.585173" lon="139.138859"><ele>200.0</ele></trkpt>
      <trkpt lat="35.58521" lon="139.138799"><ele>200.0</ele></trkpt>
      <trkpt lat="35.585247" lon="139.138766"><ele>200.0</ele></trkpt>
      <trkpt lat="35.585374" lon="139.138715"><ele>200.0</ele></trkpt>
      <trkpt lat="35.58545" lon="139.138681"><ele>200.0</ele></trkpt>
      <trkpt lat="35.585518" lon="139.138626"><ele>200.0</ele></trkpt>
      <trkpt lat="35.585575" lon="139.13856"><ele>200.0</ele></trkpt>
      <trkpt lat="35.585658" lon="139.138462"><ele>200.0</ele></trkpt>
      <trkpt lat="35.585707" lon="139.138414"><ele>200.0</ele></trkpt>
      <trkpt lat="35.585742" lon="139.13839"><ele>200.0</ele></trkpt>
      <trkpt lat="35.585787" lon="139.138364"><ele>200.0</ele></trkpt>
      <trkpt lat="35.585963" lon="139.138289"><ele>200.0</ele></trkpt>
      <trkpt lat="35.586007" lon="139.138247"><ele>200.0</ele></trkpt>
      <trkpt lat="35.586042" lon="139.13819"><ele>200.0</ele></trkpt>
      <trkpt lat="35.58606" lon="139.138119"><ele>200.0</ele></trkpt>
      <trkpt lat="35.586061" lon="139.138052"><ele>200.0</ele></trkpt>
      <trkpt lat="35.586047" lon="139.137976"><ele>200.0</ele></trkpt>
      <trkpt lat="35.586014" lon="139.137914"><ele>200.0</ele></trkpt>
      <trkpt lat="35.585935" lon="139.137802"><ele>200.0</ele></trkpt>
      <trkpt lat="35.585897" lon="139.137757"><ele>200.0</ele></trkpt>
      <trkpt lat="35.585846" lon="139.137695"><ele>200.0</ele></trkpt>
      <trkpt lat="35.585728" lon="139.137518"><ele>200.0</ele></trkpt>
      <trkpt lat="35.585711" lon="139.137485"><ele>200.0</ele></trkpt>
      <trkpt lat="35.585689" lon="139.137411"><ele>200.0</ele></trkpt>
      <trkpt lat="35.585679" lon="139.137348"><ele>200.0</ele></trkpt>
      <trkpt lat="35.585673" lon="139.137277"><ele>200.0</ele></trkpt>
      <trkpt lat="35.585675" lon="139.137216"><ele>200.0</ele></trkpt>
      <trkpt lat="35.585695" lon="139.13715"><ele>200.0</ele></trkpt>
      <trkpt lat="35.585723" lon="139.137093"><ele>200.0</ele></trkpt>
      <trkpt lat="35.585777" lon="139.137"><ele>200.0</ele></trkpt>
      <trkpt lat="35.586075" lon="139.136549"><ele>200.0</ele></trkpt>
      <trkpt lat="35.586112" lon="139.136485"><ele>200.0</ele></trkpt>
      <trkpt lat="35.586152" lon="139.1364"><ele>200.0</ele></trkpt>
      <trkpt lat="35.586166" lon="139.136346"><ele>200.0</ele></trkpt>
      <trkpt lat="35.586169" lon="139.136288"><ele>200.0</ele></trkpt>
      <trkpt lat="35.586162" lon="139.136204"><ele>200.0</ele></trkpt>
      <trkpt lat="35.58615" lon="139.136128"><ele>200.0</ele></trkpt>
      <trkpt lat="35.58606" lon="139.135736"><ele>200.0</ele></trkpt>
      <trkpt lat="35.585991" lon="139.135443"><ele>200.0</ele></trkpt>
      <trkpt lat="35.585947" lon="139.135282"><ele>200.0</ele></trkpt>
      <trkpt lat="35.585877" lon="139.135068"><ele>200.0</ele></trkpt>
      <trkpt lat="35.585795" lon="139.134903"><ele>200.0</ele></trkpt>
      <trkpt lat="35.585533" lon="139.134468"><ele>200.0</ele></trkpt>
      <trkpt lat="35.585392" lon="139.134208"><ele>200.0</ele></trkpt>
      <trkpt lat="35.585281" lon="139.133981"><ele>200.0</ele></trkpt>
      <trkpt lat="35.585225" lon="139.133875"><ele>200.0</ele></trkpt>
      <trkpt lat="35.585199" lon="139.133832"><ele>200.0</ele></trkpt>
      <trkpt lat="35.585169" lon="139.133803"><ele>200.0</ele></trkpt>
      <trkpt lat="35.585136" lon="139.133781"><ele>200.0</ele></trkpt>
      <trkpt lat="35.58505" lon="139.133754"><ele>200.0</ele></trkpt>
      <trkpt lat="35.58492" lon="139.133719"><ele>200.0</ele></trkpt>
      <trkpt lat="35.584884" lon="139.133705"><ele>200.0</ele></trkpt>
      <trkpt lat="35.584855" lon="139.133687"><ele>200.0</ele></trkpt>
      <trkpt lat="35.584824" lon="139.133655"><ele>200.0</ele></trkpt>
      <trkpt lat="35.584806" lon="139.133614"><ele>200.0</ele></trkpt>
      <trkpt lat="35.584803" lon="139.133555"><ele>200.0</ele></trkpt>
      <trkpt lat="35.58481" lon="139.133497"><ele>200.0</ele></trkpt>
      <trkpt lat="35.584821" lon="139.133438"><ele>200.0</ele></trkpt>
      <trkpt lat="35.584825" lon="139.133388"><ele>200.0</ele></trkpt>
      <trkpt lat="35.584818" lon="139.133328"><ele>200.0</ele></trkpt>
      <trkpt lat="35.584799" lon="139.13328"><ele>200.0</ele></trkpt>
      <trkpt lat="35.584755" lon="139.133208"><ele>200.0</ele></trkpt>
      <trkpt lat="35.584687" lon="139.133126"><ele>200.0</ele></trkpt>
      <trkpt lat="35.584611" lon="139.133031"><ele>200.0</ele></trkpt>
      <trkpt lat="35.584588" lon="139.132994"><ele>200.0</ele></trkpt>
      <trkpt lat="35.584575" lon="139.132955"><ele>200.0</ele></trkpt>
      <trkpt lat="35.58457" lon="139.132916"><ele>200.0</ele></trkpt>
      <trkpt lat="35.584575" lon="139.132867"><ele>200.0</ele></trkpt>
      <trkpt lat="35.584612" lon="139.132716"><ele>200.0</ele></trkpt>
      <trkpt lat="35.584632" lon="139.132553"><ele>200.0</ele></trkpt>
      <trkpt lat="35.584635" lon="139.132415"><ele>200.0</ele></trkpt>
      <trkpt lat="35.584624" lon="139.132292"><ele>200.0</ele></trkpt>
      <trkpt lat="35.584596" lon="139.132134"><ele>200.0</ele></trkpt>
      <trkpt lat="35.584577" lon="139.132031"><ele>200.0</ele></trkpt>
      <trkpt lat="35.584572" lon="139.131909"><ele>200.0</ele></trkpt>
      <trkpt lat="35.584594" lon="139.131623"><ele>200.0</ele></trkpt>
      <trkpt lat="35.584596" lon="139.131503"><ele>200.0</ele></trkpt>
      <trkpt lat="35.584587" lon="139.131441"><ele>200.0</ele></trkpt>
      <trkpt lat="35.584573" lon="139.131382"><ele>200.0</ele></trkpt>
      <trkpt lat="35.584538" lon="139.131267"><ele>200.0</ele></trkpt>
      <trkpt lat="35.5845" lon="139.131161"><ele>200.0</ele></trkpt>
      <trkpt lat="35.584496" lon="139.131122"><ele>200.0</ele></trkpt>
      <trkpt lat="35.584497" lon="139.131076"><ele>200.0</ele></trkpt>
      <trkpt lat="35.584521" lon="139.131021"><ele>200.0</ele></trkpt>
      <trkpt lat="35.584551" lon="139.130997"><ele>200.0</ele></trkpt>
      <trkpt lat="35.584594" lon="139.130987"><ele>200.0</ele></trkpt>
      <trkpt lat="35.584635" lon="139.130996"><ele>200.0</ele></trkpt>
      <trkpt lat="35.584712" lon="139.131023"><ele>200.0</ele></trkpt>
      <trkpt lat="35.584826" lon="139.131064"><ele>200.0</ele></trkpt>
      <trkpt lat="35.585061" lon="139.131128"><ele>200.0</ele></trkpt>
      <trkpt lat="35.585105" lon="139.131134"><ele>200.0</ele></trkpt>
      <trkpt lat="35.585154" lon="139.131113"><ele>200.0</ele></trkpt>
      <trkpt lat="35.585205" lon="139.131075"><ele>200.0</ele></trkpt>
      <trkpt lat="35.585264" lon="139.131006"><ele>200.0</ele></trkpt>
      <trkpt lat="35.585375" lon="139.130879"><ele>200.0</ele></trkpt>
      <trkpt lat="35.585509" lon="139.130705"><ele>200.0</ele></trkpt>
      <trkpt lat="35.585541" lon="139.130652"><ele>200.0</ele></trkpt>
      <trkpt lat="35.585561" lon="139.130606"><ele>200.0</ele></trkpt>
      <trkpt lat="35.585574" lon="139.130545"><ele>200.0</ele></trkpt>
      <trkpt lat="35.585569" lon="139.130497"><ele>200.0</ele></trkpt>
      <trkpt lat="35.585553" lon="139.130448"><ele>200.0</ele></trkpt>
      <trkpt lat="35.585519" lon="139.130392"><ele>200.0</ele></trkpt>
      <trkpt lat="35.585476" lon="139.130346"><ele>200.0</ele></trkpt>
      <trkpt lat="35.585331" lon="139.130188"><ele>200.0</ele></trkpt>
      <trkpt lat="35.585254" lon="139.13012"><ele>200.0</ele></trkpt>
      <trkpt lat="35.585184" lon="139.13006"><ele>200.0</ele></trkpt>
      <trkpt lat="35.585138" lon="139.130025"><ele>200.0</ele></trkpt>
      <trkpt lat="35.585078" lon="139.12997"><ele>200.0</ele></trkpt>
      <trkpt lat="35.585023" lon="139.129922"><ele>200.0</ele></trkpt>
      <trkpt lat="35.584923" lon="139.129813"><ele>200.0</ele></trkpt>
      <trkpt lat="35.584869" lon="139.129756"><ele>200.0</ele></trkpt>
      <trkpt lat="35.584808" lon="139.12971"><ele>200.0</ele></trkpt>
      <trkpt lat="35.584742" lon="139.129682"><ele>200.0</ele></trkpt>
      <trkpt lat="35.584571" lon="139.129617"><ele>200.0</ele></trkpt>
      <trkpt lat="35.58452" lon="139.129593"><ele>200.0</ele></trkpt>
      <trkpt lat="35.584385" lon="139.129504"><ele>200.0</ele></trkpt>
      <trkpt lat="35.584338" lon="139.129466"><ele>200.0</ele></trkpt>
      <trkpt lat="35.584295" lon="139.129421"><ele>200.0</ele></trkpt>
      <trkpt lat="35.584275" lon="139.129391"><ele>200.0</ele></trkpt>
      <trkpt lat="35.584262" lon="139.129358"><ele>200.0</ele></trkpt>
      <trkpt lat="35.584255" lon="139.129312"><ele>200.0</ele></trkpt>
      <trkpt lat="35.584251" lon="139.129254"><ele>200.0</ele></trkpt>
      <trkpt lat="35.584262" lon="139.129161"><ele>200.0</ele></trkpt>
      <trkpt lat="35.584328" lon="139.128946"><ele>200.0</ele></trkpt>
      <trkpt lat="35.584356" lon="139.128841"><ele>200.0</ele></trkpt>
      <trkpt lat="35.584384" lon="139.128719"><ele>200.0</ele></trkpt>
      <trkpt lat="35.58439" lon="139.128642"><ele>200.0</ele></trkpt>
      <trkpt lat="35.584385" lon="139.128579"><ele>200.0</ele></trkpt>
      <trkpt lat="35.584367" lon="139.12845"><ele>200.0</ele></trkpt>
      <trkpt lat="35.584339" lon="139.12831"><ele>200.0</ele></trkpt>
      <trkpt lat="35.584325" lon="139.128211"><ele>200.0</ele></trkpt>
      <trkpt lat="35.584334" lon="139.128143"><ele>200.0</ele></trkpt>
      <trkpt lat="35.584358" lon="139.128088"><ele>200.0</ele></trkpt>
      <trkpt lat="35.584394" lon="139.128043"><ele>200.0</ele></trkpt>
      <trkpt lat="35.584442" lon="139.128002"><ele>200.0</ele></trkpt>
      <trkpt lat="35.584494" lon="139.12797"><ele>200.0</ele></trkpt>
      <trkpt lat="35.584625" lon="139.127896"><ele>200.0</ele></trkpt>
      <trkpt lat="35.584787" lon="139.127815"><ele>200.0</ele></trkpt>
      <trkpt lat="35.58491" lon="139.127769"><ele>200.0</ele></trkpt>
      <trkpt lat="35.584995" lon="139.12774"><ele>200.0</ele></trkpt>
      <trkpt lat="35.585118" lon="139.127721"><ele>200.0</ele></trkpt>
      <trkpt lat="35.585183" lon="139.127707"><ele>200.0</ele></trkpt>
      <trkpt lat="35.58524" lon="139.127692"><ele>200.0</ele></trkpt>
      <trkpt lat="35.585304" lon="139.127659"><ele>200.0</ele></trkpt>
      <trkpt lat="35.585281" lon="139.127598"><ele>200.0</ele></trkpt>
      <trkpt lat="35.58526" lon="139.127536"><ele>200.0</ele></trkpt>
      <trkpt lat="35.585172" lon="139.127318"><ele>200.0</ele></trkpt>
      <trkpt lat="35.585145" lon="139.127232"><ele>200.0</ele></trkpt>
      <trkpt lat="35.585135" lon="139.12714"><ele>200.0</ele></trkpt>
      <trkpt lat="35.585131" lon="139.127037"><ele>200.0</ele></trkpt>
      <trkpt lat="35.58512" lon="139.126869"><ele>200.0</ele></trkpt>
      <trkpt lat="35.585094" lon="139.126761"><ele>200.0</ele></trkpt>
      <trkpt lat="35.585049" lon="139.12664"><ele>200.0</ele></trkpt>
      <trkpt lat="35.584995" lon="139.126487"><ele>200.0</ele></trkpt>
      <trkpt lat="35.584962" lon="139.126386"><ele>200.0</ele></trkpt>
      <trkpt lat="35.584929" lon="139.126316"><ele>200.0</ele></trkpt>
      <trkpt lat="35.584892" lon="139.126271"><ele>200.0</ele></trkpt>
      <trkpt lat="35.584845" lon="139.126226"><ele>200.0</ele></trkpt>
      <trkpt lat="35.584765" lon="139.126134"><ele>200.0</ele></trkpt>
      <trkpt lat="35.584734" lon="139.126074"><ele>200.0</ele></trkpt>
      <trkpt lat="35.584729" lon="139.126028"><ele>200.0</ele></trkpt>
      <trkpt lat="35.584738" lon="139.125979"><ele>200.0</ele></trkpt>
      <trkpt lat="35.584755" lon="139.125941"><ele>200.0</ele></trkpt>
      <trkpt lat="35.584792" lon="139.125874"><ele>200.0</ele></trkpt>
      <trkpt lat="35.584823" lon="139.125835"><ele>200.0</ele></trkpt>
      <trkpt lat="35.584874" lon="139.125783"><ele>200.0</ele></trkpt>
      <trkpt lat="35.584904" lon="139.125727"><ele>200.0</ele></trkpt>
      <trkpt lat="35.584917" lon="139.125677"><ele>200.0</ele></trkpt>
      <trkpt lat="35.584904" lon="139.125618"><ele>200.0</ele></trkpt>
      <trkpt lat="35.584875" lon="139.125581"><ele>200.0</ele></trkpt>
      <trkpt lat="35.584836" lon="139.125552"><ele>200.0</ele></trkpt>
      <trkpt lat="35.584799" lon="139.125542"><ele>200.0</ele></trkpt>
      <trkpt lat="35.584754" lon="139.125548"><ele>200.0</ele></trkpt>
      <trkpt lat="35.584694" lon="139.125565"><ele>200.0</ele></trkpt>
      <trkpt lat="35.584615" lon="139.125613"><ele>200.0</ele></trkpt>
      <trkpt lat="35.584524" lon="139.125683"><ele>200.0</ele></trkpt>
      <trkpt lat="35.584408" lon="139.125774"><ele>200.0</ele></trkpt>
      <trkpt lat="35.584346" lon="139.125814"><ele>200.0</ele></trkpt>
      <trkpt lat="35.58428" lon="139.125843"><ele>200.0</ele></trkpt>
      <trkpt lat="35.584219" lon="139.12585"><ele>200.0</ele></trkpt>
      <trkpt lat="35.584004" lon="139.125843"><ele>200.0</ele></trkpt>
      <trkpt lat="35.583931" lon="139.125839"><ele>200.0</ele></trkpt>
      <trkpt lat="35.583868" lon="139.12581"><ele>200.0</ele></trkpt>
      <trkpt lat="35.583815" lon="139.125756"><ele>200.0</ele></trkpt>
      <trkpt lat="35.583777" lon="139.125669"><ele>200.0</ele></trkpt>
      <trkpt lat="35.583746" lon="139.125545"><ele>200.0</ele></trkpt>
      <trkpt lat="35.58373" lon="139.125456"><ele>200.0</ele></trkpt>
      <trkpt lat="35.583693" lon="139.125353"><ele>200.0</ele></trkpt>
      <trkpt lat="35.583657" lon="139.125285"><ele>200.0</ele></trkpt>
      <trkpt lat="35.583594" lon="139.125182"><ele>200.0</ele></trkpt>
      <trkpt lat="35.583528" lon="139.125043"><ele>200.0</ele></trkpt>
      <trkpt lat="35.583471" lon="139.12492"><ele>200.0</ele></trkpt>
      <trkpt lat="35.583422" lon="139.124753"><ele>200.0</ele></trkpt>
      <trkpt lat="35.58338" lon="139.124575"><ele>200.0</ele></trkpt>
      <trkpt lat="35.583341" lon="139.124326"><ele>200.0</ele></trkpt>
      <trkpt lat="35.583312" lon="139.124232"><ele>200.0</ele></trkpt>
      <trkpt lat="35.583273" lon="139.124161"><ele>200.0</ele></trkpt>
      <trkpt lat="35.583216" lon="139.124104"><ele>200.0</ele></trkpt>
      <trkpt lat="35.583163" lon="139.124059"><ele>200.0</ele></trkpt>
      <trkpt lat="35.58301" lon="139.123952"><ele>200.0</ele></trkpt>
      <trkpt lat="35.582922" lon="139.12389"><ele>200.0</ele></trkpt>
      <trkpt lat="35.582825" lon="139.123809"><ele>200.0</ele></trkpt>
      <trkpt lat="35.582702" lon="139.12366"><ele>200.0</ele></trkpt>
      <trkpt lat="35.582566" lon="139.123492"><ele>200.0</ele></trkpt>
      <trkpt lat="35.582485" lon="139.123393"><ele>200.0</ele></trkpt>
      <trkpt lat="35.58242" lon="139.123292"><ele>200.0</ele></trkpt>
      <trkpt lat="35.582403" lon="139.12326"><ele>200.0</ele></trkpt>
      <trkpt lat="35.582364" lon="139.123187"><ele>200.0</ele></trkpt>
      <trkpt lat="35.582318" lon="139.123077"><ele>200.0</ele></trkpt>
      <trkpt lat="35.582293" lon="139.122966"><ele>200.0</ele></trkpt>
      <trkpt lat="35.582285" lon="139.12284"><ele>200.0</ele></trkpt>
      <trkpt lat="35.582294" lon="139.122715"><ele>200.0</ele></trkpt>
      <trkpt lat="35.582311" lon="139.122584"><ele>200.0</ele></trkpt>
      <trkpt lat="35.582338" lon="139.122466"><ele>200.0</ele></trkpt>
      <trkpt lat="35.582373" lon="139.122272"><ele>200.0</ele></trkpt>
      <trkpt lat="35.582397" lon="139.122021"><ele>200.0</ele></trkpt>
      <trkpt lat="35.582403" lon="139.121845"><ele>200.0</ele></trkpt>
      <trkpt lat="35.58239" lon="139.121607"><ele>200.0</ele></trkpt>
      <trkpt lat="35.582377" lon="139.121453"><ele>200.0</ele></trkpt>
      <trkpt lat="35.582376" lon="139.121348"><ele>200.0</ele></trkpt>
      <trkpt lat="35.582377" lon="139.121199"><ele>200.0</ele></trkpt>
      <trkpt lat="35.582377" lon="139.121159"><ele>200.0</ele></trkpt>
      <trkpt lat="35.582386" lon="139.120892"><ele>200.0</ele></trkpt>
      <trkpt lat="35.582409" lon="139.120628"><ele>200.0</ele></trkpt>
      <trkpt lat="35.58243" lon="139.120361"><ele>200.0</ele></trkpt>
      <trkpt lat="35.582456" lon="139.120078"><ele>200.0</ele></trkpt>
      <trkpt lat="35.582476" lon="139.119846"><ele>200.0</ele></trkpt>
      <trkpt lat="35.582513" lon="139.11933"><ele>200.0</ele></trkpt>
      <trkpt lat="35.582534" lon="139.119132"><ele>200.0</ele></trkpt>
      <trkpt lat="35.582554" lon="139.118938"><ele>200.0</ele></trkpt>
      <trkpt lat="35.582586" lon="139.118723"><ele>200.0</ele></trkpt>
      <trkpt lat="35.582627" lon="139.118575"><ele>200.0</ele></trkpt>
      <trkpt lat="35.582662" lon="139.118471"><ele>200.0</ele></trkpt>
      <trkpt lat="35.582697" lon="139.118375"><ele>200.0</ele></trkpt>
      <trkpt lat="35.582735" lon="139.118289"><ele>200.0</ele></trkpt>
      <trkpt lat="35.582778" lon="139.118206"><ele>200.0</ele></trkpt>
      <trkpt lat="35.582885" lon="139.117994"><ele>200.0</ele></trkpt>
      <trkpt lat="35.583027" lon="139.117717"><ele>200.0</ele></trkpt>
      <trkpt lat="35.58306" lon="139.117632"><ele>200.0</ele></trkpt>
      <trkpt lat="35.583094" lon="139.117526"><ele>200.0</ele></trkpt>
      <trkpt lat="35.583116" lon="139.117404"><ele>200.0</ele></trkpt>
      <trkpt lat="35.583119" lon="139.117302"><ele>200.0</ele></trkpt>
      <trkpt lat="35.583109" lon="139.117191"><ele>200.0</ele></trkpt>
      <trkpt lat="35.583087" lon="139.117073"><ele>200.0</ele></trkpt>
      <trkpt lat="35.583049" lon="139.116959"><ele>200.0</ele></trkpt>
      <trkpt lat="35.58287" lon="139.116501"><ele>200.0</ele></trkpt>
      <trkpt lat="35.582774" lon="139.11626"><ele>200.0</ele></trkpt>
      <trkpt lat="35.582714" lon="139.116108"><ele>200.0</ele></trkpt>
      <trkpt lat="35.582631" lon="139.115959"><ele>200.0</ele></trkpt>
      <trkpt lat="35.582535" lon="139.115832"><ele>200.0</ele></trkpt>
      <trkpt lat="35.582377" lon="139.115691"><ele>200.0</ele></trkpt>
      <trkpt lat="35.582174" lon="139.1155"><ele>200.0</ele></trkpt>
      <trkpt lat="35.582072" lon="139.115405"><ele>200.0</ele></trkpt>
      <trkpt lat="35.581982" lon="139.115283"><ele>200.0</ele></trkpt>
      <trkpt lat="35.581976" lon="139.115127"><ele>200.0</ele></trkpt>
      <trkpt lat="35.581915" lon="139.11481"><ele>200.0</ele></trkpt>
      <trkpt lat="35.581921" lon="139.114783"><ele>200.0</ele></trkpt>
      <trkpt lat="35.582015" lon="139.114651"><ele>200.0</ele></trkpt>
      <trkpt lat="35.582142" lon="139.114515"><ele>200.0</ele></trkpt>
      <trkpt lat="35.582314" lon="139.114281"><ele>200.0</ele></trkpt>
      <trkpt lat="35.582404" lon="139.113947"><ele>200.0</ele></trkpt>
      <trkpt lat="35.582496" lon="139.113735"><ele>200.0</ele></trkpt>
      <trkpt lat="35.582666" lon="139.113576"><ele>200.0</ele></trkpt>
      <trkpt lat="35.582833" lon="139.113495"><ele>200.0</ele></trkpt>
      <trkpt lat="35.583038" lon="139.113404"><ele>200.0</ele></trkpt>
      <trkpt lat="35.58323" lon="139.113353"><ele>200.0</ele></trkpt>
      <trkpt lat="35.583537" lon="139.113285"><ele>200.0</ele></trkpt>
      <trkpt lat="35.583817" lon="139.113353"><ele>200.0</ele></trkpt>
      <trkpt lat="35.58595" lon="139.112577"><ele>200.0</ele></trkpt>
      <trkpt lat="35.586046" lon="139.11253"><ele>200.0</ele></trkpt>
      <trkpt lat="35.586167" lon="139.112449"><ele>200.0</ele></trkpt>
      <trkpt lat="35.586233" lon="139.112389"><ele>200.0</ele></trkpt>
      <trkpt lat="35.586167" lon="139.112449"><ele>200.0</ele></trkpt>
      <trkpt lat="35.586046" lon="139.11253"><ele>200.0</ele></trkpt>
      <trkpt lat="35.58595" lon="139.112577"><ele>200.0</ele></trkpt>
      <trkpt lat="35.583817" lon="139.113353"><ele>200.0</ele></trkpt>
      <trkpt lat="35.583537" lon="139.113285"><ele>200.0</ele></trkpt>
      <trkpt lat="35.58323" lon="139.113353"><ele>200.0</ele></trkpt>
      <trkpt lat="35.583038" lon="139.113404"><ele>200.0</ele></trkpt>
      <trkpt lat="35.582833" lon="139.113495"><ele>200.0</ele></trkpt>
      <trkpt lat="35.582666" lon="139.113576"><ele>200.0</ele></trkpt>
      <trkpt lat="35.582496" lon="139.113735"><ele>200.0</ele></trkpt>
      <trkpt lat="35.582404" lon="139.113947"><ele>200.0</ele></trkpt>
      <trkpt lat="35.582314" lon="139.114281"><ele>200.0</ele></trkpt>
      <trkpt lat="35.582142" lon="139.114515"><ele>200.0</ele></trkpt>
      <trkpt lat="35.582015" lon="139.114651"><ele>200.0</ele></trkpt>
      <trkpt lat="35.581921" lon="139.114783"><ele>200.0</ele></trkpt>
      <trkpt lat="35.581915" lon="139.11481"><ele>200.0</ele></trkpt>
      <trkpt lat="35.581976" lon="139.115127"><ele>200.0</ele></trkpt>
      <trkpt lat="35.581982" lon="139.115283"><ele>200.0</ele></trkpt>
      <trkpt lat="35.581897" lon="139.115146"><ele>200.0</ele></trkpt>
      <trkpt lat="35.581835" lon="139.115009"><ele>200.0</ele></trkpt>
      <trkpt lat="35.581785" lon="139.114846"><ele>200.0</ele></trkpt>
      <trkpt lat="35.581602" lon="139.114178"><ele>200.0</ele></trkpt>
      <trkpt lat="35.581563" lon="139.113998"><ele>200.0</ele></trkpt>
      <trkpt lat="35.581527" lon="139.113814"><ele>200.0</ele></trkpt>
      <trkpt lat="35.581516" lon="139.113619"><ele>200.0</ele></trkpt>
      <trkpt lat="35.581518" lon="139.113409"><ele>200.0</ele></trkpt>
      <trkpt lat="35.581537" lon="139.113016"><ele>200.0</ele></trkpt>
      <trkpt lat="35.581559" lon="139.112548"><ele>200.0</ele></trkpt>
      <trkpt lat="35.581557" lon="139.112449"><ele>200.0</ele></trkpt>
      <trkpt lat="35.581541" lon="139.112387"><ele>200.0</ele></trkpt>
      <trkpt lat="35.581527" lon="139.112332"><ele>200.0</ele></trkpt>
      <trkpt lat="35.581504" lon="139.112266"><ele>200.0</ele></trkpt>
      <trkpt lat="35.581481" lon="139.112201"><ele>200.0</ele></trkpt>
      <trkpt lat="35.581432" lon="139.112089"><ele>200.0</ele></trkpt>
      <trkpt lat="35.581389" lon="139.111967"><ele>200.0</ele></trkpt>
      <trkpt lat="35.581371" lon="139.111882"><ele>200.0</ele></trkpt>
      <trkpt lat="35.581364" lon="139.111869"><ele>200.0</ele></trkpt>
      <trkpt lat="35.581345" lon="139.111642"><ele>200.0</ele></trkpt>
      <trkpt lat="35.581313" lon="139.111377"><ele>200.0</ele></trkpt>
      <trkpt lat="35.581272" lon="139.110956"><ele>200.0</ele></trkpt>
      <trkpt lat="35.581241" lon="139.110691"><ele>200.0</ele></trkpt>
      <trkpt lat="35.581228" lon="139.110583"><ele>200.0</ele></trkpt>
      <trkpt lat="35.581222" lon="139.110388"><ele>200.0</ele></trkpt>
      <trkpt lat="35.581229" lon="139.110369"><ele>200.0</ele></trkpt>
      <trkpt lat="35.581258" lon="139.110278"><ele>200.0</ele></trkpt>
      <trkpt lat="35.581321" lon="139.11018"><ele>200.0</ele></trkpt>
      <trkpt lat="35.581412" lon="139.110088"><ele>200.0</ele></trkpt>
      <trkpt lat="35.581489" lon="139.110003"><ele>200.0</ele></trkpt>
      <trkpt lat="35.581537" lon="139.109933"><ele>200.0</ele></trkpt>
      <trkpt lat="35.581549" lon="139.109912"><ele>200.0</ele></trkpt>
      <trkpt lat="35.581574" lon="139.109871"><ele>200.0</ele></trkpt>
      <trkpt lat="35.581633" lon="139.10975"><ele>200.0</ele></trkpt>
      <trkpt lat="35.581674" lon="139.109625"><ele>200.0</ele></trkpt>
      <trkpt lat="35.581727" lon="139.109445"><ele>200.0</ele></trkpt>
      <trkpt lat="35.581786" lon="139.109174"><ele>200.0</ele></trkpt>
      <trkpt lat="35.581815" lon="139.109001"><ele>200.0</ele></trkpt>
      <trkpt lat="35.58183" lon="139.108823"><ele>200.0</ele></trkpt>
      <trkpt lat="35.581831" lon="139.108645"><ele>200.0</ele></trkpt>
      <trkpt lat="35.581814" lon="139.108422"><ele>200.0</ele></trkpt>
      <trkpt lat="35.581812" lon="139.108399"><ele>200.0</ele></trkpt>
      <trkpt lat="35.581784" lon="139.108184"><ele>200.0</ele></trkpt>
      <trkpt lat="35.58176" lon="139.108072"><ele>200.0</ele></trkpt>
      <trkpt lat="35.581741" lon="139.108004"><ele>200.0</ele></trkpt>
      <trkpt lat="35.581718" lon="139.107936"><ele>200.0</ele></trkpt>
      <trkpt lat="35.581674" lon="139.107818"><ele>200.0</ele></trkpt>
      <trkpt lat="35.581623" lon="139.10769"><ele>200.0</ele></trkpt>
      <trkpt lat="35.58157" lon="139.107601"><ele>200.0</ele></trkpt>
      <trkpt lat="35.581517" lon="139.107508"><ele>200.0</ele></trkpt>
      <trkpt lat="35.581418" lon="139.107343"><ele>200.0</ele></trkpt>
      <trkpt lat="35.581209" lon="139.107068"><ele>200.0</ele></trkpt>
      <trkpt lat="35.581094" lon="139.106908"><ele>200.0</ele></trkpt>
      <trkpt lat="35.580902" lon="139.106639"><ele>200.0</ele></trkpt>
      <trkpt lat="35.580742" lon="139.106423"><ele>200.0</ele></trkpt>
      <trkpt lat="35.580689" lon="139.106328"><ele>200.0</ele></trkpt>
      <trkpt lat="35.58065" lon="139.106231"><ele>200.0</ele></trkpt>
      <trkpt lat="35.580638" lon="139.106161"><ele>200.0</ele></trkpt>
      <trkpt lat="35.580653" lon="139.106088"><ele>200.0</ele></trkpt>
      <trkpt lat="35.580662" lon="139.106033"><ele>200.0</ele></trkpt>
      <trkpt lat="35.580698" lon="139.105968"><ele>200.0</ele></trkpt>
      <trkpt lat="35.580772" lon="139.105874"><ele>200.0</ele></trkpt>
      <trkpt lat="35.580809" lon="139.105818"><ele>200.0</ele></trkpt>
      <trkpt lat="35.580839" lon="139.105741"><ele>200.0</ele></trkpt>
      <trkpt lat="35.58085" lon="139.105647"><ele>200.0</ele></trkpt>
      <trkpt lat="35.580848" lon="139.105592"><ele>200.0</ele></trkpt>
      <trkpt lat="35.580827" lon="139.10553"><ele>200.0</ele></trkpt>
      <trkpt lat="35.580794" lon="139.105469"><ele>200.0</ele></trkpt>
      <trkpt lat="35.580733" lon="139.105329"><ele>200.0</ele></trkpt>
      <trkpt lat="35.580692" lon="139.10519"><ele>200.0</ele></trkpt>
      <trkpt lat="35.580684" lon="139.104947"><ele>200.0</ele></trkpt>
      <trkpt lat="35.580695" lon="139.10485"><ele>200.0</ele></trkpt>
      <trkpt lat="35.580701" lon="139.104761"><ele>200.0</ele></trkpt>
      <trkpt lat="35.580704" lon="139.104687"><ele>200.0</ele></trkpt>
      <trkpt lat="35.58069" lon="139.104628"><ele>200.0</ele></trkpt>
      <trkpt lat="35.580671" lon="139.104562"><ele>200.0</ele></trkpt>
      <trkpt lat="35.580627" lon="139.104511"><ele>200.0</ele></trkpt>
      <trkpt lat="35.580578" lon="139.104458"><ele>200.0</ele></trkpt>
      <trkpt lat="35.580486" lon="139.10441"><ele>200.0</ele></trkpt>
      <trkpt lat="35.580399" lon="139.104365"><ele>200.0</ele></trkpt>
      <trkpt lat="35.580259" lon="139.104287"><ele>200.0</ele></trkpt>
      <trkpt lat="35.580157" lon="139.104181"><ele>200.0</ele></trkpt>
      <trkpt lat="35.580106" lon="139.104018"><ele>200.0</ele></trkpt>
      <trkpt lat="35.580058" lon="139.103772"><ele>200.0</ele></trkpt>
      <trkpt lat="35.580016" lon="139.103618"><ele>200.0</ele></trkpt>
      <trkpt lat="35.579982" lon="139.103557"><ele>200.0</ele></trkpt>
      <trkpt lat="35.579931" lon="139.103515"><ele>200.0</ele></trkpt>
      <trkpt lat="35.579778" lon="139.103446"><ele>200.0</ele></trkpt>
      <trkpt lat="35.579555" lon="139.103345"><ele>200.0</ele></trkpt>
      <trkpt lat="35.579362" lon="139.103241"><ele>200.0</ele></trkpt>
      <trkpt lat="35.579264" lon="139.103187"><ele>200.0</ele></trkpt>
      <trkpt lat="35.579129" lon="139.103138"><ele>200.0</ele></trkpt>
      <trkpt lat="35.579035" lon="139.103101"><ele>200.0</ele></trkpt>
      <trkpt lat="35.5789" lon="139.103059"><ele>200.0</ele></trkpt>
      <trkpt lat="35.578704" lon="139.103018"><ele>200.0</ele></trkpt>
      <trkpt lat="35.578484" lon="139.102995"><ele>200.0</ele></trkpt>
      <trkpt lat="35.578415" lon="139.102983"><ele>200.0</ele></trkpt>
      <trkpt lat="35.578334" lon="139.10296"><ele>200.0</ele></trkpt>
      <trkpt lat="35.578281" lon="139.10293"><ele>200.0</ele></trkpt>
      <trkpt lat="35.578222" lon="139.102892"><ele>200.0</ele></trkpt>
      <trkpt lat="35.57816" lon="139.102806"><ele>200.0</ele></trkpt>
      <trkpt lat="35.578127" lon="139.102718"><ele>200.0</ele></trkpt>
      <trkpt lat="35.578113" lon="139.102669"><ele>200.0</ele></trkpt>
      <trkpt lat="35.578102" lon="139.10255"><ele>200.0</ele></trkpt>
      <trkpt lat="35.578119" lon="139.102403"><ele>200.0</ele></trkpt>
      <trkpt lat="35.578164" lon="139.102201"><ele>200.0</ele></trkpt>
      <trkpt lat="35.578191" lon="139.102079"><ele>200.0</ele></trkpt>
      <trkpt lat="35.578217" lon="139.101982"><ele>200.0</ele></trkpt>
      <trkpt lat="35.578231" lon="139.101881"><ele>200.0</ele></trkpt>
      <trkpt lat="35.578232" lon="139.101789"><ele>200.0</ele></trkpt>
      <trkpt lat="35.578216" lon="139.101725"><ele>200.0</ele></trkpt>
      <trkpt lat="35.578199" lon="139.101661"><ele>200.0</ele></trkpt>
      <trkpt lat="35.578171" lon="139.101582"><ele>200.0</ele></trkpt>
      <trkpt lat="35.578131" lon="139.101503"><ele>200.0</ele></trkpt>
      <trkpt lat="35.57807" lon="139.101411"><ele>200.0</ele></trkpt>
      <trkpt lat="35.578012" lon="139.101297"><ele>200.0</ele></trkpt>
      <trkpt lat="35.57798" lon="139.101219"><ele>200.0</ele></trkpt>
      <trkpt lat="35.577958" lon="139.101128"><ele>200.0</ele></trkpt>
      <trkpt lat="35.577949" lon="139.101039"><ele>200.0</ele></trkpt>
      <trkpt lat="35.577973" lon="139.10094"><ele>200.0</ele></trkpt>
      <trkpt lat="35.578023" lon="139.1008"><ele>200.0</ele></trkpt>
      <trkpt lat="35.578082" lon="139.100649"><ele>200.0</ele></trkpt>
      <trkpt lat="35.578128" lon="139.100493"><ele>200.0</ele></trkpt>
      <trkpt lat="35.578197" lon="139.10012"><ele>200.0</ele></trkpt>
      <trkpt lat="35.578229" lon="139.099865"><ele>200.0</ele></trkpt>
      <trkpt lat="35.578224" lon="139.099806"><ele>200.0</ele></trkpt>
      <trkpt lat="35.578207" lon="139.099701"><ele>200.0</ele></trkpt>
      <trkpt lat="35.578148" lon="139.099563"><ele>200.0</ele></trkpt>
      <trkpt lat="35.578095" lon="139.09947"><ele>200.0</ele></trkpt>
      <trkpt lat="35.578054" lon="139.099375"><ele>200.0</ele></trkpt>
      <trkpt lat="35.578017" lon="139.099233"><ele>200.0</ele></trkpt>
      <trkpt lat="35.57802" lon="139.099067"><ele>200.0</ele></trkpt>
      <trkpt lat="35.578057" lon="139.098534"><ele>200.0</ele></trkpt>
      <trkpt lat="35.57805" lon="139.098355"><ele>200.0</ele></trkpt>
      <trkpt lat="35.578023" lon="139.098211"><ele>200.0</ele></trkpt>
      <trkpt lat="35.577967" lon="139.098018"><ele>200.0</ele></trkpt>
      <trkpt lat="35.577853" lon="139.097795"><ele>200.0</ele></trkpt>
      <trkpt lat="35.577755" lon="139.097607"><ele>200.0</ele></trkpt>
      <trkpt lat="35.577644" lon="139.097434"><ele>200.0</ele></trkpt>
      <trkpt lat="35.577562" lon="139.097346"><ele>200.0</ele></trkpt>
      <trkpt lat="35.577482" lon="139.097308"><ele>200.0</ele></trkpt>
      <trkpt lat="35.577378" lon="139.097308"><ele>200.0</ele></trkpt>
      <trkpt lat="35.577183" lon="139.097327"><ele>200.0</ele></trkpt>
      <trkpt lat="35.577051" lon="139.097317"><ele>200.0</ele></trkpt>
      <trkpt lat="35.57679" lon="139.097262"><ele>200.0</ele></trkpt>
      <trkpt lat="35.576434" lon="139.097151"><ele>200.0</ele></trkpt>
      <trkpt lat="35.576183" lon="139.09709"><ele>200.0</ele></trkpt>
      <trkpt lat="35.576061" lon="139.097067"><ele>200.0</ele></trkpt>
      <trkpt lat="35.575952" lon="139.097051"><ele>200.0</ele></trkpt>
      <trkpt lat="35.575797" lon="139.097048"><ele>200.0</ele></trkpt>
      <trkpt lat="35.575664" lon="139.097048"><ele>200.0</ele></trkpt>
      <trkpt lat="35.575517" lon="139.097048"><ele>200.0</ele></trkpt>
      <trkpt lat="35.575392" lon="139.097046"><ele>200.0</ele></trkpt>
      <trkpt lat="35.575272" lon="139.097031"><ele>200.0</ele></trkpt>
      <trkpt lat="35.575065" lon="139.09697"><ele>200.0</ele></trkpt>
      <trkpt lat="35.574968" lon="139.096938"><ele>200.0</ele></trkpt>
      <trkpt lat="35.574876" lon="139.096907"><ele>200.0</ele></trkpt>
      <trkpt lat="35.574682" lon="139.096798"><ele>200.0</ele></trkpt>
      <trkpt lat="35.574535" lon="139.096691"><ele>200.0</ele></trkpt>
      <trkpt lat="35.574464" lon="139.096618"><ele>200.0</ele></trkpt>
      <trkpt lat="35.574397" lon="139.096558"><ele>200.0</ele></trkpt>
      <trkpt lat="35.574289" lon="139.096442"><ele>200.0</ele></trkpt>
      <trkpt lat="35.574208" lon="139.096329"><ele>200.0</ele></trkpt>
      <trkpt lat="35.574132" lon="139.096204"><ele>200.0</ele></trkpt>
      <trkpt lat="35.574079" lon="139.096104"><ele>200.0</ele></trkpt>
      <trkpt lat="35.57403" lon="139.095975"><ele>200.0</ele></trkpt>
      <trkpt lat="35.574003" lon="139.095888"><ele>200.0</ele></trkpt>
      <trkpt lat="35.573979" lon="139.095785"><ele>200.0</ele></trkpt>
      <trkpt lat="35.573965" lon="139.095671"><ele>200.0</ele></trkpt>
      <trkpt lat="35.573946" lon="139.09554"><ele>200.0</ele></trkpt>
      <trkpt lat="35.573922" lon="139.095401"><ele>200.0</ele></trkpt>
      <trkpt lat="35.573882" lon="139.095245"><ele>200.0</ele></trkpt>
      <trkpt lat="35.573811" lon="139.095079"><ele>200.0</ele></trkpt>
      <trkpt lat="35.573724" lon="139.094934"><ele>200.0</ele></trkpt>
      <trkpt lat="35.573621" lon="139.09481"><ele>200.0</ele></trkpt>
      <trkpt lat="35.573414" lon="139.09461"><ele>200.0</ele></trkpt>
      <trkpt lat="35.573311" lon="139.094483"><ele>200.0</ele></trkpt>
      <trkpt lat="35.573207" lon="139.094304"><ele>200.0</ele></trkpt>
      <trkpt lat="35.573119" lon="139.094121"><ele>200.0</ele></trkpt>
      <trkpt lat="35.57307" lon="139.094011"><ele>200.0</ele></trkpt>
      <trkpt lat="35.573008" lon="139.093766"><ele>200.0</ele></trkpt>
      <trkpt lat="35.572943" lon="139.093445"><ele>200.0</ele></trkpt>
      <trkpt lat="35.572897" lon="139.093259"><ele>200.0</ele></trkpt>
      <trkpt lat="35.572831" lon="139.093077"><ele>200.0</ele></trkpt>
      <trkpt lat="35.572541" lon="139.092358"><ele>200.0</ele></trkpt>
      <trkpt lat="35.572418" lon="139.092032"><ele>200.0</ele></trkpt>
      <trkpt lat="35.572283" lon="139.091677"><ele>200.0</ele></trkpt>
      <trkpt lat="35.572187" lon="139.09147"><ele>200.0</ele></trkpt>
      <trkpt lat="35.572105" lon="139.091319"><ele>200.0</ele></trkpt>
      <trkpt lat="35.572051" lon="139.091243"><ele>200.0</ele></trkpt>
      <trkpt lat="35.571986" lon="139.091164"><ele>200.0</ele></trkpt>
      <trkpt lat="35.571918" lon="139.091087"><ele>200.0</ele></trkpt>
      <trkpt lat="35.571841" lon="139.091015"><ele>200.0</ele></trkpt>
      <trkpt lat="35.571409" lon="139.09077"><ele>200.0</ele></trkpt>
      <trkpt lat="35.571301" lon="139.090711"><ele>200.0</ele></trkpt>
      <trkpt lat="35.571166" lon="139.090639"><ele>200.0</ele></trkpt>
      <trkpt lat="35.571005" lon="139.090573"><ele>200.0</ele></trkpt>
      <trkpt lat="35.570935" lon="139.090557"><ele>200.0</ele></trkpt>
      <trkpt lat="35.570834" lon="139.090559"><ele>200.0</ele></trkpt>
      <trkpt lat="35.570759" lon="139.090574"><ele>200.0</ele></trkpt>
      <trkpt lat="35.570688" lon="139.090602"><ele>200.0</ele></trkpt>
      <trkpt lat="35.570638" lon="139.090638"><ele>200.0</ele></trkpt>
      <trkpt lat="35.570588" lon="139.090699"><ele>200.0</ele></trkpt>
      <trkpt lat="35.570562" lon="139.09076"><ele>200.0</ele></trkpt>
      <trkpt lat="35.570527" lon="139.090864"><ele>200.0</ele></trkpt>
      <trkpt lat="35.570486" lon="139.091004"><ele>200.0</ele></trkpt>
      <trkpt lat="35.570457" lon="139.091087"><ele>200.0</ele></trkpt>
      <trkpt lat="35.570363" lon="139.091218"><ele>200.0</ele></trkpt>
      <trkpt lat="35.570287" lon="139.091302"><ele>200.0</ele></trkpt>
      <trkpt lat="35.570223" lon="139.091366"><ele>200.0</ele></trkpt>
      <trkpt lat="35.570112" lon="139.091428"><ele>200.0</ele></trkpt>
      <trkpt lat="35.570025" lon="139.091472"><ele>200.0</ele></trkpt>
      <trkpt lat="35.569929" lon="139.091488"><ele>200.0</ele></trkpt>
      <trkpt lat="35.569865" lon="139.091492"><ele>200.0</ele></trkpt>
      <trkpt lat="35.569746" lon="139.091456"><ele>200.0</ele></trkpt>
      <trkpt lat="35.569687" lon="139.091428"><ele>200.0</ele></trkpt>
      <trkpt lat="35.569606" lon="139.091377"><ele>200.0</ele></trkpt>
      <trkpt lat="35.56953" lon="139.091306"><ele>200.0</ele></trkpt>
      <trkpt lat="35.569401" lon="139.091153"><ele>200.0</ele></trkpt>
      <trkpt lat="35.569257" lon="139.090973"><ele>200.0</ele></trkpt>
      <trkpt lat="35.569194" lon="139.090881"><ele>200.0</ele></trkpt>
      <trkpt lat="35.569166" lon="139.09079"><ele>200.0</ele></trkpt>
      <trkpt lat="35.569149" lon="139.090701"><ele>200.0</ele></trkpt>
      <trkpt lat="35.569157" lon="139.090604"><ele>200.0</ele></trkpt>
      <trkpt lat="35.569181" lon="139.090481"><ele>200.0</ele></trkpt>
      <trkpt lat="35.56919" lon="139.090341"><ele>200.0</ele></trkpt>
      <trkpt lat="35.569179" lon="139.090197"><ele>200.0</ele></trkpt>
      <trkpt lat="35.569159" lon="139.090014"><ele>200.0</ele></trkpt>
      <trkpt lat="35.569137" lon="139.089871"><ele>200.0</ele></trkpt>
      <trkpt lat="35.569074" lon="139.089703"><ele>200.0</ele></trkpt>
      <trkpt lat="35.568963" lon="139.089549"><ele>200.0</ele></trkpt>
      <trkpt lat="35.568909" lon="139.089491"><ele>200.0</ele></trkpt>
      <trkpt lat="35.5688" lon="139.089389"><ele>200.0</ele></trkpt>
      <trkpt lat="35.568714" lon="139.089306"><ele>200.0</ele></trkpt>
      <trkpt lat="35.568567" lon="139.08917"><ele>200.0</ele></trkpt>
      <trkpt lat="35.568432" lon="139.089028"><ele>200.0</ele></trkpt>
      <trkpt lat="35.568252" lon="139.08887"><ele>200.0</ele></trkpt>
      <trkpt lat="35.56805" lon="139.088679"><ele>200.0</ele></trkpt>
      <trkpt lat="35.567948" lon="139.088548"><ele>200.0</ele></trkpt>
      <trkpt lat="35.567862" lon="139.088383"><ele>200.0</ele></trkpt>
      <trkpt lat="35.567815" lon="139.088263"><ele>200.0</ele></trkpt>
      <trkpt lat="35.567785" lon="139.088151"><ele>200.0</ele></trkpt>
      <trkpt lat="35.567754" lon="139.087905"><ele>200.0</ele></trkpt>
      <trkpt lat="35.567766" lon="139.087717"><ele>200.0</ele></trkpt>
      <trkpt lat="35.567802" lon="139.08747"><ele>200.0</ele></trkpt>
      <trkpt lat="35.567868" lon="139.087147"><ele>200.0</ele></trkpt>
      <trkpt lat="35.567902" lon="139.086962"><ele>200.0</ele></trkpt>
      <trkpt lat="35.56795" lon="139.086736"><ele>200.0</ele></trkpt>
      <trkpt lat="35.56801" lon="139.086511"><ele>200.0</ele></trkpt>
      <trkpt lat="35.568087" lon="139.086296"><ele>200.0</ele></trkpt>
      <trkpt lat="35.568223" lon="139.086011"><ele>200.0</ele></trkpt>
      <trkpt lat="35.568307" lon="139.085815"><ele>200.0</ele></trkpt>
      <trkpt lat="35.568367" lon="139.085619"><ele>200.0</ele></trkpt>
      <trkpt lat="35.568474" lon="139.085244"><ele>200.0</ele></trkpt>
      <trkpt lat="35.568496" lon="139.085173"><ele>200.0</ele></trkpt>
      <trkpt lat="35.56856" lon="139.084953"><ele>200.0</ele></trkpt>
      <trkpt lat="35.568616" lon="139.084748"><ele>200.0</ele></trkpt>
      <trkpt lat="35.568708" lon="139.084362"><ele>200.0</ele></trkpt>
      <trkpt lat="35.568798" lon="139.083994"><ele>200.0</ele></trkpt>
      <trkpt lat="35.56885" lon="139.083711"><ele>200.0</ele></trkpt>
      <trkpt lat="35.568897" lon="139.083532"><ele>200.0</ele></trkpt>
      <trkpt lat="35.568931" lon="139.083436"><ele>200.0</ele></trkpt>
      <trkpt lat="35.568978" lon="139.083296"><ele>200.0</ele></trkpt>
      <trkpt lat="35.568992" lon="139.083191"><ele>200.0</ele></trkpt>
      <trkpt lat="35.568974" lon="139.08308"><ele>200.0</ele></trkpt>
      <trkpt lat="35.568931" lon="139.082984"><ele>200.0</ele></trkpt>
      <trkpt lat="35.568843" lon="139.082806"><ele>200.0</ele></trkpt>
      <trkpt lat="35.568714" lon="139.082602"><ele>200.0</ele></trkpt>
      <trkpt lat="35.568588" lon="139.082443"><ele>200.0</ele></trkpt>
      <trkpt lat="35.568498" lon="139.082339"><ele>200.0</ele></trkpt>
      <trkpt lat="35.568408" lon="139.082244"><ele>200.0</ele></trkpt>
      <trkpt lat="35.568312" lon="139.082133"><ele>200.0</ele></trkpt>
      <trkpt lat="35.568249" lon="139.082036"><ele>200.0</ele></trkpt>
      <trkpt lat="35.568207" lon="139.081938"><ele>200.0</ele></trkpt>
      <trkpt lat="35.568192" lon="139.081834"><ele>200.0</ele></trkpt>
      <trkpt lat="35.568184" lon="139.081698"><ele>200.0</ele></trkpt>
      <trkpt lat="35.568198" lon="139.0816"><ele>200.0</ele></trkpt>
      <trkpt lat="35.568247" lon="139.081485"><ele>200.0</ele></trkpt>
      <trkpt lat="35.568316" lon="139.081383"><ele>200.0</ele></trkpt>
      <trkpt lat="35.568402" lon="139.081299"><ele>200.0</ele></trkpt>
      <trkpt lat="35.568542" lon="139.081175"><ele>200.0</ele></trkpt>
      <trkpt lat="35.56868" lon="139.081039"><ele>200.0</ele></trkpt>
      <trkpt lat="35.56876" lon="139.080919"><ele>200.0</ele></trkpt>
      <trkpt lat="35.568815" lon="139.080802"><ele>200.0</ele></trkpt>
      <trkpt lat="35.568856" lon="139.080671"><ele>200.0</ele></trkpt>
      <trkpt lat="35.568898" lon="139.080487"><ele>200.0</ele></trkpt>
      <trkpt lat="35.568953" lon="139.080303"><ele>200.0</ele></trkpt>
      <trkpt lat="35.568989" lon="139.080188"><ele>200.0</ele></trkpt>
      <trkpt lat="35.569039" lon="139.080078"><ele>200.0</ele></trkpt>
      <trkpt lat="35.569086" lon="139.079995"><ele>200.0</ele></trkpt>
      <trkpt lat="35.569224" lon="139.079825"><ele>200.0</ele></trkpt>
      <trkpt lat="35.569332" lon="139.079681"><ele>200.0</ele></trkpt>
      <trkpt lat="35.569443" lon="139.079547"><ele>200.0</ele></trkpt>
      <trkpt lat="35.56954" lon="139.079448"><ele>200.0</ele></trkpt>
      <trkpt lat="35.569693" lon="139.07933"><ele>200.0</ele></trkpt>
      <trkpt lat="35.56985" lon="139.079199"><ele>200.0</ele></trkpt>
      <trkpt lat="35.569962" lon="139.079078"><ele>200.0</ele></trkpt>
      <trkpt lat="35.570072" lon="139.078935"><ele>200.0</ele></trkpt>
      <trkpt lat="35.57016" lon="139.078806"><ele>200.0</ele></trkpt>
      <trkpt lat="35.570222" lon="139.078674"><ele>200.0</ele></trkpt>
      <trkpt lat="35.570264" lon="139.07856"><ele>200.0</ele></trkpt>
      <trkpt lat="35.570306" lon="139.078415"><ele>200.0</ele></trkpt>
      <trkpt lat="35.570378" lon="139.078102"><ele>200.0</ele></trkpt>
      <trkpt lat="35.570563" lon="139.077287"><ele>200.0</ele></trkpt>
      <trkpt lat="35.570648" lon="139.076993"><ele>200.0</ele></trkpt>
      <trkpt lat="35.570667" lon="139.076867"><ele>200.0</ele></trkpt>
      <trkpt lat="35.570682" lon="139.076717"><ele>200.0</ele></trkpt>
      <trkpt lat="35.570671" lon="139.076567"><ele>200.0</ele></trkpt>
      <trkpt lat="35.570638" lon="139.076463"><ele>200.0</ele></trkpt>
      <trkpt lat="35.570605" lon="139.076374"><ele>200.0</ele></trkpt>
      <trkpt lat="35.570551" lon="139.076295"><ele>200.0</ele></trkpt>
      <trkpt lat="35.57049" lon="139.076227"><ele>200.0</ele></trkpt>
      <trkpt lat="35.570411" lon="139.076166"><ele>200.0</ele></trkpt>
      <trkpt lat="35.570309" lon="139.076115"><ele>200.0</ele></trkpt>
      <trkpt lat="35.570188" lon="139.076054"><ele>200.0</ele></trkpt>
      <trkpt lat="35.570131" lon="139.076018"><ele>200.0</ele></trkpt>
      <trkpt lat="35.570072" lon="139.075959"><ele>200.0</ele></trkpt>
      <trkpt lat="35.570019" lon="139.075885"><ele>200.0</ele></trkpt>
      <trkpt lat="35.569981" lon="139.0758"><ele>200.0</ele></trkpt>
      <trkpt lat="35.56996" lon="139.075718"><ele>200.0</ele></trkpt>
      <trkpt lat="35.569947" lon="139.075616"><ele>200.0</ele></trkpt>
      <trkpt lat="35.56995" lon="139.075499"><ele>200.0</ele></trkpt>
      <trkpt lat="35.569981" lon="139.075388"><ele>200.0</ele></trkpt>
      <trkpt lat="35.570035" lon="139.07526"><ele>200.0</ele></trkpt>
      <trkpt lat="35.570092" lon="139.075156"><ele>200.0</ele></trkpt>
      <trkpt lat="35.570157" lon="139.075045"><ele>200.0</ele></trkpt>
      <trkpt lat="35.570227" lon="139.074955"><ele>200.0</ele></trkpt>
      <trkpt lat="35.570334" lon="139.074825"><ele>200.0</ele></trkpt>
      <trkpt lat="35.570437" lon="139.074711"><ele>200.0</ele></trkpt>
      <trkpt lat="35.570517" lon="139.074614"><ele>200.0</ele></trkpt>
      <trkpt lat="35.570615" lon="139.074498"><ele>200.0</ele></trkpt>
      <trkpt lat="35.570736" lon="139.074343"><ele>200.0</ele></trkpt>
      <trkpt lat="35.570835" lon="139.07421"><ele>200.0</ele></trkpt>
      <trkpt lat="35.570912" lon="139.074053"><ele>200.0</ele></trkpt>
      <trkpt lat="35.570957" lon="139.073929"><ele>200.0</ele></trkpt>
      <trkpt lat="35.570997" lon="139.07379"><ele>200.0</ele></trkpt>
      <trkpt lat="35.571008" lon="139.073682"><ele>200.0</ele></trkpt>
      <trkpt lat="35.571006" lon="139.073564"><ele>200.0</ele></trkpt>
      <trkpt lat="35.570992" lon="139.073398"><ele>200.0</ele></trkpt>
      <trkpt lat="35.570952" lon="139.073124"><ele>200.0</ele></trkpt>
      <trkpt lat="35.570928" lon="139.072924"><ele>200.0</ele></trkpt>
      <trkpt lat="35.570918" lon="139.072862"><ele>200.0</ele></trkpt>
      <trkpt lat="35.570899" lon="139.072716"><ele>200.0</ele></trkpt>
      <trkpt lat="35.570899" lon="139.072599"><ele>200.0</ele></trkpt>
      <trkpt lat="35.570919" lon="139.072519"><ele>200.0</ele></trkpt>
      <trkpt lat="35.570958" lon="139.072416"><ele>200.0</ele></trkpt>
      <trkpt lat="35.571019" lon="139.072323"><ele>200.0</ele></trkpt>
      <trkpt lat="35.571091" lon="139.072242"><ele>200.0</ele></trkpt>
      <trkpt lat="35.571217" lon="139.072094"><ele>200.0</ele></trkpt>
      <trkpt lat="35.57132" lon="139.071931"><ele>200.0</ele></trkpt>
      <trkpt lat="35.571381" lon="139.071812"><ele>200.0</ele></trkpt>
      <trkpt lat="35.571419" lon="139.071705"><ele>200.0</ele></trkpt>
      <trkpt lat="35.571438" lon="139.071599"><ele>200.0</ele></trkpt>
      <trkpt lat="35.57145" lon="139.071383"><ele>200.0</ele></trkpt>
      <trkpt lat="35.571444" lon="139.071213"><ele>200.0</ele></trkpt>
      <trkpt lat="35.571421" lon="139.071013"><ele>200.0</ele></trkpt>
      <trkpt lat="35.571385" lon="139.070808"><ele>200.0</ele></trkpt>
      <trkpt lat="35.571345" lon="139.07059"><ele>200.0</ele></trkpt>
      <trkpt lat="35.571308" lon="139.070384"><ele>200.0</ele></trkpt>
      <trkpt lat="35.571296" lon="139.07023"><ele>200.0</ele></trkpt>
      <trkpt lat="35.571283" lon="139.069975"><ele>200.0</ele></trkpt>
      <trkpt lat="35.571263" lon="139.069789"><ele>200.0</ele></trkpt>
      <trkpt lat="35.571235" lon="139.069613"><ele>200.0</ele></trkpt>
      <trkpt lat="35.571207" lon="139.069434"><ele>200.0</ele></trkpt>
      <trkpt lat="35.571183" lon="139.069285"><ele>200.0</ele></trkpt>
      <trkpt lat="35.571137" lon="139.06905"><ele>200.0</ele></trkpt>
      <trkpt lat="35.571119" lon="139.068923"><ele>200.0</ele></trkpt>
      <trkpt lat="35.571107" lon="139.068813"><ele>200.0</ele></trkpt>
      <trkpt lat="35.571098" lon="139.068686"><ele>200.0</ele></trkpt>
      <trkpt lat="35.571101" lon="139.068529"><ele>200.0</ele></trkpt>
      <trkpt lat="35.571131" lon="139.068318"><ele>200.0</ele></trkpt>
      <trkpt lat="35.571157" lon="139.068214"><ele>200.0</ele></trkpt>
      <trkpt lat="35.571191" lon="139.06813"><ele>200.0</ele></trkpt>
      <trkpt lat="35.571243" lon="139.068046"><ele>200.0</ele></trkpt>
      <trkpt lat="35.571399" lon="139.067849"><ele>200.0</ele></trkpt>
      <trkpt lat="35.571549" lon="139.067676"><ele>200.0</ele></trkpt>
      <trkpt lat="35.571687" lon="139.067534"><ele>200.0</ele></trkpt>
      <trkpt lat="35.571793" lon="139.067448"><ele>200.0</ele></trkpt>
      <trkpt lat="35.571904" lon="139.06737"><ele>200.0</ele></trkpt>
      <trkpt lat="35.571965" lon="139.06733"><ele>200.0</ele></trkpt>
      <trkpt lat="35.572047" lon="139.067275"><ele>200.0</ele></trkpt>
      <trkpt lat="35.572118" lon="139.067231"><ele>200.0</ele></trkpt>
      <trkpt lat="35.572254" lon="139.067151"><ele>200.0</ele></trkpt>
      <trkpt lat="35.572375" lon="139.067062"><ele>200.0</ele></trkpt>
      <trkpt lat="35.572478" lon="139.066961"><ele>200.0</ele></trkpt>
      <trkpt lat="35.572553" lon="139.066868"><ele>200.0</ele></trkpt>
      <trkpt lat="35.57264" lon="139.066737"><ele>200.0</ele></trkpt>
      <trkpt lat="35.572712" lon="139.066607"><ele>200.0</ele></trkpt>
      <trkpt lat="35.572754" lon="139.066494"><ele>200.0</ele></trkpt>
      <trkpt lat="35.57279" lon="139.066373"><ele>200.0</ele></trkpt>
      <trkpt lat="35.572801" lon="139.066276"><ele>200.0</ele></trkpt>
      <trkpt lat="35.572804" lon="139.06618"><ele>200.0</ele></trkpt>
      <trkpt lat="35.572799" lon="139.066095"><ele>200.0</ele></trkpt>
      <trkpt lat="35.572782" lon="139.065994"><ele>200.0</ele></trkpt>
      <trkpt lat="35.572749" lon="139.065867"><ele>200.0</ele></trkpt>
      <trkpt lat="35.572684" lon="139.065713"><ele>200.0</ele></trkpt>
      <trkpt lat="35.572595" lon="139.065536"><ele>200.0</ele></trkpt>
      <trkpt lat="35.572445" lon="139.065232"><ele>200.0</ele></trkpt>
      <trkpt lat="35.572356" lon="139.065056"><ele>200.0</ele></trkpt>
      <trkpt lat="35.572216" lon="139.064788"><ele>200.0</ele></trkpt>
      <trkpt lat="35.572043" lon="139.064461"><ele>200.0</ele></trkpt>
      <trkpt lat="35.571939" lon="139.064243"><ele>200.0</ele></trkpt>
      <trkpt lat="35.571887" lon="139.064115"><ele>200.0</ele></trkpt>
      <trkpt lat="35.571862" lon="139.063961"><ele>200.0</ele></trkpt>
      <trkpt lat="35.571871" lon="139.063849"><ele>200.0</ele></trkpt>
      <trkpt lat="35.571896" lon="139.063736"><ele>200.0</ele></trkpt>
      <trkpt lat="35.57193" lon="139.063646"><ele>200.0</ele></trkpt>
      <trkpt lat="35.571986" lon="139.063569"><ele>200.0</ele></trkpt>
      <trkpt lat="35.572043" lon="139.063517"><ele>200.0</ele></trkpt>
      <trkpt lat="35.572124" lon="139.063461"><ele>200.0</ele></trkpt>
      <trkpt lat="35.572206" lon="139.063419"><ele>200.0</ele></trkpt>
      <trkpt lat="35.57238" lon="139.063357"><ele>200.0</ele></trkpt>
      <trkpt lat="35.572652" lon="139.063267"><ele>200.0</ele></trkpt>
      <trkpt lat="35.572847" lon="139.063189"><ele>200.0</ele></trkpt>
      <trkpt lat="35.57301" lon="139.063112"><ele>200.0</ele></trkpt>
      <trkpt lat="35.573084" lon="139.063057"><ele>200.0</ele></trkpt>
      <trkpt lat="35.573161" lon="139.062993"><ele>200.0</ele></trkpt>
      <trkpt lat="35.573238" lon="139.062922"><ele>200.0</ele></trkpt>
      <trkpt lat="35.573325" lon="139.062809"><ele>200.0</ele></trkpt>
      <trkpt lat="35.573413" lon="139.06267"><ele>200.0</ele></trkpt>
      <trkpt lat="35.573591" lon="139.062338"><ele>200.0</ele></trkpt>
      <trkpt lat="35.573881" lon="139.061786"><ele>200.0</ele></trkpt>
      <trkpt lat="35.573991" lon="139.061563"><ele>200.0</ele></trkpt>
      <trkpt lat="35.574132" lon="139.061243"><ele>200.0</ele></trkpt>
      <trkpt lat="35.57423" lon="139.061036"><ele>200.0</ele></trkpt>
      <trkpt lat="35.574293" lon="139.060939"><ele>200.0</ele></trkpt>
      <trkpt lat="35.574346" lon="139.06087"><ele>200.0</ele></trkpt>
      <trkpt lat="35.574468" lon="139.06074"><ele>200.0</ele></trkpt>
      <trkpt lat="35.574526" lon="139.060658"><ele>200.0</ele></trkpt>
      <trkpt lat="35.574571" lon="139.060556"><ele>200.0</ele></trkpt>
      <trkpt lat="35.574582" lon="139.060516"><ele>200.0</ele></trkpt>
      <trkpt lat="35.574598" lon="139.060447"><ele>200.0</ele></trkpt>
      <trkpt lat="35.574617" lon="139.060328"><ele>200.0</ele></trkpt>
      <trkpt lat="35.574651" lon="139.060092"><ele>200.0</ele></trkpt>
      <trkpt lat="35.574675" lon="139.059947"><ele>200.0</ele></trkpt>
      <trkpt lat="35.57469" lon="139.059774"><ele>200.0</ele></trkpt>
      <trkpt lat="35.574691" lon="139.059654"><ele>200.0</ele></trkpt>
      <trkpt lat="35.574685" lon="139.059576"><ele>200.0</ele></trkpt>
      <trkpt lat="35.574684" lon="139.059524"><ele>200.0</ele></trkpt>
      <trkpt lat="35.574661" lon="139.0594"><ele>200.0</ele></trkpt>
      <trkpt lat="35.574619" lon="139.059245"><ele>200.0</ele></trkpt>
      <trkpt lat="35.574588" lon="139.059119"><ele>200.0</ele></trkpt>
      <trkpt lat="35.574569" lon="139.059007"><ele>200.0</ele></trkpt>
      <trkpt lat="35.574574" lon="139.058918"><ele>200.0</ele></trkpt>
      <trkpt lat="35.574607" lon="139.058826"><ele>200.0</ele></trkpt>
      <trkpt lat="35.574657" lon="139.058754"><ele>200.0</ele></trkpt>
      <trkpt lat="35.574726" lon="139.058673"><ele>200.0</ele></trkpt>
      <trkpt lat="35.574817" lon="139.058575"><ele>200.0</ele></trkpt>
      <trkpt lat="35.574904" lon="139.058433"><ele>200.0</ele></trkpt>
      <trkpt lat="35.574996" lon="139.058255"><ele>200.0</ele></trkpt>
      <trkpt lat="35.575038" lon="139.058178"><ele>200.0</ele></trkpt>
      <trkpt lat="35.575096" lon="139.058117"><ele>200.0</ele></trkpt>
      <trkpt lat="35.575179" lon="139.058062"><ele>200.0</ele></trkpt>
      <trkpt lat="35.575256" lon="139.058041"><ele>200.0</ele></trkpt>
      <trkpt lat="35.575394" lon="139.058054"><ele>200.0</ele></trkpt>
      <trkpt lat="35.575493" lon="139.058054"><ele>200.0</ele></trkpt>
      <trkpt lat="35.575629" lon="139.058007"><ele>200.0</ele></trkpt>
      <trkpt lat="35.576016" lon="139.057838"><ele>200.0</ele></trkpt>
      <trkpt lat="35.576164" lon="139.057768"><ele>200.0</ele></trkpt>
      <trkpt lat="35.576333" lon="139.057668"><ele>200.0</ele></trkpt>
      <trkpt lat="35.576511" lon="139.057526"><ele>200.0</ele></trkpt>
      <trkpt lat="35.576614" lon="139.057416"><ele>200.0</ele></trkpt>
      <trkpt lat="35.576699" lon="139.057284"><ele>200.0</ele></trkpt>
      <trkpt lat="35.576749" lon="139.057195"><ele>200.0</ele></trkpt>
      <trkpt lat="35.576848" lon="139.056983"><ele>200.0</ele></trkpt>
      <trkpt lat="35.57696" lon="139.056732"><ele>200.0</ele></trkpt>
      <trkpt lat="35.577012" lon="139.056617"><ele>200.0</ele></trkpt>
      <trkpt lat="35.577106" lon="139.056399"><ele>200.0</ele></trkpt>
      <trkpt lat="35.57719" lon="139.056206"><ele>200.0</ele></trkpt>
      <trkpt lat="35.577256" lon="139.056033"><ele>200.0</ele></trkpt>
      <trkpt lat="35.577289" lon="139.05589"><ele>200.0</ele></trkpt>
      <trkpt lat="35.577303" lon="139.055764"><ele>200.0</ele></trkpt>
      <trkpt lat="35.577305" lon="139.05572"><ele>200.0</ele></trkpt>
      <trkpt lat="35.577309" lon="139.055566"><ele>200.0</ele></trkpt>
      <trkpt lat="35.577302" lon="139.05537"><ele>200.0</ele></trkpt>
      <trkpt lat="35.577285" lon="139.055229"><ele>200.0</ele></trkpt>
      <trkpt lat="35.577248" lon="139.055096"><ele>200.0</ele></trkpt>
      <trkpt lat="35.577193" lon="139.054992"><ele>200.0</ele></trkpt>
      <trkpt lat="35.57708" lon="139.054807"><ele>200.0</ele></trkpt>
      <trkpt lat="35.577017" lon="139.054679"><ele>200.0</ele></trkpt>
      <trkpt lat="35.576983" lon="139.054567"><ele>200.0</ele></trkpt>
      <trkpt lat="35.576972" lon="139.054459"><ele>200.0</ele></trkpt>
      <trkpt lat="35.576988" lon="139.054324"><ele>200.0</ele></trkpt>
      <trkpt lat="35.577022" lon="139.054195"><ele>200.0</ele></trkpt>
      <trkpt lat="35.577084" lon="139.054067"><ele>200.0</ele></trkpt>
      <trkpt lat="35.577146" lon="139.053989"><ele>200.0</ele></trkpt>
      <trkpt lat="35.577237" lon="139.053934"><ele>200.0</ele></trkpt>
      <trkpt lat="35.577332" lon="139.053902"><ele>200.0</ele></trkpt>
      <trkpt lat="35.577473" lon="139.053874"><ele>200.0</ele></trkpt>
      <trkpt lat="35.57774" lon="139.053826"><ele>200.0</ele></trkpt>
      <trkpt lat="35.577937" lon="139.053791"><ele>200.0</ele></trkpt>
      <trkpt lat="35.577996" lon="139.053765"><ele>200.0</ele></trkpt>
      <trkpt lat="35.578054" lon="139.053727"><ele>200.0</ele></trkpt>
      <trkpt lat="35.578121" lon="139.05366"><ele>200.0</ele></trkpt>
      <trkpt lat="35.578152" lon="139.053607"><ele>200.0</ele></trkpt>
      <trkpt lat="35.578179" lon="139.05354"><ele>200.0</ele></trkpt>
      <trkpt lat="35.578204" lon="139.053451"><ele>200.0</ele></trkpt>
      <trkpt lat="35.578206" lon="139.053332"><ele>200.0</ele></trkpt>
      <trkpt lat="35.578192" lon="139.0532"><ele>200.0</ele></trkpt>
      <trkpt lat="35.578358" lon="139.05325"><ele>200.0</ele></trkpt>
      <trkpt lat="35.57856" lon="139.053439"><ele>200.0</ele></trkpt>
      <trkpt lat="35.57861" lon="139.053516"><ele>200.0</ele></trkpt>
      <trkpt lat="35.578627" lon="139.053601"><ele>200.0</ele></trkpt>
      <trkpt lat="35.578623" lon="139.053669"><ele>200.0</ele></trkpt>
      <trkpt lat="35.578582" lon="139.053799"><ele>200.0</ele></trkpt>
      <trkpt lat="35.578484" lon="139.054044"><ele>200.0</ele></trkpt>
      <trkpt lat="35.578441" lon="139.054129"><ele>200.0</ele></trkpt>
      <trkpt lat="35.578387" lon="139.054194"><ele>200.0</ele></trkpt>
      <trkpt lat="35.578311" lon="139.054235"><ele>200.0</ele></trkpt>
      <trkpt lat="35.577949" lon="139.054423"><ele>200.0</ele></trkpt>
      <trkpt lat="35.577883" lon="139.054465"><ele>200.0</ele></trkpt>
      <trkpt lat="35.577851" lon="139.054509"><ele>200.0</ele></trkpt>
      <trkpt lat="35.577805" lon="139.054589"><ele>200.0</ele></trkpt>
      <trkpt lat="35.577754" lon="139.054689"><ele>200.0</ele></trkpt>
      <trkpt lat="35.577685" lon="139.054864"><ele>200.0</ele></trkpt>
      <trkpt lat="35.577656" lon="139.054974"><ele>200.0</ele></trkpt>
      <trkpt lat="35.57765" lon="139.055054"><ele>200.0</ele></trkpt>
      <trkpt lat="35.577662" lon="139.055152"><ele>200.0</ele></trkpt>
      <trkpt lat="35.577692" lon="139.055265"><ele>200.0</ele></trkpt>
      <trkpt lat="35.577701" lon="139.055395"><ele>200.0</ele></trkpt>
      <trkpt lat="35.577696" lon="139.055585"><ele>200.0</ele></trkpt>
      <trkpt lat="35.577699" lon="139.055724"><ele>200.0</ele></trkpt>
      <trkpt lat="35.577718" lon="139.055839"><ele>200.0</ele></trkpt>
      <trkpt lat="35.577759" lon="139.055923"><ele>200.0</ele></trkpt>
      <trkpt lat="35.577822" lon="139.055976"><ele>200.0</ele></trkpt>
      <trkpt lat="35.577876" lon="139.055986"><ele>200.0</ele></trkpt>
      <trkpt lat="35.577932" lon="139.055982"><ele>200.0</ele></trkpt>
      <trkpt lat="35.578001" lon="139.05595"><ele>200.0</ele></trkpt>
      <trkpt lat="35.578203" lon="139.055805"><ele>200.0</ele></trkpt>
      <trkpt lat="35.578513" lon="139.055591"><ele>200.0</ele></trkpt>
      <trkpt lat="35.578618" lon="139.055536"><ele>200.0</ele></trkpt>
      <trkpt lat="35.578698" lon="139.055505"><ele>200.0</ele></trkpt>
      <trkpt lat="35.578776" lon="139.055494"><ele>200.0</ele></trkpt>
      <trkpt lat="35.578843" lon="139.055522"><ele>200.0</ele></trkpt>
      <trkpt lat="35.578892" lon="139.055567"><ele>200.0</ele></trkpt>
      <trkpt lat="35.578933" lon="139.055625"><ele>200.0</ele></trkpt>
      <trkpt lat="35.578967" lon="139.0557"><ele>200.0</ele></trkpt>
      <trkpt lat="35.579001" lon="139.05581"><ele>200.0</ele></trkpt>
      <trkpt lat="35.579118" lon="139.056217"><ele>200.0</ele></trkpt>
      <trkpt lat="35.579162" lon="139.056362"><ele>200.0</ele></trkpt>
      <trkpt lat="35.57917" lon="139.05645"><ele>200.0</ele></trkpt>
      <trkpt lat="35.57915" lon="139.056525"><ele>200.0</ele></trkpt>
      <trkpt lat="35.579098" lon="139.056597"><ele>200.0</ele></trkpt>
      <trkpt lat="35.579065" lon="139.056636"><ele>200.0</ele></trkpt>
      <trkpt lat="35.579035" lon="139.05666"><ele>200.0</ele></trkpt>
      <trkpt lat="35.578982" lon="139.056666"><ele>200.0</ele></trkpt>
      <trkpt lat="35.578706" lon="139.05658"><ele>200.0</ele></trkpt>
      <trkpt lat="35.578608" lon="139.056584"><ele>200.0</ele></trkpt>
      <trkpt lat="35.578354" lon="139.056748"><ele>200.0</ele></trkpt>
      <trkpt lat="35.578277" lon="139.056832"><ele>200.0</ele></trkpt>
      <trkpt lat="35.578241" lon="139.056898"><ele>200.0</ele></trkpt>
      <trkpt lat="35.578218" lon="139.056964"><ele>200.0</ele></trkpt>
      <trkpt lat="35.578229" lon="139.057047"><ele>200.0</ele></trkpt>
      <trkpt lat="35.578314" lon="139.057202"><ele>200.0</ele></trkpt>
      <trkpt lat="35.578625" lon="139.057519"><ele>200.0</ele></trkpt>
      <trkpt lat="35.578856" lon="139.057814"><ele>200.0</ele></trkpt>
      <trkpt lat="35.578958" lon="139.057972"><ele>200.0</ele></trkpt>
      <trkpt lat="35.579046" lon="139.05816"><ele>200.0</ele></trkpt>
      <trkpt lat="35.579227" lon="139.05852"><ele>200.0</ele></trkpt>
      <trkpt lat="35.579276" lon="139.058609"><ele>200.0</ele></trkpt>
      <trkpt lat="35.57942" lon="139.058758"><ele>200.0</ele></trkpt>
      <trkpt lat="35.579453" lon="139.058802"><ele>200.0</ele></trkpt>
      <trkpt lat="35.579476" lon="139.058874"><ele>200.0</ele></trkpt>
      <trkpt lat="35.579476" lon="139.058945"><ele>200.0</ele></trkpt>
      <trkpt lat="35.579476" lon="139.058874"><ele>200.0</ele></trkpt>
      <trkpt lat="35.579453" lon="139.058802"><ele>200.0</ele></trkpt>
      <trkpt lat="35.57942" lon="139.058758"><ele>200.0</ele></trkpt>
      <trkpt lat="35.579276" lon="139.058609"><ele>200.0</ele></trkpt>
      <trkpt lat="35.579227" lon="139.05852"><ele>200.0</ele></trkpt>
      <trkpt lat="35.579046" lon="139.05816"><ele>200.0</ele></trkpt>
      <trkpt lat="35.578958" lon="139.057972"><ele>200.0</ele></trkpt>
      <trkpt lat="35.578856" lon="139.057814"><ele>200.0</ele></trkpt>
      <trkpt lat="35.578625" lon="139.057519"><ele>200.0</ele></trkpt>
      <trkpt lat="35.578314" lon="139.057202"><ele>200.0</ele></trkpt>
      <trkpt lat="35.578229" lon="139.057047"><ele>200.0</ele></trkpt>
      <trkpt lat="35.578218" lon="139.056964"><ele>200.0</ele></trkpt>
      <trkpt lat="35.578241" lon="139.056898"><ele>200.0</ele></trkpt>
      <trkpt lat="35.578277" lon="139.056832"><ele>200.0</ele></trkpt>
      <trkpt lat="35.578354" lon="139.056748"><ele>200.0</ele></trkpt>
      <trkpt lat="35.578608" lon="139.056584"><ele>200.0</ele></trkpt>
      <trkpt lat="35.578706" lon="139.05658"><ele>200.0</ele></trkpt>
      <trkpt lat="35.578982" lon="139.056666"><ele>200.0</ele></trkpt>
      <trkpt lat="35.579035" lon="139.05666"><ele>200.0</ele></trkpt>
      <trkpt lat="35.579065" lon="139.056636"><ele>200.0</ele></trkpt>
      <trkpt lat="35.579098" lon="139.056597"><ele>200.0</ele></trkpt>
      <trkpt lat="35.57915" lon="139.056525"><ele>200.0</ele></trkpt>
      <trkpt lat="35.57917" lon="139.05645"><ele>200.0</ele></trkpt>
      <trkpt lat="35.579162" lon="139.056362"><ele>200.0</ele></trkpt>
      <trkpt lat="35.579118" lon="139.056217"><ele>200.0</ele></trkpt>
      <trkpt lat="35.579001" lon="139.05581"><ele>200.0</ele></trkpt>
      <trkpt lat="35.578967" lon="139.0557"><ele>200.0</ele></trkpt>
      <trkpt lat="35.578933" lon="139.055625"><ele>200.0</ele></trkpt>
      <trkpt lat="35.578892" lon="139.055567"><ele>200.0</ele></trkpt>
      <trkpt lat="35.578843" lon="139.055522"><ele>200.0</ele></trkpt>
      <trkpt lat="35.578776" lon="139.055494"><ele>200.0</ele></trkpt>
      <trkpt lat="35.578698" lon="139.055505"><ele>200.0</ele></trkpt>
      <trkpt lat="35.578618" lon="139.055536"><ele>200.0</ele></trkpt>
      <trkpt lat="35.578513" lon="139.055591"><ele>200.0</ele></trkpt>
      <trkpt lat="35.578203" lon="139.055805"><ele>200.0</ele></trkpt>
      <trkpt lat="35.578001" lon="139.05595"><ele>200.0</ele></trkpt>
      <trkpt lat="35.577932" lon="139.055982"><ele>200.0</ele></trkpt>
      <trkpt lat="35.577876" lon="139.055986"><ele>200.0</ele></trkpt>
      <trkpt lat="35.577822" lon="139.055976"><ele>200.0</ele></trkpt>
      <trkpt lat="35.577759" lon="139.055923"><ele>200.0</ele></trkpt>
      <trkpt lat="35.577718" lon="139.055839"><ele>200.0</ele></trkpt>
      <trkpt lat="35.577699" lon="139.055724"><ele>200.0</ele></trkpt>
      <trkpt lat="35.577696" lon="139.055585"><ele>200.0</ele></trkpt>
      <trkpt lat="35.577701" lon="139.055395"><ele>200.0</ele></trkpt>
      <trkpt lat="35.577692" lon="139.055265"><ele>200.0</ele></trkpt>
      <trkpt lat="35.577662" lon="139.055152"><ele>200.0</ele></trkpt>
      <trkpt lat="35.57765" lon="139.055054"><ele>200.0</ele></trkpt>
      <trkpt lat="35.577656" lon="139.054974"><ele>200.0</ele></trkpt>
      <trkpt lat="35.577685" lon="139.054864"><ele>200.0</ele></trkpt>
      <trkpt lat="35.577754" lon="139.054689"><ele>200.0</ele></trkpt>
      <trkpt lat="35.577805" lon="139.054589"><ele>200.0</ele></trkpt>
      <trkpt lat="35.577851" lon="139.054509"><ele>200.0</ele></trkpt>
      <trkpt lat="35.577883" lon="139.054465"><ele>200.0</ele></trkpt>
      <trkpt lat="35.577949" lon="139.054423"><ele>200.0</ele></trkpt>
      <trkpt lat="35.578311" lon="139.054235"><ele>200.0</ele></trkpt>
      <trkpt lat="35.578387" lon="139.054194"><ele>200.0</ele></trkpt>
      <trkpt lat="35.578441" lon="139.054129"><ele>200.0</ele></trkpt>
      <trkpt lat="35.578484" lon="139.054044"><ele>200.0</ele></trkpt>
      <trkpt lat="35.578582" lon="139.053799"><ele>200.0</ele></trkpt>
      <trkpt lat="35.578623" lon="139.053669"><ele>200.0</ele></trkpt>
      <trkpt lat="35.578627" lon="139.053601"><ele>200.0</ele></trkpt>
      <trkpt lat="35.57861" lon="139.053516"><ele>200.0</ele></trkpt>
      <trkpt lat="35.57856" lon="139.053439"><ele>200.0</ele></trkpt>
      <trkpt lat="35.578358" lon="139.05325"><ele>200.0</ele></trkpt>
      <trkpt lat="35.578192" lon="139.0532"><ele>200.0</ele></trkpt>
      <trkpt lat="35.578143" lon="139.052874"><ele>200.0</ele></trkpt>
      <trkpt lat="35.578086" lon="139.052606"><ele>200.0</ele></trkpt>
      <trkpt lat="35.578051" lon="139.052395"><ele>200.0</ele></trkpt>
      <trkpt lat="35.578044" lon="139.052249"><ele>200.0</ele></trkpt>
      <trkpt lat="35.578063" lon="139.052087"><ele>200.0</ele></trkpt>
      <trkpt lat="35.578106" lon="139.051932"><ele>200.0</ele></trkpt>
      <trkpt lat="35.578168" lon="139.05173"><ele>200.0</ele></trkpt>
      <trkpt lat="35.578249" lon="139.051478"><ele>200.0</ele></trkpt>
      <trkpt lat="35.578358" lon="139.05116"><ele>200.0</ele></trkpt>
      <trkpt lat="35.578486" lon="139.050844"><ele>200.0</ele></trkpt>
      <trkpt lat="35.578625" lon="139.050487"><ele>200.0</ele></trkpt>
      <trkpt lat="35.578695" lon="139.050267"><ele>200.0</ele></trkpt>
      <trkpt lat="35.578727" lon="139.050126"><ele>200.0</ele></trkpt>
      <trkpt lat="35.578756" lon="139.049971"><ele>200.0</ele></trkpt>
      <trkpt lat="35.578773" lon="139.049815"><ele>200.0</ele></trkpt>
      <trkpt lat="35.578778" lon="139.049669"><ele>200.0</ele></trkpt>
      <trkpt lat="35.578756" lon="139.049365"><ele>200.0</ele></trkpt>
      <trkpt lat="35.578755" lon="139.049344"><ele>200.0</ele></trkpt>
      <trkpt lat="35.578712" lon="139.048927"><ele>200.0</ele></trkpt>
      <trkpt lat="35.578672" lon="139.048562"><ele>200.0</ele></trkpt>
      <trkpt lat="35.578626" lon="139.048211"><ele>200.0</ele></trkpt>
      <trkpt lat="35.578541" lon="139.047704"><ele>200.0</ele></trkpt>
      <trkpt lat="35.578399" lon="139.04692"><ele>200.0</ele></trkpt>
      <trkpt lat="35.578295" lon="139.046346"><ele>200.0</ele></trkpt>
      <trkpt lat="35.578229" lon="139.046022"><ele>200.0</ele></trkpt>
      <trkpt lat="35.578183" lon="139.045856"><ele>200.0</ele></trkpt>
      <trkpt lat="35.578128" lon="139.045692"><ele>200.0</ele></trkpt>
      <trkpt lat="35.578006" lon="139.045405"><ele>200.0</ele></trkpt>
      <trkpt lat="35.577889" lon="139.045152"><ele>200.0</ele></trkpt>
      <trkpt lat="35.577778" lon="139.044872"><ele>200.0</ele></trkpt>
      <trkpt lat="35.577709" lon="139.044641"><ele>200.0</ele></trkpt>
      <trkpt lat="35.577644" lon="139.044363"><ele>200.0</ele></trkpt>
      <trkpt lat="35.577564" lon="139.043977"><ele>200.0</ele></trkpt>
      <trkpt lat="35.577429" lon="139.043434"><ele>200.0</ele></trkpt>
      <trkpt lat="35.577401" lon="139.043338"><ele>200.0</ele></trkpt>
      <trkpt lat="35.577284" lon="139.043053"><ele>200.0</ele></trkpt>
      <trkpt lat="35.577206" lon="139.042892"><ele>200.0</ele></trkpt>
      <trkpt lat="35.577066" lon="139.042603"><ele>200.0</ele></trkpt>
      <trkpt lat="35.576952" lon="139.042358"><ele>200.0</ele></trkpt>
      <trkpt lat="35.576908" lon="139.042246"><ele>200.0</ele></trkpt>
      <trkpt lat="35.576872" lon="139.042124"><ele>200.0</ele></trkpt>
      <trkpt lat="35.576833" lon="139.041889"><ele>200.0</ele></trkpt>
      <trkpt lat="35.576815" lon="139.041768"><ele>200.0</ele></trkpt>
      <trkpt lat="35.576795" lon="139.041567"><ele>200.0</ele></trkpt>
      <trkpt lat="35.57675" lon="139.041147"><ele>200.0</ele></trkpt>
      <trkpt lat="35.576707" lon="139.040813"><ele>200.0</ele></trkpt>
      <trkpt lat="35.576667" lon="139.04047"><ele>200.0</ele></trkpt>
      <trkpt lat="35.576624" lon="139.040133"><ele>200.0</ele></trkpt>
      <trkpt lat="35.5766" lon="139.039928"><ele>200.0</ele></trkpt>
      <trkpt lat="35.576579" lon="139.039714"><ele>200.0</ele></trkpt>
      <trkpt lat="35.576589" lon="139.039536"><ele>200.0</ele></trkpt>
      <trkpt lat="35.576615" lon="139.039391"><ele>200.0</ele></trkpt>
      <trkpt lat="35.576729" lon="139.038963"><ele>200.0</ele></trkpt>
      <trkpt lat="35.576749" lon="139.038844"><ele>200.0</ele></trkpt>
      <trkpt lat="35.576742" lon="139.038728"><ele>200.0</ele></trkpt>
      <trkpt lat="35.576717" lon="139.038646"><ele>200.0</ele></trkpt>
      <trkpt lat="35.576667" lon="139.038544"><ele>200.0</ele></trkpt>
      <trkpt lat="35.576583" lon="139.038443"><ele>200.0</ele></trkpt>
      <trkpt lat="35.57643" lon="139.038265"><ele>200.0</ele></trkpt>
      <trkpt lat="35.57635" lon="139.038148"><ele>200.0</ele></trkpt>
      <trkpt lat="35.576308" lon="139.038054"><ele>200.0</ele></trkpt>
      <trkpt lat="35.576261" lon="139.037931"><ele>200.0</ele></trkpt>
      <trkpt lat="35.576182" lon="139.037712"><ele>200.0</ele></trkpt>
      <trkpt lat="35.576105" lon="139.037545"><ele>200.0</ele></trkpt>
      <trkpt lat="35.576047" lon="139.037446"><ele>200.0</ele></trkpt>
      <trkpt lat="35.575987" lon="139.037348"><ele>200.0</ele></trkpt>
      <trkpt lat="35.575907" lon="139.03723"><ele>200.0</ele></trkpt>
      <trkpt lat="35.575731" lon="139.036983"><ele>200.0</ele></trkpt>
      <trkpt lat="35.57555" lon="139.036764"><ele>200.0</ele></trkpt>
      <trkpt lat="35.575452" lon="139.036673"><ele>200.0</ele></trkpt>
      <trkpt lat="35.575373" lon="139.036611"><ele>200.0</ele></trkpt>
      <trkpt lat="35.575239" lon="139.036525"><ele>200.0</ele></trkpt>
      <trkpt lat="35.575086" lon="139.036428"><ele>200.0</ele></trkpt>
      <trkpt lat="35.574965" lon="139.036338"><ele>200.0</ele></trkpt>
      <trkpt lat="35.57487" lon="139.036259"><ele>200.0</ele></trkpt>
      <trkpt lat="35.574819" lon="139.036199"><ele>200.0</ele></trkpt>
      <trkpt lat="35.574779" lon="139.036135"><ele>200.0</ele></trkpt>
      <trkpt lat="35.574745" lon="139.036076"><ele>200.0</ele></trkpt>
      <trkpt lat="35.574709" lon="139.035951"><ele>200.0</ele></trkpt>
      <trkpt lat="35.574667" lon="139.035669"><ele>200.0</ele></trkpt>
      <trkpt lat="35.574642" lon="139.035409"><ele>200.0</ele></trkpt>
      <trkpt lat="35.574601" lon="139.03499"><ele>200.0</ele></trkpt>
      <trkpt lat="35.574558" lon="139.034506"><ele>200.0</ele></trkpt>
      <trkpt lat="35.574523" lon="139.034081"><ele>200.0</ele></trkpt>
      <trkpt lat="35.574505" lon="139.03383"><ele>200.0</ele></trkpt>
      <trkpt lat="35.574479" lon="139.033658"><ele>200.0</ele></trkpt>
      <trkpt lat="35.574443" lon="139.033511"><ele>200.0</ele></trkpt>
      <trkpt lat="35.574393" lon="139.033391"><ele>200.0</ele></trkpt>
      <trkpt lat="35.574348" lon="139.033317"><ele>200.0</ele></trkpt>
      <trkpt lat="35.574277" lon="139.033242"><ele>200.0</ele></trkpt>
      <trkpt lat="35.574168" lon="139.033148"><ele>200.0</ele></trkpt>
      <trkpt lat="35.573917" lon="139.032971"><ele>200.0</ele></trkpt>
      <trkpt lat="35.573725" lon="139.032839"><ele>200.0</ele></trkpt>
      <trkpt lat="35.573462" lon="139.032634"><ele>200.0</ele></trkpt>
      <trkpt lat="35.57325" lon="139.032424"><ele>200.0</ele></trkpt>
      <trkpt lat="35.57316" lon="139.032317"><ele>200.0</ele></trkpt>
      <trkpt lat="35.573078" lon="139.032196"><ele>200.0</ele></trkpt>
      <trkpt lat="35.573014" lon="139.032078"><ele>200.0</ele></trkpt>
      <trkpt lat="35.572971" lon="139.031963"><ele>200.0</ele></trkpt>
      <trkpt lat="35.572943" lon="139.031829"><ele>200.0</ele></trkpt>
      <trkpt lat="35.572895" lon="139.031473"><ele>200.0</ele></trkpt>
      <trkpt lat="35.572867" lon="139.031299"><ele>200.0</ele></trkpt>
      <trkpt lat="35.572834" lon="139.031164"><ele>200.0</ele></trkpt>
      <trkpt lat="35.572778" lon="139.030994"><ele>200.0</ele></trkpt>
      <trkpt lat="35.572648" lon="139.03069"><ele>200.0</ele></trkpt>
      <trkpt lat="35.572523" lon="139.030404"><ele>200.0</ele></trkpt>
      <trkpt lat="35.572322" lon="139.029947"><ele>200.0</ele></trkpt>
      <trkpt lat="35.572168" lon="139.029599"><ele>200.0</ele></trkpt>
      <trkpt lat="35.571984" lon="139.029189"><ele>200.0</ele></trkpt>
      <trkpt lat="35.571842" lon="139.028863"><ele>200.0</ele></trkpt>
      <trkpt lat="35.571759" lon="139.028652"><ele>200.0</ele></trkpt>
      <trkpt lat="35.571694" lon="139.028451"><ele>200.0</ele></trkpt>
      <trkpt lat="35.571595" lon="139.028"><ele>200.0</ele></trkpt>
      <trkpt lat="35.571503" lon="139.027545"><ele>200.0</ele></trkpt>
      <trkpt lat="35.571473" lon="139.02737"><ele>200.0</ele></trkpt>
      <trkpt lat="35.571468" lon="139.027231"><ele>200.0</ele></trkpt>
      <trkpt lat="35.571478" lon="139.02711"><ele>200.0</ele></trkpt>
      <trkpt lat="35.571505" lon="139.02698"><ele>200.0</ele></trkpt>
      <trkpt lat="35.571562" lon="139.026772"><ele>200.0</ele></trkpt>
      <trkpt lat="35.571623" lon="139.026604"><ele>200.0</ele></trkpt>
      <trkpt lat="35.571659" lon="139.026428"><ele>200.0</ele></trkpt>
      <trkpt lat="35.57169" lon="139.026156"><ele>200.0</ele></trkpt>
      <trkpt lat="35.571719" lon="139.025943"><ele>200.0</ele></trkpt>
      <trkpt lat="35.571732" lon="139.025804"><ele>200.0</ele></trkpt>
      <trkpt lat="35.571744" lon="139.025656"><ele>200.0</ele></trkpt>
      <trkpt lat="35.571732" lon="139.025557"><ele>200.0</ele></trkpt>
      <trkpt lat="35.571717" lon="139.025473"><ele>200.0</ele></trkpt>
      <trkpt lat="35.571672" lon="139.025368"><ele>200.0</ele></trkpt>
      <trkpt lat="35.5716" lon="139.025258"><ele>200.0</ele></trkpt>
      <trkpt lat="35.571498" lon="139.025134"><ele>200.0</ele></trkpt>
      <trkpt lat="35.571442" lon="139.025071"><ele>200.0</ele></trkpt>
      <trkpt lat="35.571386" lon="139.025004"><ele>200.0</ele></trkpt>
      <trkpt lat="35.57132" lon="139.024938"><ele>200.0</ele></trkpt>
      <trkpt lat="35.571254" lon="139.024881"><ele>200.0</ele></trkpt>
      <trkpt lat="35.571164" lon="139.024816"><ele>200.0</ele></trkpt>
      <trkpt lat="35.571064" lon="139.024741"><ele>200.0</ele></trkpt>
      <trkpt lat="35.570989" lon="139.024657"><ele>200.0</ele></trkpt>
      <trkpt lat="35.570945" lon="139.024568"><ele>200.0</ele></trkpt>
      <trkpt lat="35.570917" lon="139.024461"><ele>200.0</ele></trkpt>
      <trkpt lat="35.570904" lon="139.02434"><ele>200.0</ele></trkpt>
      <trkpt lat="35.570917" lon="139.02423"><ele>200.0</ele></trkpt>
      <trkpt lat="35.570948" lon="139.02409"><ele>200.0</ele></trkpt>
      <trkpt lat="35.570998" lon="139.023893"><ele>200.0</ele></trkpt>
      <trkpt lat="35.571074" lon="139.023638"><ele>200.0</ele></trkpt>
      <trkpt lat="35.571129" lon="139.023395"><ele>200.0</ele></trkpt>
      <trkpt lat="35.571158" lon="139.023251"><ele>200.0</ele></trkpt>
      <trkpt lat="35.571172" lon="139.023116"><ele>200.0</ele></trkpt>
      <trkpt lat="35.571181" lon="139.022969"><ele>200.0</ele></trkpt>
      <trkpt lat="35.571167" lon="139.022585"><ele>200.0</ele></trkpt>
      <trkpt lat="35.571154" lon="139.022255"><ele>200.0</ele></trkpt>
      <trkpt lat="35.571132" lon="139.022003"><ele>200.0</ele></trkpt>
      <trkpt lat="35.571077" lon="139.021722"><ele>200.0</ele></trkpt>
      <trkpt lat="35.571058" lon="139.0216"><ele>200.0</ele></trkpt>
      <trkpt lat="35.57106" lon="139.021497"><ele>200.0</ele></trkpt>
      <trkpt lat="35.57109" lon="139.021393"><ele>200.0</ele></trkpt>
      <trkpt lat="35.571124" lon="139.021313"><ele>200.0</ele></trkpt>
      <trkpt lat="35.571255" lon="139.021066"><ele>200.0</ele></trkpt>
      <trkpt lat="35.571274" lon="139.020989"><ele>200.0</ele></trkpt>
      <trkpt lat="35.571281" lon="139.020889"><ele>200.0</ele></trkpt>
      <trkpt lat="35.57127" lon="139.020736"><ele>200.0</ele></trkpt>
      <trkpt lat="35.571239" lon="139.020374"><ele>200.0</ele></trkpt>
      <trkpt lat="35.571227" lon="139.020099"><ele>200.0</ele></trkpt>
      <trkpt lat="35.571212" lon="139.019848"><ele>200.0</ele></trkpt>
      <trkpt lat="35.571191" lon="139.019721"><ele>200.0</ele></trkpt>
      <trkpt lat="35.571163" lon="139.019617"><ele>200.0</ele></trkpt>
      <trkpt lat="35.571126" lon="139.019529"><ele>200.0</ele></trkpt>
      <trkpt lat="35.571064" lon="139.019431"><ele>200.0</ele></trkpt>
      <trkpt lat="35.57097" lon="139.019288"><ele>200.0</ele></trkpt>
      <trkpt lat="35.570925" lon="139.019196"><ele>200.0</ele></trkpt>
      <trkpt lat="35.570892" lon="139.019095"><ele>200.0</ele></trkpt>
      <trkpt lat="35.570877" lon="139.018988"><ele>200.0</ele></trkpt>
      <trkpt lat="35.570874" lon="139.018877"><ele>200.0</ele></trkpt>
      <trkpt lat="35.570892" lon="139.018779"><ele>200.0</ele></trkpt>
      <trkpt lat="35.570937" lon="139.018686"><ele>200.0</ele></trkpt>
      <trkpt lat="35.570982" lon="139.018628"><ele>200.0</ele></trkpt>
      <trkpt lat="35.571023" lon="139.018589"><ele>200.0</ele></trkpt>
      <trkpt lat="35.571169" lon="139.018484"><ele>200.0</ele></trkpt>
      <trkpt lat="35.571324" lon="139.01838"><ele>200.0</ele></trkpt>
      <trkpt lat="35.571439" lon="139.018302"><ele>200.0</ele></trkpt>
      <trkpt lat="35.571539" lon="139.018207"><ele>200.0</ele></trkpt>
      <trkpt lat="35.571684" lon="139.018079"><ele>200.0</ele></trkpt>
      <trkpt lat="35.571811" lon="139.017974"><ele>200.0</ele></trkpt>
      <trkpt lat="35.571916" lon="139.017911"><ele>200.0</ele></trkpt>
      <trkpt lat="35.572037" lon="139.017849"><ele>200.0</ele></trkpt>
      <trkpt lat="35.572126" lon="139.017822"><ele>200.0</ele></trkpt>
      <trkpt lat="35.572228" lon="139.017801"><ele>200.0</ele></trkpt>
      <trkpt lat="35.572357" lon="139.017799"><ele>200.0</ele></trkpt>
      <trkpt lat="35.572488" lon="139.017801"><ele>200.0</ele></trkpt>
      <trkpt lat="35.572599" lon="139.017805"><ele>200.0</ele></trkpt>
      <trkpt lat="35.572723" lon="139.01779"><ele>200.0</ele></trkpt>
      <trkpt lat="35.572815" lon="139.017764"><ele>200.0</ele></trkpt>
      <trkpt lat="35.572903" lon="139.017714"><ele>200.0</ele></trkpt>
      <trkpt lat="35.572965" lon="139.017661"><ele>200.0</ele></trkpt>
      <trkpt lat="35.573009" lon="139.017609"><ele>200.0</ele></trkpt>
      <trkpt lat="35.573048" lon="139.017548"><ele>200.0</ele></trkpt>
      <trkpt lat="35.573074" lon="139.017463"><ele>200.0</ele></trkpt>
      <trkpt lat="35.573086" lon="139.017385"><ele>200.0</ele></trkpt>
      <trkpt lat="35.573093" lon="139.017288"><ele>200.0</ele></trkpt>
      <trkpt lat="35.573083" lon="139.017215"><ele>200.0</ele></trkpt>
      <trkpt lat="35.57306" lon="139.017141"><ele>200.0</ele></trkpt>
      <trkpt lat="35.573029" lon="139.017077"><ele>200.0</ele></trkpt>
      <trkpt lat="35.572971" lon="139.017005"><ele>200.0</ele></trkpt>
      <trkpt lat="35.572898" lon="139.016957"><ele>200.0</ele></trkpt>
      <trkpt lat="35.572815" lon="139.016936"><ele>200.0</ele></trkpt>
      <trkpt lat="35.572698" lon="139.01694"><ele>200.0</ele></trkpt>
      <trkpt lat="35.572531" lon="139.016987"><ele>200.0</ele></trkpt>
      <trkpt lat="35.571924" lon="139.017231"><ele>200.0</ele></trkpt>
      <trkpt lat="35.57161" lon="139.017354"><ele>200.0</ele></trkpt>
      <trkpt lat="35.571425" lon="139.017426"><ele>200.0</ele></trkpt>
      <trkpt lat="35.571282" lon="139.017478"><ele>200.0</ele></trkpt>
      <trkpt lat="35.571198" lon="139.017504"><ele>200.0</ele></trkpt>
      <trkpt lat="35.571086" lon="139.017521"><ele>200.0</ele></trkpt>
      <trkpt lat="35.571001" lon="139.017527"><ele>200.0</ele></trkpt>
      <trkpt lat="35.570916" lon="139.01752"><ele>200.0</ele></trkpt>
      <trkpt lat="35.57077" lon="139.01746"><ele>200.0</ele></trkpt>
      <trkpt lat="35.570306" lon="139.017168"><ele>200.0</ele></trkpt>
      <trkpt lat="35.570208" lon="139.017103"><ele>200.0</ele></trkpt>
      <trkpt lat="35.570109" lon="139.01702"><ele>200.0</ele></trkpt>
      <trkpt lat="35.569975" lon="139.016884"><ele>200.0</ele></trkpt>
      <trkpt lat="35.569883" lon="139.016753"><ele>200.0</ele></trkpt>
      <trkpt lat="35.569817" lon="139.016633"><ele>200.0</ele></trkpt>
      <trkpt lat="35.569744" lon="139.016466"><ele>200.0</ele></trkpt>
      <trkpt lat="35.56964" lon="139.016169"><ele>200.0</ele></trkpt>
      <trkpt lat="35.56956" lon="139.01594"><ele>200.0</ele></trkpt>
      <trkpt lat="35.569477" lon="139.015717"><ele>200.0</ele></trkpt>
      <trkpt lat="35.569364" lon="139.015476"><ele>200.0</ele></trkpt>
      <trkpt lat="35.569276" lon="139.015332"><ele>200.0</ele></trkpt>
      <trkpt lat="35.569189" lon="139.015201"><ele>200.0</ele></trkpt>
      <trkpt lat="35.569008" lon="139.014974"><ele>200.0</ele></trkpt>
      <trkpt lat="35.568905" lon="139.014872"><ele>200.0</ele></trkpt>
      <trkpt lat="35.568795" lon="139.014772"><ele>200.0</ele></trkpt>
      <trkpt lat="35.568675" lon="139.014672"><ele>200.0</ele></trkpt>
      <trkpt lat="35.568415" lon="139.014483"><ele>200.0</ele></trkpt>
      <trkpt lat="35.568175" lon="139.014293"><ele>200.0</ele></trkpt>
      <trkpt lat="35.567924" lon="139.014038"><ele>200.0</ele></trkpt>
      <trkpt lat="35.566797" lon="139.01278"><ele>200.0</ele></trkpt>
      <trkpt lat="35.565572" lon="139.011433"><ele>200.0</ele></trkpt>
      <trkpt lat="35.563942" lon="139.009389"><ele>200.0</ele></trkpt>
      <trkpt lat="35.563729" lon="139.009165"><ele>200.0</ele></trkpt>
      <trkpt lat="35.563509" lon="139.008906"><ele>200.0</ele></trkpt>
      <trkpt lat="35.563376" lon="139.008741"><ele>200.0</ele></trkpt>
      <trkpt lat="35.56322" lon="139.008548"><ele>200.0</ele></trkpt>
      <trkpt lat="35.56314" lon="139.008426"><ele>200.0</ele></trkpt>
      <trkpt lat="35.56306" lon="139.008278"><ele>200.0</ele></trkpt>
      <trkpt lat="35.562915" lon="139.008018"><ele>200.0</ele></trkpt>
      <trkpt lat="35.562805" lon="139.00789"><ele>200.0</ele></trkpt>
      <trkpt lat="35.562749" lon="139.007852"><ele>200.0</ele></trkpt>
      <trkpt lat="35.562673" lon="139.007822"><ele>200.0</ele></trkpt>
      <trkpt lat="35.562573" lon="139.00782"><ele>200.0</ele></trkpt>
      <trkpt lat="35.56248" lon="139.007841"><ele>200.0</ele></trkpt>
      <trkpt lat="35.562368" lon="139.007903"><ele>200.0</ele></trkpt>
      <trkpt lat="35.56215" lon="139.008072"><ele>200.0</ele></trkpt>
      <trkpt lat="35.561948" lon="139.008211"><ele>200.0</ele></trkpt>
      <trkpt lat="35.561854" lon="139.008242"><ele>200.0</ele></trkpt>
      <trkpt lat="35.561756" lon="139.008252"><ele>200.0</ele></trkpt>
      <trkpt lat="35.561688" lon="139.008218"><ele>200.0</ele></trkpt>
      <trkpt lat="35.561619" lon="139.008161"><ele>200.0</ele></trkpt>
      <trkpt lat="35.561566" lon="139.008091"><ele>200.0</ele></trkpt>
      <trkpt lat="35.561535" lon="139.008022"><ele>200.0</ele></trkpt>
      <trkpt lat="35.561533" lon="139.007952"><ele>200.0</ele></trkpt>
      <trkpt lat="35.561537" lon="139.007868"><ele>200.0</ele></trkpt>
      <trkpt lat="35.561566" lon="139.007785"><ele>200.0</ele></trkpt>
      <trkpt lat="35.561619" lon="139.0077"><ele>200.0</ele></trkpt>
      <trkpt lat="35.561693" lon="139.00762"><ele>200.0</ele></trkpt>
      <trkpt lat="35.56186" lon="139.007503"><ele>200.0</ele></trkpt>
      <trkpt lat="35.562109" lon="139.007333"><ele>200.0</ele></trkpt>
      <trkpt lat="35.562255" lon="139.007206"><ele>200.0</ele></trkpt>
      <trkpt lat="35.562313" lon="139.007145"><ele>200.0</ele></trkpt>
      <trkpt lat="35.562396" lon="139.007054"><ele>200.0</ele></trkpt>
      <trkpt lat="35.562475" lon="139.006964"><ele>200.0</ele></trkpt>
      <trkpt lat="35.562569" lon="139.006804"><ele>200.0</ele></trkpt>
      <trkpt lat="35.562636" lon="139.006689"><ele>200.0</ele></trkpt>
      <trkpt lat="35.562719" lon="139.006491"><ele>200.0</ele></trkpt>
      <trkpt lat="35.562792" lon="139.006276"><ele>200.0</ele></trkpt>
      <trkpt lat="35.563039" lon="139.005365"><ele>200.0</ele></trkpt>
      <trkpt lat="35.563325" lon="139.00431"><ele>200.0</ele></trkpt>
      <trkpt lat="35.563577" lon="139.003314"><ele>200.0</ele></trkpt>
      <trkpt lat="35.563636" lon="139.003052"><ele>200.0</ele></trkpt>
      <trkpt lat="35.563668" lon="139.002857"><ele>200.0</ele></trkpt>
      <trkpt lat="35.563685" lon="139.002703"><ele>200.0</ele></trkpt>
      <trkpt lat="35.563696" lon="139.002544"><ele>200.0</ele></trkpt>
      <trkpt lat="35.563695" lon="139.002394"><ele>200.0</ele></trkpt>
      <trkpt lat="35.563668" lon="139.002222"><ele>200.0</ele></trkpt>
      <trkpt lat="35.563646" lon="139.002098"><ele>200.0</ele></trkpt>
      <trkpt lat="35.5636" lon="139.001897"><ele>200.0</ele></trkpt>
      <trkpt lat="35.563539" lon="139.001682"><ele>200.0</ele></trkpt>
      <trkpt lat="35.563427" lon="139.001326"><ele>200.0</ele></trkpt>
      <trkpt lat="35.563355" lon="139.001063"><ele>200.0</ele></trkpt>
      <trkpt lat="35.563306" lon="139.000871"><ele>200.0</ele></trkpt>
      <trkpt lat="35.563274" lon="139.000746"><ele>200.0</ele></trkpt>
      <trkpt lat="35.563249" lon="139.000629"><ele>200.0</ele></trkpt>
      <trkpt lat="35.563227" lon="139.000438"><ele>200.0</ele></trkpt>
      <trkpt lat="35.563221" lon="139.000264"><ele>200.0</ele></trkpt>
      <trkpt lat="35.563229" lon="138.999973"><ele>200.0</ele></trkpt>
      <trkpt lat="35.563226" lon="138.999741"><ele>200.0</ele></trkpt>
      <trkpt lat="35.563216" lon="138.999586"><ele>200.0</ele></trkpt>
      <trkpt lat="35.563162" lon="138.999256"><ele>200.0</ele></trkpt>
      <trkpt lat="35.563135" lon="138.999064"><ele>200.0</ele></trkpt>
      <trkpt lat="35.563122" lon="138.998883"><ele>200.0</ele></trkpt>
      <trkpt lat="35.563108" lon="138.998479"><ele>200.0</ele></trkpt>
      <trkpt lat="35.563106" lon="138.998271"><ele>200.0</ele></trkpt>
      <trkpt lat="35.56309" lon="138.998153"><ele>200.0</ele></trkpt>
      <trkpt lat="35.563052" lon="138.998033"><ele>200.0</ele></trkpt>
      <trkpt lat="35.562993" lon="138.997916"><ele>200.0</ele></trkpt>
      <trkpt lat="35.562945" lon="138.997841"><ele>200.0</ele></trkpt>
      <trkpt lat="35.562882" lon="138.99777"><ele>200.0</ele></trkpt>
      <trkpt lat="35.562803" lon="138.997706"><ele>200.0</ele></trkpt>
      <trkpt lat="35.562674" lon="138.997635"><ele>200.0</ele></trkpt>
      <trkpt lat="35.562478" lon="138.997559"><ele>200.0</ele></trkpt>
      <trkpt lat="35.562419" lon="138.997496"><ele>200.0</ele></trkpt>
      <trkpt lat="35.562372" lon="138.997417"><ele>200.0</ele></trkpt>
      <trkpt lat="35.56233" lon="138.997315"><ele>200.0</ele></trkpt>
      <trkpt lat="35.562223" lon="138.996913"><ele>200.0</ele></trkpt>
      <trkpt lat="35.562148" lon="138.99664"><ele>200.0</ele></trkpt>
      <trkpt lat="35.562079" lon="138.996448"><ele>200.0</ele></trkpt>
      <trkpt lat="35.561974" lon="138.996197"><ele>200.0</ele></trkpt>
      <trkpt lat="35.561817" lon="138.99581"><ele>200.0</ele></trkpt>
      <trkpt lat="35.561712" lon="138.995564"><ele>200.0</ele></trkpt>
      <trkpt lat="35.561647" lon="138.995435"><ele>200.0</ele></trkpt>
      <trkpt lat="35.561548" lon="138.99529"><ele>200.0</ele></trkpt>
      <trkpt lat="35.561467" lon="138.995172"><ele>200.0</ele></trkpt>
      <trkpt lat="35.561418" lon="138.995054"><ele>200.0</ele></trkpt>
      <trkpt lat="35.561403" lon="138.994958"><ele>200.0</ele></trkpt>
      <trkpt lat="35.561393" lon="138.99486"><ele>200.0</ele></trkpt>
      <trkpt lat="35.561403" lon="138.994614"><ele>200.0</ele></trkpt>
      <trkpt lat="35.561387" lon="138.994477"><ele>200.0</ele></trkpt>
      <trkpt lat="35.561344" lon="138.994346"><ele>200.0</ele></trkpt>
      <trkpt lat="35.561246" lon="138.994138"><ele>200.0</ele></trkpt>
      <trkpt lat="35.561172" lon="138.993974"><ele>200.0</ele></trkpt>
      <trkpt lat="35.561133" lon="138.993836"><ele>200.0</ele></trkpt>
      <trkpt lat="35.56109" lon="138.993618"><ele>200.0</ele></trkpt>
      <trkpt lat="35.561045" lon="138.993336"><ele>200.0</ele></trkpt>
      <trkpt lat="35.561018" lon="138.993231"><ele>200.0</ele></trkpt>
      <trkpt lat="35.560979" lon="138.993085"><ele>200.0</ele></trkpt>
      <trkpt lat="35.560908" lon="138.992891"><ele>200.0</ele></trkpt>
      <trkpt lat="35.56079" lon="138.992579"><ele>200.0</ele></trkpt>
      <trkpt lat="35.560724" lon="138.992381"><ele>200.0</ele></trkpt>
      <trkpt lat="35.560687" lon="138.992213"><ele>200.0</ele></trkpt>
      <trkpt lat="35.560674" lon="138.991994"><ele>200.0</ele></trkpt>
      <trkpt lat="35.560695" lon="138.991404"><ele>200.0</ele></trkpt>
      <trkpt lat="35.560702" lon="138.991199"><ele>200.0</ele></trkpt>
      <trkpt lat="35.560711" lon="138.990955"><ele>200.0</ele></trkpt>
      <trkpt lat="35.560746" lon="138.990767"><ele>200.0</ele></trkpt>
      <trkpt lat="35.560775" lon="138.990667"><ele>200.0</ele></trkpt>
      <trkpt lat="35.560827" lon="138.99053"><ele>200.0</ele></trkpt>
      <trkpt lat="35.560897" lon="138.990383"><ele>200.0</ele></trkpt>
      <trkpt lat="35.561003" lon="138.990188"><ele>200.0</ele></trkpt>
      <trkpt lat="35.561049" lon="138.990067"><ele>200.0</ele></trkpt>
      <trkpt lat="35.5611" lon="138.989903"><ele>200.0</ele></trkpt>
      <trkpt lat="35.561135" lon="138.989741"><ele>200.0</ele></trkpt>
      <trkpt lat="35.561145" lon="138.989604"><ele>200.0</ele></trkpt>
      <trkpt lat="35.561128" lon="138.989453"><ele>200.0</ele></trkpt>
      <trkpt lat="35.561098" lon="138.989313"><ele>200.0</ele></trkpt>
      <trkpt lat="35.561018" lon="138.989005"><ele>200.0</ele></trkpt>
      <trkpt lat="35.56094" lon="138.988676"><ele>200.0</ele></trkpt>
      <trkpt lat="35.5609" lon="138.988519"><ele>200.0</ele></trkpt>
      <trkpt lat="35.560773" lon="138.988018"><ele>200.0</ele></trkpt>
      <trkpt lat="35.56075" lon="138.987897"><ele>200.0</ele></trkpt>
      <trkpt lat="35.560737" lon="138.987631"><ele>200.0</ele></trkpt>
      <trkpt lat="35.560718" lon="138.987326"><ele>200.0</ele></trkpt>
      <trkpt lat="35.560704" lon="138.987189"><ele>200.0</ele></trkpt>
      <trkpt lat="35.560676" lon="138.987043"><ele>200.0</ele></trkpt>
      <trkpt lat="35.560652" lon="138.98692"><ele>200.0</ele></trkpt>
      <trkpt lat="35.560608" lon="138.986782"><ele>200.0</ele></trkpt>
      <trkpt lat="35.560558" lon="138.986648"><ele>200.0</ele></trkpt>
      <trkpt lat="35.560511" lon="138.986525"><ele>200.0</ele></trkpt>
      <trkpt lat="35.560473" lon="138.986399"><ele>200.0</ele></trkpt>
      <trkpt lat="35.560459" lon="138.986316"><ele>200.0</ele></trkpt>
      <trkpt lat="35.560447" lon="138.98583"><ele>200.0</ele></trkpt>
      <trkpt lat="35.560433" lon="138.98574"><ele>200.0</ele></trkpt>
      <trkpt lat="35.560401" lon="138.985635"><ele>200.0</ele></trkpt>
      <trkpt lat="35.560338" lon="138.985471"><ele>200.0</ele></trkpt>
      <trkpt lat="35.560256" lon="138.985271"><ele>200.0</ele></trkpt>
      <trkpt lat="35.560209" lon="138.985103"><ele>200.0</ele></trkpt>
      <trkpt lat="35.56018" lon="138.984932"><ele>200.0</ele></trkpt>
      <trkpt lat="35.560167" lon="138.984691"><ele>200.0</ele></trkpt>
      <trkpt lat="35.56016" lon="138.984451"><ele>200.0</ele></trkpt>
      <trkpt lat="35.560152" lon="138.984319"><ele>200.0</ele></trkpt>
      <trkpt lat="35.560146" lon="138.98421"><ele>200.0</ele></trkpt>
      <trkpt lat="35.560122" lon="138.983958"><ele>200.0</ele></trkpt>
      <trkpt lat="35.560094" lon="138.983747"><ele>200.0</ele></trkpt>
      <trkpt lat="35.560073" lon="138.983564"><ele>200.0</ele></trkpt>
      <trkpt lat="35.560057" lon="138.983394"><ele>200.0</ele></trkpt>
      <trkpt lat="35.560049" lon="138.983136"><ele>200.0</ele></trkpt>
      <trkpt lat="35.560053" lon="138.98281"><ele>200.0</ele></trkpt>
      <trkpt lat="35.560055" lon="138.982518"><ele>200.0</ele></trkpt>
      <trkpt lat="35.560066" lon="138.982307"><ele>200.0</ele></trkpt>
      <trkpt lat="35.560075" lon="138.982072"><ele>200.0</ele></trkpt>
      <trkpt lat="35.560115" lon="138.981695"><ele>200.0</ele></trkpt>
      <trkpt lat="35.560139" lon="138.981468"><ele>200.0</ele></trkpt>
      <trkpt lat="35.560145" lon="138.981326"><ele>200.0</ele></trkpt>
      <trkpt lat="35.560129" lon="138.981073"><ele>200.0</ele></trkpt>
      <trkpt lat="35.560105" lon="138.980827"><ele>200.0</ele></trkpt>
      <trkpt lat="35.560086" lon="138.980623"><ele>200.0</ele></trkpt>
      <trkpt lat="35.560106" lon="138.980388"><ele>200.0</ele></trkpt>
      <trkpt lat="35.560126" lon="138.980268"><ele>200.0</ele></trkpt>
      <trkpt lat="35.56015" lon="138.980138"><ele>200.0</ele></trkpt>
      <trkpt lat="35.560198" lon="138.97992"><ele>200.0</ele></trkpt>
      <trkpt lat="35.560267" lon="138.979599"><ele>200.0</ele></trkpt>
      <trkpt lat="35.560333" lon="138.979303"><ele>200.0</ele></trkpt>
      <trkpt lat="35.560411" lon="138.979009"><ele>200.0</ele></trkpt>
      <trkpt lat="35.560472" lon="138.978787"><ele>200.0</ele></trkpt>
      <trkpt lat="35.560552" lon="138.978537"><ele>200.0</ele></trkpt>
      <trkpt lat="35.560678" lon="138.978149"><ele>200.0</ele></trkpt>
      <trkpt lat="35.560849" lon="138.97767"><ele>200.0</ele></trkpt>
      <trkpt lat="35.560993" lon="138.977244"><ele>200.0</ele></trkpt>
      <trkpt lat="35.561108" lon="138.976907"><ele>200.0</ele></trkpt>
      <trkpt lat="35.561208" lon="138.976623"><ele>200.0</ele></trkpt>
      <trkpt lat="35.561283" lon="138.976406"><ele>200.0</ele></trkpt>
      <trkpt lat="35.561345" lon="138.976243"><ele>200.0</ele></trkpt>
      <trkpt lat="35.561402" lon="138.976094"><ele>200.0</ele></trkpt>
      <trkpt lat="35.561462" lon="138.975968"><ele>200.0</ele></trkpt>
      <trkpt lat="35.56153" lon="138.975853"><ele>200.0</ele></trkpt>
      <trkpt lat="35.56165" lon="138.975688"><ele>200.0</ele></trkpt>
      <trkpt lat="35.561788" lon="138.975509"><ele>200.0</ele></trkpt>
      <trkpt lat="35.561949" lon="138.975313"><ele>200.0</ele></trkpt>
      <trkpt lat="35.562048" lon="138.975188"><ele>200.0</ele></trkpt>
      <trkpt lat="35.562191" lon="138.974991"><ele>200.0</ele></trkpt>
      <trkpt lat="35.562318" lon="138.974793"><ele>200.0</ele></trkpt>
      <trkpt lat="35.562453" lon="138.974567"><ele>200.0</ele></trkpt>
      <trkpt lat="35.562537" lon="138.974404"><ele>200.0</ele></trkpt>
      <trkpt lat="35.562629" lon="138.974207"><ele>200.0</ele></trkpt>
      <trkpt lat="35.562704" lon="138.974026"><ele>200.0</ele></trkpt>
      <trkpt lat="35.562747" lon="138.973889"><ele>200.0</ele></trkpt>
      <trkpt lat="35.562784" lon="138.973749"><ele>200.0</ele></trkpt>
      <trkpt lat="35.562813" lon="138.973604"><ele>200.0</ele></trkpt>
      <trkpt lat="35.562833" lon="138.973464"><ele>200.0</ele></trkpt>
      <trkpt lat="35.562851" lon="138.973258"><ele>200.0</ele></trkpt>
      <trkpt lat="35.563027" lon="138.973312"><ele>200.0</ele></trkpt>
      <trkpt lat="35.563148" lon="138.97332"><ele>200.0</ele></trkpt>
      <trkpt lat="35.563215" lon="138.973295"><ele>200.0</ele></trkpt>
      <trkpt lat="35.56332" lon="138.973241"><ele>200.0</ele></trkpt>
      <trkpt lat="35.563395" lon="138.973209"><ele>200.0</ele></trkpt>
      <trkpt lat="35.5635" lon="138.973199"><ele>200.0</ele></trkpt>
      <trkpt lat="35.563568" lon="138.973216"><ele>200.0</ele></trkpt>
      <trkpt lat="35.563619" lon="138.973243"><ele>200.0</ele></trkpt>
      <trkpt lat="35.563807" lon="138.973377"><ele>200.0</ele></trkpt>
      <trkpt lat="35.564094" lon="138.973547"><ele>200.0</ele></trkpt>
      <trkpt lat="35.564425" lon="138.97375"><ele>200.0</ele></trkpt>
      <trkpt lat="35.564606" lon="138.973849"><ele>200.0</ele></trkpt>
      <trkpt lat="35.564737" lon="138.973912"><ele>200.0</ele></trkpt>
      <trkpt lat="35.564905" lon="138.973993"><ele>200.0</ele></trkpt>
      <trkpt lat="35.564982" lon="138.974043"><ele>200.0</ele></trkpt>
      <trkpt lat="35.565046" lon="138.974098"><ele>200.0</ele></trkpt>
      <trkpt lat="35.565127" lon="138.97419"><ele>200.0</ele></trkpt>
      <trkpt lat="35.565329" lon="138.974526"><ele>200.0</ele></trkpt>
      <trkpt lat="35.565452" lon="138.974738"><ele>200.0</ele></trkpt>
      <trkpt lat="35.565532" lon="138.974854"><ele>200.0</ele></trkpt>
      <trkpt lat="35.565611" lon="138.974932"><ele>200.0</ele></trkpt>
      <trkpt lat="35.565737" lon="138.975006"><ele>200.0</ele></trkpt>
      <trkpt lat="35.565966" lon="138.975131"><ele>200.0</ele></trkpt>
      <trkpt lat="35.566281" lon="138.975308"><ele>200.0</ele></trkpt>
      <trkpt lat="35.566418" lon="138.975388"><ele>200.0</ele></trkpt>
      <trkpt lat="35.566497" lon="138.975455"><ele>200.0</ele></trkpt>
      <trkpt lat="35.56659" lon="138.975558"><ele>200.0</ele></trkpt>
      <trkpt lat="35.566658" lon="138.975674"><ele>200.0</ele></trkpt>
      <trkpt lat="35.566705" lon="138.97583"><ele>200.0</ele></trkpt>
      <trkpt lat="35.566749" lon="138.975998"><ele>200.0</ele></trkpt>
      <trkpt lat="35.566798" lon="138.976137"><ele>200.0</ele></trkpt>
      <trkpt lat="35.566847" lon="138.976204"><ele>200.0</ele></trkpt>
      <trkpt lat="35.566904" lon="138.976264"><ele>200.0</ele></trkpt>
      <trkpt lat="35.567027" lon="138.976369"><ele>200.0</ele></trkpt>
      <trkpt lat="35.567151" lon="138.976451"><ele>200.0</ele></trkpt>
      <trkpt lat="35.567426" lon="138.976607"><ele>200.0</ele></trkpt>
      <trkpt lat="35.567689" lon="138.976773"><ele>200.0</ele></trkpt>
      <trkpt lat="35.56782" lon="138.976872"><ele>200.0</ele></trkpt>
      <trkpt lat="35.567946" lon="138.977003"><ele>200.0</ele></trkpt>
      <trkpt lat="35.568019" lon="138.97709"><ele>200.0</ele></trkpt>
      <trkpt lat="35.568091" lon="138.977178"><ele>200.0</ele></trkpt>
      <trkpt lat="35.568219" lon="138.977364"><ele>200.0</ele></trkpt>
      <trkpt lat="35.568335" lon="138.977596"><ele>200.0</ele></trkpt>
      <trkpt lat="35.568479" lon="138.9778"><ele>200.0</ele></trkpt>
      <trkpt lat="35.568599" lon="138.978021"><ele>200.0</ele></trkpt>
      <trkpt lat="35.568646" lon="138.978139"><ele>200.0</ele></trkpt>
      <trkpt lat="35.568676" lon="138.978295"><ele>200.0</ele></trkpt>
      <trkpt lat="35.568676" lon="138.978443"><ele>200.0</ele></trkpt>
      <trkpt lat="35.568669" lon="138.978766"><ele>200.0</ele></trkpt>
      <trkpt lat="35.568668" lon="138.978898"><ele>200.0</ele></trkpt>
      <trkpt lat="35.568699" lon="138.979007"><ele>200.0</ele></trkpt>
      <trkpt lat="35.568746" lon="138.979132"><ele>200.0</ele></trkpt>
      <trkpt lat="35.56883" lon="138.979283"><ele>200.0</ele></trkpt>
      <trkpt lat="35.568909" lon="138.979412"><ele>200.0</ele></trkpt>
      <trkpt lat="35.569022" lon="138.979597"><ele>200.0</ele></trkpt>
      <trkpt lat="35.569232" lon="138.980008"><ele>200.0</ele></trkpt>
      <trkpt lat="35.569354" lon="138.980238"><ele>200.0</ele></trkpt>
      <trkpt lat="35.569515" lon="138.980485"><ele>200.0</ele></trkpt>
      <trkpt lat="35.569771" lon="138.980941"><ele>200.0</ele></trkpt>
      <trkpt lat="35.569935" lon="138.981213"><ele>200.0</ele></trkpt>
      <trkpt lat="35.569994" lon="138.981346"><ele>200.0</ele></trkpt>
      <trkpt lat="35.570097" lon="138.981683"><ele>200.0</ele></trkpt>
      <trkpt lat="35.57015" lon="138.981841"><ele>200.0</ele></trkpt>
      <trkpt lat="35.570212" lon="138.981959"><ele>200.0</ele></trkpt>
      <trkpt lat="35.570261" lon="138.982018"><ele>200.0</ele></trkpt>
      <trkpt lat="35.570315" lon="138.982067"><ele>200.0</ele></trkpt>
      <trkpt lat="35.57043" lon="138.982152"><ele>200.0</ele></trkpt>
      <trkpt lat="35.570577" lon="138.982272"><ele>200.0</ele></trkpt>
      <trkpt lat="35.570678" lon="138.982408"><ele>200.0</ele></trkpt>
      <trkpt lat="35.570786" lon="138.982659"><ele>200.0</ele></trkpt>
      <trkpt lat="35.570895" lon="138.982897"><ele>200.0</ele></trkpt>
      <trkpt lat="35.571106" lon="138.983406"><ele>200.0</ele></trkpt>
      <trkpt lat="35.571191" lon="138.983597"><ele>200.0</ele></trkpt>
      <trkpt lat="35.571265" lon="138.983753"><ele>200.0</ele></trkpt>
      <trkpt lat="35.571313" lon="138.983911"><ele>200.0</ele></trkpt>
      <trkpt lat="35.571353" lon="138.984109"><ele>200.0</ele></trkpt>
      <trkpt lat="35.571374" lon="138.984344"><ele>200.0</ele></trkpt>
      <trkpt lat="35.571402" lon="138.98459"><ele>200.0</ele></trkpt>
      <trkpt lat="35.571418" lon="138.984747"><ele>200.0</ele></trkpt>
      <trkpt lat="35.571414" lon="138.984911"><ele>200.0</ele></trkpt>
      <trkpt lat="35.571391" lon="138.985032"><ele>200.0</ele></trkpt>
      <trkpt lat="35.571321" lon="138.985213"><ele>200.0</ele></trkpt>
      <trkpt lat="35.571273" lon="138.9854"><ele>200.0</ele></trkpt>
      <trkpt lat="35.571264" lon="138.985721"><ele>200.0</ele></trkpt>
      <trkpt lat="35.571264" lon="138.985827"><ele>200.0</ele></trkpt>
      <trkpt lat="35.571286" lon="138.985917"><ele>200.0</ele></trkpt>
      <trkpt lat="35.571322" lon="138.986056"><ele>200.0</ele></trkpt>
      <trkpt lat="35.571401" lon="138.986249"><ele>200.0</ele></trkpt>
      <trkpt lat="35.57144" lon="138.98641"><ele>200.0</ele></trkpt>
      <trkpt lat="35.571467" lon="138.986556"><ele>200.0</ele></trkpt>
      <trkpt lat="35.571467" lon="138.986693"><ele>200.0</ele></trkpt>
      <trkpt lat="35.571481" lon="138.98682"><ele>200.0</ele></trkpt>
      <trkpt lat="35.571511" lon="138.986924"><ele>200.0</ele></trkpt>
      <trkpt lat="35.5716" lon="138.987238"><ele>200.0</ele></trkpt>
      <trkpt lat="35.571626" lon="138.987401"><ele>200.0</ele></trkpt>
      <trkpt lat="35.57162" lon="138.987638"><ele>200.0</ele></trkpt>
      <trkpt lat="35.571591" lon="138.987797"><ele>200.0</ele></trkpt>
      <trkpt lat="35.571548" lon="138.987978"><ele>200.0</ele></trkpt>
      <trkpt lat="35.571465" lon="138.988304"><ele>200.0</ele></trkpt>
      <trkpt lat="35.571431" lon="138.988513"><ele>200.0</ele></trkpt>
      <trkpt lat="35.571422" lon="138.988851"><ele>200.0</ele></trkpt>
      <trkpt lat="35.57139" lon="138.989096"><ele>200.0</ele></trkpt>
      <trkpt lat="35.571355" lon="138.989351"><ele>200.0</ele></trkpt>
      <trkpt lat="35.571307" lon="138.989584"><ele>200.0</ele></trkpt>
      <trkpt lat="35.571224" lon="138.989865"><ele>200.0</ele></trkpt>
      <trkpt lat="35.571165" lon="138.990052"><ele>200.0</ele></trkpt>
      <trkpt lat="35.571119" lon="138.990178"><ele>200.0</ele></trkpt>
      <trkpt lat="35.571057" lon="138.990334"><ele>200.0</ele></trkpt>
      <trkpt lat="35.570945" lon="138.990515"><ele>200.0</ele></trkpt>
      <trkpt lat="35.570769" lon="138.990787"><ele>200.0</ele></trkpt>
      <trkpt lat="35.570727" lon="138.990876"><ele>200.0</ele></trkpt>
      <trkpt lat="35.570698" lon="138.990971"><ele>200.0</ele></trkpt>
      <trkpt lat="35.570692" lon="138.991084"><ele>200.0</ele></trkpt>
      <trkpt lat="35.570712" lon="138.991231"><ele>200.0</ele></trkpt>
      <trkpt lat="35.570724" lon="138.991352"><ele>200.0</ele></trkpt>
      <trkpt lat="35.57071" lon="138.991462"><ele>200.0</ele></trkpt>
      <trkpt lat="35.570649" lon="138.991679"><ele>200.0</ele></trkpt>
      <trkpt lat="35.570623" lon="138.991816"><ele>200.0</ele></trkpt>
      <trkpt lat="35.5706" lon="138.992097"><ele>200.0</ele></trkpt>
      <trkpt lat="35.570581" lon="138.992276"><ele>200.0</ele></trkpt>
      <trkpt lat="35.570539" lon="138.992431"><ele>200.0</ele></trkpt>
      <trkpt lat="35.570456" lon="138.992596"><ele>200.0</ele></trkpt>
      <trkpt lat="35.570383" lon="138.992716"><ele>200.0</ele></trkpt>
      <trkpt lat="35.57033" lon="138.99279"><ele>200.0</ele></trkpt>
      <trkpt lat="35.570399" lon="138.992877"><ele>200.0</ele></trkpt>
      <trkpt lat="35.570434" lon="138.992878"><ele>200.0</ele></trkpt>
      <trkpt lat="35.57047" lon="138.992866"><ele>200.0</ele></trkpt>
      <trkpt lat="35.57052" lon="138.992815"><ele>200.0</ele></trkpt>
      <trkpt lat="35.570571" lon="138.992737"><ele>200.0</ele></trkpt>
      <trkpt lat="35.570631" lon="138.992666"><ele>200.0</ele></trkpt>
      <trkpt lat="35.570767" lon="138.992541"><ele>200.0</ele></trkpt>
      <trkpt lat="35.570855" lon="138.99245"><ele>200.0</ele></trkpt>
      <trkpt lat="35.570947" lon="138.992322"><ele>200.0</ele></trkpt>
      <trkpt lat="35.571179" lon="138.991955"><ele>200.0</ele></trkpt>
      <trkpt lat="35.57141" lon="138.991604"><ele>200.0</ele></trkpt>
      <trkpt lat="35.571773" lon="138.991076"><ele>200.0</ele></trkpt>
      <trkpt lat="35.571929" lon="138.990821"><ele>200.0</ele></trkpt>
      <trkpt lat="35.572152" lon="138.990429"><ele>200.0</ele></trkpt>
      <trkpt lat="35.572312" lon="138.990126"><ele>200.0</ele></trkpt>
      <trkpt lat="35.572367" lon="138.990051"><ele>200.0</ele></trkpt>
      <trkpt lat="35.572409" lon="138.990009"><ele>200.0</ele></trkpt>
      <trkpt lat="35.572473" lon="138.989972"><ele>200.0</ele></trkpt>
      <trkpt lat="35.57255" lon="138.989966"><ele>200.0</ele></trkpt>
      <trkpt lat="35.57263" lon="138.989981"><ele>200.0</ele></trkpt>
      <trkpt lat="35.572733" lon="138.990029"><ele>200.0</ele></trkpt>
      <trkpt lat="35.572809" lon="138.990087"><ele>200.0</ele></trkpt>
      <trkpt lat="35.572936" lon="138.990232"><ele>200.0</ele></trkpt>
      <trkpt lat="35.57318" lon="138.99047"><ele>200.0</ele></trkpt>
      <trkpt lat="35.573285" lon="138.990523"><ele>200.0</ele></trkpt>
      <trkpt lat="35.573583" lon="138.990661"><ele>200.0</ele></trkpt>
      <trkpt lat="35.573737" lon="138.99073"><ele>200.0</ele></trkpt>
      <trkpt lat="35.573845" lon="138.990754"><ele>200.0</ele></trkpt>
      <trkpt lat="35.573918" lon="138.990729"><ele>200.0</ele></trkpt>
      <trkpt lat="35.573973" lon="138.990667"><ele>200.0</ele></trkpt>
      <trkpt lat="35.574004" lon="138.990584"><ele>200.0</ele></trkpt>
      <trkpt lat="35.574008" lon="138.990442"><ele>200.0</ele></trkpt>
      <trkpt lat="35.573986" lon="138.990309"><ele>200.0</ele></trkpt>
      <trkpt lat="35.573972" lon="138.990172"><ele>200.0</ele></trkpt>
      <trkpt lat="35.573929" lon="138.989975"><ele>200.0</ele></trkpt>
      <trkpt lat="35.5739" lon="138.989765"><ele>200.0</ele></trkpt>
      <trkpt lat="35.573899" lon="138.989631"><ele>200.0</ele></trkpt>
      <trkpt lat="35.573912" lon="138.989427"><ele>200.0</ele></trkpt>
      <trkpt lat="35.573926" lon="138.989304"><ele>200.0</ele></trkpt>
      <trkpt lat="35.573943" lon="138.989205"><ele>200.0</ele></trkpt>
      <trkpt lat="35.573936" lon="138.989046"><ele>200.0</ele></trkpt>
      <trkpt lat="35.573856" lon="138.98873"><ele>200.0</ele></trkpt>
      <trkpt lat="35.573766" lon="138.988427"><ele>200.0</ele></trkpt>
      <trkpt lat="35.573696" lon="138.988248"><ele>200.0</ele></trkpt>
      <trkpt lat="35.573617" lon="138.988061"><ele>200.0</ele></trkpt>
      <trkpt lat="35.573581" lon="138.987945"><ele>200.0</ele></trkpt>
      <trkpt lat="35.57356" lon="138.987856"><ele>200.0</ele></trkpt>
      <trkpt lat="35.573562" lon="138.987789"><ele>200.0</ele></trkpt>
      <trkpt lat="35.5736" lon="138.98773"><ele>200.0</ele></trkpt>
      <trkpt lat="35.573686" lon="138.987701"><ele>200.0</ele></trkpt>
      <trkpt lat="35.573785" lon="138.987708"><ele>200.0</ele></trkpt>
      <trkpt lat="35.574161" lon="138.98779"><ele>200.0</ele></trkpt>
      <trkpt lat="35.574321" lon="138.987816"><ele>200.0</ele></trkpt>
      <trkpt lat="35.574576" lon="138.987886"><ele>200.0</ele></trkpt>
      <trkpt lat="35.574731" lon="138.987923"><ele>200.0</ele></trkpt>
      <trkpt lat="35.574813" lon="138.987972"><ele>200.0</ele></trkpt>
      <trkpt lat="35.574875" lon="138.98806"><ele>200.0</ele></trkpt>
      <trkpt lat="35.574934" lon="138.988202"><ele>200.0</ele></trkpt>
      <trkpt lat="35.57498" lon="138.98828"><ele>200.0</ele></trkpt>
      <trkpt lat="35.575034" lon="138.988307"><ele>200.0</ele></trkpt>
      <trkpt lat="35.575108" lon="138.988306"><ele>200.0</ele></trkpt>
      <trkpt lat="35.575134" lon="138.988282"><ele>200.0</ele></trkpt>
      <trkpt lat="35.575184" lon="138.988233"><ele>200.0</ele></trkpt>
      <trkpt lat="35.575226" lon="138.988149"><ele>200.0</ele></trkpt>
      <trkpt lat="35.57528" lon="138.988058"><ele>200.0</ele></trkpt>
      <trkpt lat="35.575363" lon="138.987964"><ele>200.0</ele></trkpt>
      <trkpt lat="35.575436" lon="138.987874"><ele>200.0</ele></trkpt>
      <trkpt lat="35.575603" lon="138.987738"><ele>200.0</ele></trkpt>
      <trkpt lat="35.575754" lon="138.987646"><ele>200.0</ele></trkpt>
      <trkpt lat="35.575889" lon="138.987596"><ele>200.0</ele></trkpt>
      <trkpt lat="35.576022" lon="138.987591"><ele>200.0</ele></trkpt>
      <trkpt lat="35.576104" lon="138.987644"><ele>200.0</ele></trkpt>
      <trkpt lat="35.576177" lon="138.987716"><ele>200.0</ele></trkpt>
      <trkpt lat="35.576228" lon="138.987785"><ele>200.0</ele></trkpt>
      <trkpt lat="35.576299" lon="138.987809"><ele>200.0</ele></trkpt>
      <trkpt lat="35.576341" lon="138.987778"><ele>200.0</ele></trkpt>
      <trkpt lat="35.57638" lon="138.987728"><ele>200.0</ele></trkpt>
      <trkpt lat="35.576451" lon="138.987648"><ele>200.0</ele></trkpt>
      <trkpt lat="35.576553" lon="138.987572"><ele>200.0</ele></trkpt>
      <trkpt lat="35.576631" lon="138.987493"><ele>200.0</ele></trkpt>
      <trkpt lat="35.576678" lon="138.987419"><ele>200.0</ele></trkpt>
      <trkpt lat="35.576696" lon="138.987335"><ele>200.0</ele></trkpt>
      <trkpt lat="35.57672" lon="138.987222"><ele>200.0</ele></trkpt>
      <trkpt lat="35.576703" lon="138.987071"><ele>200.0</ele></trkpt>
      <trkpt lat="35.576667" lon="138.986993"><ele>200.0</ele></trkpt>
      <trkpt lat="35.576615" lon="138.986955"><ele>200.0</ele></trkpt>
      <trkpt lat="35.576556" lon="138.986945"><ele>200.0</ele></trkpt>
      <trkpt lat="35.576451" lon="138.987"><ele>200.0</ele></trkpt>
      <trkpt lat="35.576361" lon="138.987012"><ele>200.0</ele></trkpt>
      <trkpt lat="35.576272" lon="138.986973"><ele>200.0</ele></trkpt>
      <trkpt lat="35.576163" lon="138.986893"><ele>200.0</ele></trkpt>
      <trkpt lat="35.576079" lon="138.986795"><ele>200.0</ele></trkpt>
      <trkpt lat="35.575985" lon="138.986692"><ele>200.0</ele></trkpt>
      <trkpt lat="35.575863" lon="138.986537"><ele>200.0</ele></trkpt>
      <trkpt lat="35.575811" lon="138.986437"><ele>200.0</ele></trkpt>
      <trkpt lat="35.575781" lon="138.986357"><ele>200.0</ele></trkpt>
      <trkpt lat="35.575787" lon="138.986271"><ele>200.0</ele></trkpt>
      <trkpt lat="35.575828" lon="138.986186"><ele>200.0</ele></trkpt>
      <trkpt lat="35.575882" lon="138.98613"><ele>200.0</ele></trkpt>
      <trkpt lat="35.575969" lon="138.986053"><ele>200.0</ele></trkpt>
      <trkpt lat="35.576074" lon="138.985988"><ele>200.0</ele></trkpt>
      <trkpt lat="35.57617" lon="138.985943"><ele>200.0</ele></trkpt>
      <trkpt lat="35.576281" lon="138.985926"><ele>200.0</ele></trkpt>
      <trkpt lat="35.576362" lon="138.985915"><ele>200.0</ele></trkpt>
      <trkpt lat="35.576452" lon="138.985873"><ele>200.0</ele></trkpt>
      <trkpt lat="35.576501" lon="138.985821"><ele>200.0</ele></trkpt>
      <trkpt lat="35.576601" lon="138.985691"><ele>200.0</ele></trkpt>
      <trkpt lat="35.576698" lon="138.985562"><ele>200.0</ele></trkpt>
      <trkpt lat="35.576769" lon="138.985484"><ele>200.0</ele></trkpt>
      <trkpt lat="35.576887" lon="138.985406"><ele>200.0</ele></trkpt>
      <trkpt lat="35.576949" lon="138.985356"><ele>200.0</ele></trkpt>
      <trkpt lat="35.577139" lon="138.985203"><ele>200.0</ele></trkpt>
      <trkpt lat="35.577225" lon="138.985112"><ele>200.0</ele></trkpt>
      <trkpt lat="35.577291" lon="138.985054"><ele>200.0</ele></trkpt>
      <trkpt lat="35.577314" lon="138.98499"><ele>200.0</ele></trkpt>
      <trkpt lat="35.577331" lon="138.984909"><ele>200.0</ele></trkpt>
      <trkpt lat="35.577295" lon="138.984837"><ele>200.0</ele></trkpt>
      <trkpt lat="35.577217" lon="138.984739"><ele>200.0</ele></trkpt>
      <trkpt lat="35.577159" lon="138.984676"><ele>200.0</ele></trkpt>
      <trkpt lat="35.577129" lon="138.984621"><ele>200.0</ele></trkpt>
      <trkpt lat="35.577118" lon="138.98454"><ele>200.0</ele></trkpt>
      <trkpt lat="35.577141" lon="138.984405"><ele>200.0</ele></trkpt>
      <trkpt lat="35.577148" lon="138.984332"><ele>200.0</ele></trkpt>
      <trkpt lat="35.577138" lon="138.984238"><ele>200.0</ele></trkpt>
      <trkpt lat="35.577095" lon="138.984161"><ele>200.0</ele></trkpt>
      <trkpt lat="35.576965" lon="138.98399"><ele>200.0</ele></trkpt>
      <trkpt lat="35.576879" lon="138.983878"><ele>200.0</ele></trkpt>
      <trkpt lat="35.576855" lon="138.983819"><ele>200.0</ele></trkpt>
      <trkpt lat="35.576818" lon="138.983737"><ele>200.0</ele></trkpt>
      <trkpt lat="35.576789" lon="138.983673"><ele>200.0</ele></trkpt>
      <trkpt lat="35.576782" lon="138.983602"><ele>200.0</ele></trkpt>
      <trkpt lat="35.576796" lon="138.983555"><ele>200.0</ele></trkpt>
      <trkpt lat="35.57683" lon="138.983503"><ele>200.0</ele></trkpt>
      <trkpt lat="35.57689" lon="138.983445"><ele>200.0</ele></trkpt>
      <trkpt lat="35.576937" lon="138.983435"><ele>200.0</ele></trkpt>
      <trkpt lat="35.576992" lon="138.983439"><ele>200.0</ele></trkpt>
      <trkpt lat="35.577079" lon="138.983482"><ele>200.0</ele></trkpt>
      <trkpt lat="35.577276" lon="138.983612"><ele>200.0</ele></trkpt>
      <trkpt lat="35.577343" lon="138.983626"><ele>200.0</ele></trkpt>
      <trkpt lat="35.577407" lon="138.983623"><ele>200.0</ele></trkpt>
      <trkpt lat="35.577431" lon="138.983571"><ele>200.0</ele></trkpt>
      <trkpt lat="35.577429" lon="138.983515"><ele>200.0</ele></trkpt>
      <trkpt lat="35.577392" lon="138.983391"><ele>200.0</ele></trkpt>
      <trkpt lat="35.577278" lon="138.983101"><ele>200.0</ele></trkpt>
      <trkpt lat="35.577228" lon="138.982939"><ele>200.0</ele></trkpt>
      <trkpt lat="35.57721" lon="138.982823"><ele>200.0</ele></trkpt>
      <trkpt lat="35.577206" lon="138.98272"><ele>200.0</ele></trkpt>
      <trkpt lat="35.577234" lon="138.982621"><ele>200.0</ele></trkpt>
      <trkpt lat="35.577296" lon="138.982506"><ele>200.0</ele></trkpt>
      <trkpt lat="35.577354" lon="138.98242"><ele>200.0</ele></trkpt>
      <trkpt lat="35.577437" lon="138.982336"><ele>200.0</ele></trkpt>
      <trkpt lat="35.577515" lon="138.982273"><ele>200.0</ele></trkpt>
      <trkpt lat="35.577548" lon="138.982201"><ele>200.0</ele></trkpt>
      <trkpt lat="35.577565" lon="138.982115"><ele>200.0</ele></trkpt>
      <trkpt lat="35.57754" lon="138.981986"><ele>200.0</ele></trkpt>
      <trkpt lat="35.577558" lon="138.981872"><ele>200.0</ele></trkpt>
      <trkpt lat="35.577604" lon="138.981782"><ele>200.0</ele></trkpt>
      <trkpt lat="35.577685" lon="138.981698"><ele>200.0</ele></trkpt>
      <trkpt lat="35.577773" lon="138.981671"><ele>200.0</ele></trkpt>
      <trkpt lat="35.577878" lon="138.981647"><ele>200.0</ele></trkpt>
      <trkpt lat="35.577974" lon="138.981639"><ele>200.0</ele></trkpt>
      <trkpt lat="35.578091" lon="138.981657"><ele>200.0</ele></trkpt>
      <trkpt lat="35.578235" lon="138.981678"><ele>200.0</ele></trkpt>
      <trkpt lat="35.578284" lon="138.981655"><ele>200.0</ele></trkpt>
      <trkpt lat="35.578301" lon="138.981577"><ele>200.0</ele></trkpt>
      <trkpt lat="35.578289" lon="138.981492"><ele>200.0</ele></trkpt>
      <trkpt lat="35.578231" lon="138.98142"><ele>200.0</ele></trkpt>
      <trkpt lat="35.578104" lon="138.981324"><ele>200.0</ele></trkpt>
      <trkpt lat="35.578046" lon="138.98123"><ele>200.0</ele></trkpt>
      <trkpt lat="35.578031" lon="138.981142"><ele>200.0</ele></trkpt>
      <trkpt lat="35.578069" lon="138.980994"><ele>200.0</ele></trkpt>
      <trkpt lat="35.578126" lon="138.980916"><ele>200.0</ele></trkpt>
      <trkpt lat="35.578211" lon="138.980819"><ele>200.0</ele></trkpt>
      <trkpt lat="35.578289" lon="138.980784"><ele>200.0</ele></trkpt>
      <trkpt lat="35.578417" lon="138.980819"><ele>200.0</ele></trkpt>
      <trkpt lat="35.578535" lon="138.980842"><ele>200.0</ele></trkpt>
      <trkpt lat="35.578589" lon="138.980829"><ele>200.0</ele></trkpt>
      <trkpt lat="35.578639" lon="138.98079"><ele>200.0</ele></trkpt>
      <trkpt lat="35.578688" lon="138.980743"><ele>200.0</ele></trkpt>
      <trkpt lat="35.578706" lon="138.980641"><ele>200.0</ele></trkpt>
      <trkpt lat="35.578696" lon="138.980507"><ele>200.0</ele></trkpt>
      <trkpt lat="35.578692" lon="138.980347"><ele>200.0</ele></trkpt>
      <trkpt lat="35.578739" lon="138.980288"><ele>200.0</ele></trkpt>
      <trkpt lat="35.578819" lon="138.980278"><ele>200.0</ele></trkpt>
      <trkpt lat="35.57893" lon="138.980287"><ele>200.0</ele></trkpt>
      <trkpt lat="35.579012" lon="138.980304"><ele>200.0</ele></trkpt>
      <trkpt lat="35.579036" lon="138.980229"><ele>200.0</ele></trkpt>
      <trkpt lat="35.578988" lon="138.980165"><ele>200.0</ele></trkpt>
      <trkpt lat="35.578887" lon="138.980108"><ele>200.0</ele></trkpt>
      <trkpt lat="35.578733" lon="138.980088"><ele>200.0</ele></trkpt>
      <trkpt lat="35.578653" lon="138.98011"><ele>200.0</ele></trkpt>
      <trkpt lat="35.578601" lon="138.980149"><ele>200.0</ele></trkpt>
      <trkpt lat="35.578562" lon="138.980206"><ele>200.0</ele></trkpt>
      <trkpt lat="35.578544" lon="138.980277"><ele>200.0</ele></trkpt>
      <trkpt lat="35.578535" lon="138.98038"><ele>200.0</ele></trkpt>
      <trkpt lat="35.578514" lon="138.980495"><ele>200.0</ele></trkpt>
      <trkpt lat="35.578476" lon="138.980531"><ele>200.0</ele></trkpt>
      <trkpt lat="35.5784" lon="138.980559"><ele>200.0</ele></trkpt>
      <trkpt lat="35.578292" lon="138.980526"><ele>200.0</ele></trkpt>
      <trkpt lat="35.578144" lon="138.980547"><ele>200.0</ele></trkpt>
      <trkpt lat="35.57797" lon="138.980616"><ele>200.0</ele></trkpt>
      <trkpt lat="35.577906" lon="138.98059"><ele>200.0</ele></trkpt>
      <trkpt lat="35.577883" lon="138.980509"><ele>200.0</ele></trkpt>
      <trkpt lat="35.577898" lon="138.980407"><ele>200.0</ele></trkpt>
      <trkpt lat="35.577946" lon="138.980268"><ele>200.0</ele></trkpt>
      <trkpt lat="35.578059" lon="138.980056"><ele>200.0</ele></trkpt>
      <trkpt lat="35.578067" lon="138.980029"><ele>200.0</ele></trkpt>
      <trkpt lat="35.578059" lon="138.980056"><ele>200.0</ele></trkpt>
      <trkpt lat="35.577946" lon="138.980268"><ele>200.0</ele></trkpt>
      <trkpt lat="35.577898" lon="138.980407"><ele>200.0</ele></trkpt>
      <trkpt lat="35.577883" lon="138.980509"><ele>200.0</ele></trkpt>
      <trkpt lat="35.577906" lon="138.98059"><ele>200.0</ele></trkpt>
      <trkpt lat="35.57797" lon="138.980616"><ele>200.0</ele></trkpt>
      <trkpt lat="35.578144" lon="138.980547"><ele>200.0</ele></trkpt>
      <trkpt lat="35.578292" lon="138.980526"><ele>200.0</ele></trkpt>
      <trkpt lat="35.5784" lon="138.980559"><ele>200.0</ele></trkpt>
      <trkpt lat="35.578476" lon="138.980531"><ele>200.0</ele></trkpt>
      <trkpt lat="35.578514" lon="138.980495"><ele>200.0</ele></trkpt>
      <trkpt lat="35.578535" lon="138.98038"><ele>200.0</ele></trkpt>
      <trkpt lat="35.578544" lon="138.980277"><ele>200.0</ele></trkpt>
      <trkpt lat="35.578562" lon="138.980206"><ele>200.0</ele></trkpt>
      <trkpt lat="35.578601" lon="138.980149"><ele>200.0</ele></trkpt>
      <trkpt lat="35.578653" lon="138.98011"><ele>200.0</ele></trkpt>
      <trkpt lat="35.578733" lon="138.980088"><ele>200.0</ele></trkpt>
      <trkpt lat="35.578887" lon="138.980108"><ele>200.0</ele></trkpt>
      <trkpt lat="35.578988" lon="138.980165"><ele>200.0</ele></trkpt>
      <trkpt lat="35.579036" lon="138.980229"><ele>200.0</ele></trkpt>
      <trkpt lat="35.579012" lon="138.980304"><ele>200.0</ele></trkpt>
      <trkpt lat="35.57893" lon="138.980287"><ele>200.0</ele></trkpt>
      <trkpt lat="35.578819" lon="138.980278"><ele>200.0</ele></trkpt>
      <trkpt lat="35.578739" lon="138.980288"><ele>200.0</ele></trkpt>
      <trkpt lat="35.578692" lon="138.980347"><ele>200.0</ele></trkpt>
      <trkpt lat="35.578696" lon="138.980507"><ele>200.0</ele></trkpt>
      <trkpt lat="35.578706" lon="138.980641"><ele>200.0</ele></trkpt>
      <trkpt lat="35.578688" lon="138.980743"><ele>200.0</ele></trkpt>
      <trkpt lat="35.578639" lon="138.98079"><ele>200.0</ele></trkpt>
      <trkpt lat="35.578589" lon="138.980829"><ele>200.0</ele></trkpt>
      <trkpt lat="35.578535" lon="138.980842"><ele>200.0</ele></trkpt>
      <trkpt lat="35.578417" lon="138.980819"><ele>200.0</ele></trkpt>
      <trkpt lat="35.578289" lon="138.980784"><ele>200.0</ele></trkpt>
      <trkpt lat="35.578211" lon="138.980819"><ele>200.0</ele></trkpt>
      <trkpt lat="35.578126" lon="138.980916"><ele>200.0</ele></trkpt>
      <trkpt lat="35.578069" lon="138.980994"><ele>200.0</ele></trkpt>
      <trkpt lat="35.578031" lon="138.981142"><ele>200.0</ele></trkpt>
      <trkpt lat="35.578046" lon="138.98123"><ele>200.0</ele></trkpt>
      <trkpt lat="35.578104" lon="138.981324"><ele>200.0</ele></trkpt>
      <trkpt lat="35.578231" lon="138.98142"><ele>200.0</ele></trkpt>
      <trkpt lat="35.578289" lon="138.981492"><ele>200.0</ele></trkpt>
      <trkpt lat="35.578301" lon="138.981577"><ele>200.0</ele></trkpt>
      <trkpt lat="35.578284" lon="138.981655"><ele>200.0</ele></trkpt>
      <trkpt lat="35.578235" lon="138.981678"><ele>200.0</ele></trkpt>
      <trkpt lat="35.578091" lon="138.981657"><ele>200.0</ele></trkpt>
      <trkpt lat="35.577974" lon="138.981639"><ele>200.0</ele></trkpt>
      <trkpt lat="35.577878" lon="138.981647"><ele>200.0</ele></trkpt>
      <trkpt lat="35.577773" lon="138.981671"><ele>200.0</ele></trkpt>
      <trkpt lat="35.577685" lon="138.981698"><ele>200.0</ele></trkpt>
      <trkpt lat="35.577604" lon="138.981782"><ele>200.0</ele></trkpt>
      <trkpt lat="35.577558" lon="138.981872"><ele>200.0</ele></trkpt>
      <trkpt lat="35.57754" lon="138.981986"><ele>200.0</ele></trkpt>
      <trkpt lat="35.577565" lon="138.982115"><ele>200.0</ele></trkpt>
      <trkpt lat="35.577548" lon="138.982201"><ele>200.0</ele></trkpt>
      <trkpt lat="35.577515" lon="138.982273"><ele>200.0</ele></trkpt>
      <trkpt lat="35.577437" lon="138.982336"><ele>200.0</ele></trkpt>
      <trkpt lat="35.577354" lon="138.98242"><ele>200.0</ele></trkpt>
      <trkpt lat="35.577296" lon="138.982506"><ele>200.0</ele></trkpt>
      <trkpt lat="35.577234" lon="138.982621"><ele>200.0</ele></trkpt>
      <trkpt lat="35.577206" lon="138.98272"><ele>200.0</ele></trkpt>
      <trkpt lat="35.57721" lon="138.982823"><ele>200.0</ele></trkpt>
      <trkpt lat="35.577228" lon="138.982939"><ele>200.0</ele></trkpt>
      <trkpt lat="35.577278" lon="138.983101"><ele>200.0</ele></trkpt>
      <trkpt lat="35.577392" lon="138.983391"><ele>200.0</ele></trkpt>
      <trkpt lat="35.577429" lon="138.983515"><ele>200.0</ele></trkpt>
      <trkpt lat="35.577431" lon="138.983571"><ele>200.0</ele></trkpt>
      <trkpt lat="35.577407" lon="138.983623"><ele>200.0</ele></trkpt>
      <trkpt lat="35.577343" lon="138.983626"><ele>200.0</ele></trkpt>
      <trkpt lat="35.577276" lon="138.983612"><ele>200.0</ele></trkpt>
      <trkpt lat="35.577079" lon="138.983482"><ele>200.0</ele></trkpt>
      <trkpt lat="35.576992" lon="138.983439"><ele>200.0</ele></trkpt>
      <trkpt lat="35.576937" lon="138.983435"><ele>200.0</ele></trkpt>
      <trkpt lat="35.57689" lon="138.983445"><ele>200.0</ele></trkpt>
      <trkpt lat="35.57683" lon="138.983503"><ele>200.0</ele></trkpt>
      <trkpt lat="35.576796" lon="138.983555"><ele>200.0</ele></trkpt>
      <trkpt lat="35.576782" lon="138.983602"><ele>200.0</ele></trkpt>
      <trkpt lat="35.576789" lon="138.983673"><ele>200.0</ele></trkpt>
      <trkpt lat="35.576818" lon="138.983737"><ele>200.0</ele></trkpt>
      <trkpt lat="35.576855" lon="138.983819"><ele>200.0</ele></trkpt>
      <trkpt lat="35.576879" lon="138.983878"><ele>200.0</ele></trkpt>
      <trkpt lat="35.576965" lon="138.98399"><ele>200.0</ele></trkpt>
      <trkpt lat="35.577095" lon="138.984161"><ele>200.0</ele></trkpt>
      <trkpt lat="35.577138" lon="138.984238"><ele>200.0</ele></trkpt>
      <trkpt lat="35.577148" lon="138.984332"><ele>200.0</ele></trkpt>
      <trkpt lat="35.577141" lon="138.984405"><ele>200.0</ele></trkpt>
      <trkpt lat="35.577118" lon="138.98454"><ele>200.0</ele></trkpt>
      <trkpt lat="35.577129" lon="138.984621"><ele>200.0</ele></trkpt>
      <trkpt lat="35.577159" lon="138.984676"><ele>200.0</ele></trkpt>
      <trkpt lat="35.577217" lon="138.984739"><ele>200.0</ele></trkpt>
      <trkpt lat="35.577295" lon="138.984837"><ele>200.0</ele></trkpt>
      <trkpt lat="35.577331" lon="138.984909"><ele>200.0</ele></trkpt>
      <trkpt lat="35.577314" lon="138.98499"><ele>200.0</ele></trkpt>
      <trkpt lat="35.577291" lon="138.985054"><ele>200.0</ele></trkpt>
      <trkpt lat="35.577225" lon="138.985112"><ele>200.0</ele></trkpt>
      <trkpt lat="35.577139" lon="138.985203"><ele>200.0</ele></trkpt>
      <trkpt lat="35.576949" lon="138.985356"><ele>200.0</ele></trkpt>
      <trkpt lat="35.576887" lon="138.985406"><ele>200.0</ele></trkpt>
      <trkpt lat="35.576769" lon="138.985484"><ele>200.0</ele></trkpt>
      <trkpt lat="35.576698" lon="138.985562"><ele>200.0</ele></trkpt>
      <trkpt lat="35.576601" lon="138.985691"><ele>200.0</ele></trkpt>
      <trkpt lat="35.576501" lon="138.985821"><ele>200.0</ele></trkpt>
      <trkpt lat="35.576452" lon="138.985873"><ele>200.0</ele></trkpt>
      <trkpt lat="35.576362" lon="138.985915"><ele>200.0</ele></trkpt>
      <trkpt lat="35.576281" lon="138.985926"><ele>200.0</ele></trkpt>
      <trkpt lat="35.57617" lon="138.985943"><ele>200.0</ele></trkpt>
      <trkpt lat="35.576074" lon="138.985988"><ele>200.0</ele></trkpt>
      <trkpt lat="35.575969" lon="138.986053"><ele>200.0</ele></trkpt>
      <trkpt lat="35.575882" lon="138.98613"><ele>200.0</ele></trkpt>
      <trkpt lat="35.575828" lon="138.986186"><ele>200.0</ele></trkpt>
      <trkpt lat="35.575787" lon="138.986271"><ele>200.0</ele></trkpt>
      <trkpt lat="35.575781" lon="138.986357"><ele>200.0</ele></trkpt>
      <trkpt lat="35.575811" lon="138.986437"><ele>200.0</ele></trkpt>
      <trkpt lat="35.575863" lon="138.986537"><ele>200.0</ele></trkpt>
      <trkpt lat="35.575985" lon="138.986692"><ele>200.0</ele></trkpt>
      <trkpt lat="35.576079" lon="138.986795"><ele>200.0</ele></trkpt>
      <trkpt lat="35.576163" lon="138.986893"><ele>200.0</ele></trkpt>
      <trkpt lat="35.576272" lon="138.986973"><ele>200.0</ele></trkpt>
      <trkpt lat="35.576361" lon="138.987012"><ele>200.0</ele></trkpt>
      <trkpt lat="35.576451" lon="138.987"><ele>200.0</ele></trkpt>
      <trkpt lat="35.576556" lon="138.986945"><ele>200.0</ele></trkpt>
      <trkpt lat="35.576615" lon="138.986955"><ele>200.0</ele></trkpt>
      <trkpt lat="35.576667" lon="138.986993"><ele>200.0</ele></trkpt>
      <trkpt lat="35.576703" lon="138.987071"><ele>200.0</ele></trkpt>
      <trkpt lat="35.57672" lon="138.987222"><ele>200.0</ele></trkpt>
      <trkpt lat="35.576696" lon="138.987335"><ele>200.0</ele></trkpt>
      <trkpt lat="35.576678" lon="138.987419"><ele>200.0</ele></trkpt>
      <trkpt lat="35.576631" lon="138.987493"><ele>200.0</ele></trkpt>
      <trkpt lat="35.576553" lon="138.987572"><ele>200.0</ele></trkpt>
      <trkpt lat="35.576451" lon="138.987648"><ele>200.0</ele></trkpt>
      <trkpt lat="35.57638" lon="138.987728"><ele>200.0</ele></trkpt>
      <trkpt lat="35.576341" lon="138.987778"><ele>200.0</ele></trkpt>
      <trkpt lat="35.576299" lon="138.987809"><ele>200.0</ele></trkpt>
      <trkpt lat="35.576228" lon="138.987785"><ele>200.0</ele></trkpt>
      <trkpt lat="35.576177" lon="138.987716"><ele>200.0</ele></trkpt>
      <trkpt lat="35.576104" lon="138.987644"><ele>200.0</ele></trkpt>
      <trkpt lat="35.576022" lon="138.987591"><ele>200.0</ele></trkpt>
      <trkpt lat="35.575889" lon="138.987596"><ele>200.0</ele></trkpt>
      <trkpt lat="35.575754" lon="138.987646"><ele>200.0</ele></trkpt>
      <trkpt lat="35.575603" lon="138.987738"><ele>200.0</ele></trkpt>
      <trkpt lat="35.575436" lon="138.987874"><ele>200.0</ele></trkpt>
      <trkpt lat="35.575363" lon="138.987964"><ele>200.0</ele></trkpt>
      <trkpt lat="35.57528" lon="138.988058"><ele>200.0</ele></trkpt>
      <trkpt lat="35.575226" lon="138.988149"><ele>200.0</ele></trkpt>
      <trkpt lat="35.575184" lon="138.988233"><ele>200.0</ele></trkpt>
      <trkpt lat="35.575134" lon="138.988282"><ele>200.0</ele></trkpt>
      <trkpt lat="35.575108" lon="138.988306"><ele>200.0</ele></trkpt>
      <trkpt lat="35.575034" lon="138.988307"><ele>200.0</ele></trkpt>
      <trkpt lat="35.57498" lon="138.98828"><ele>200.0</ele></trkpt>
      <trkpt lat="35.574934" lon="138.988202"><ele>200.0</ele></trkpt>
      <trkpt lat="35.574875" lon="138.98806"><ele>200.0</ele></trkpt>
      <trkpt lat="35.574813" lon="138.987972"><ele>200.0</ele></trkpt>
      <trkpt lat="35.574731" lon="138.987923"><ele>200.0</ele></trkpt>
      <trkpt lat="35.574576" lon="138.987886"><ele>200.0</ele></trkpt>
      <trkpt lat="35.574321" lon="138.987816"><ele>200.0</ele></trkpt>
      <trkpt lat="35.574161" lon="138.98779"><ele>200.0</ele></trkpt>
      <trkpt lat="35.573785" lon="138.987708"><ele>200.0</ele></trkpt>
      <trkpt lat="35.573686" lon="138.987701"><ele>200.0</ele></trkpt>
      <trkpt lat="35.5736" lon="138.98773"><ele>200.0</ele></trkpt>
      <trkpt lat="35.573562" lon="138.987789"><ele>200.0</ele></trkpt>
      <trkpt lat="35.57356" lon="138.987856"><ele>200.0</ele></trkpt>
      <trkpt lat="35.573581" lon="138.987945"><ele>200.0</ele></trkpt>
      <trkpt lat="35.573617" lon="138.988061"><ele>200.0</ele></trkpt>
      <trkpt lat="35.573696" lon="138.988248"><ele>200.0</ele></trkpt>
      <trkpt lat="35.573766" lon="138.988427"><ele>200.0</ele></trkpt>
      <trkpt lat="35.573856" lon="138.98873"><ele>200.0</ele></trkpt>
      <trkpt lat="35.573936" lon="138.989046"><ele>200.0</ele></trkpt>
      <trkpt lat="35.573943" lon="138.989205"><ele>200.0</ele></trkpt>
      <trkpt lat="35.573926" lon="138.989304"><ele>200.0</ele></trkpt>
      <trkpt lat="35.573912" lon="138.989427"><ele>200.0</ele></trkpt>
      <trkpt lat="35.573899" lon="138.989631"><ele>200.0</ele></trkpt>
      <trkpt lat="35.5739" lon="138.989765"><ele>200.0</ele></trkpt>
      <trkpt lat="35.573929" lon="138.989975"><ele>200.0</ele></trkpt>
      <trkpt lat="35.573972" lon="138.990172"><ele>200.0</ele></trkpt>
      <trkpt lat="35.573986" lon="138.990309"><ele>200.0</ele></trkpt>
      <trkpt lat="35.574008" lon="138.990442"><ele>200.0</ele></trkpt>
      <trkpt lat="35.574004" lon="138.990584"><ele>200.0</ele></trkpt>
      <trkpt lat="35.573973" lon="138.990667"><ele>200.0</ele></trkpt>
      <trkpt lat="35.573918" lon="138.990729"><ele>200.0</ele></trkpt>
      <trkpt lat="35.573845" lon="138.990754"><ele>200.0</ele></trkpt>
      <trkpt lat="35.573737" lon="138.99073"><ele>200.0</ele></trkpt>
      <trkpt lat="35.573583" lon="138.990661"><ele>200.0</ele></trkpt>
      <trkpt lat="35.573285" lon="138.990523"><ele>200.0</ele></trkpt>
      <trkpt lat="35.57318" lon="138.99047"><ele>200.0</ele></trkpt>
      <trkpt lat="35.572936" lon="138.990232"><ele>200.0</ele></trkpt>
      <trkpt lat="35.572809" lon="138.990087"><ele>200.0</ele></trkpt>
      <trkpt lat="35.572733" lon="138.990029"><ele>200.0</ele></trkpt>
      <trkpt lat="35.57263" lon="138.989981"><ele>200.0</ele></trkpt>
      <trkpt lat="35.57255" lon="138.989966"><ele>200.0</ele></trkpt>
      <trkpt lat="35.572473" lon="138.989972"><ele>200.0</ele></trkpt>
      <trkpt lat="35.572409" lon="138.990009"><ele>200.0</ele></trkpt>
      <trkpt lat="35.572367" lon="138.990051"><ele>200.0</ele></trkpt>
      <trkpt lat="35.572312" lon="138.990126"><ele>200.0</ele></trkpt>
      <trkpt lat="35.572152" lon="138.990429"><ele>200.0</ele></trkpt>
      <trkpt lat="35.571929" lon="138.990821"><ele>200.0</ele></trkpt>
      <trkpt lat="35.571773" lon="138.991076"><ele>200.0</ele></trkpt>
      <trkpt lat="35.57141" lon="138.991604"><ele>200.0</ele></trkpt>
      <trkpt lat="35.571179" lon="138.991955"><ele>200.0</ele></trkpt>
      <trkpt lat="35.570947" lon="138.992322"><ele>200.0</ele></trkpt>
      <trkpt lat="35.570855" lon="138.99245"><ele>200.0</ele></trkpt>
      <trkpt lat="35.570767" lon="138.992541"><ele>200.0</ele></trkpt>
      <trkpt lat="35.570631" lon="138.992666"><ele>200.0</ele></trkpt>
      <trkpt lat="35.570571" lon="138.992737"><ele>200.0</ele></trkpt>
      <trkpt lat="35.57052" lon="138.992815"><ele>200.0</ele></trkpt>
      <trkpt lat="35.57047" lon="138.992866"><ele>200.0</ele></trkpt>
      <trkpt lat="35.570434" lon="138.992878"><ele>200.0</ele></trkpt>
      <trkpt lat="35.570399" lon="138.992877"><ele>200.0</ele></trkpt>
      <trkpt lat="35.57033" lon="138.99279"><ele>200.0</ele></trkpt>
      <trkpt lat="35.570383" lon="138.992716"><ele>200.0</ele></trkpt>
      <trkpt lat="35.570456" lon="138.992596"><ele>200.0</ele></trkpt>
      <trkpt lat="35.570539" lon="138.992431"><ele>200.0</ele></trkpt>
      <trkpt lat="35.570581" lon="138.992276"><ele>200.0</ele></trkpt>
      <trkpt lat="35.5706" lon="138.992097"><ele>200.0</ele></trkpt>
      <trkpt lat="35.570623" lon="138.991816"><ele>200.0</ele></trkpt>
      <trkpt lat="35.570649" lon="138.991679"><ele>200.0</ele></trkpt>
      <trkpt lat="35.57071" lon="138.991462"><ele>200.0</ele></trkpt>
      <trkpt lat="35.570724" lon="138.991352"><ele>200.0</ele></trkpt>
      <trkpt lat="35.570712" lon="138.991231"><ele>200.0</ele></trkpt>
      <trkpt lat="35.570692" lon="138.991084"><ele>200.0</ele></trkpt>
      <trkpt lat="35.570698" lon="138.990971"><ele>200.0</ele></trkpt>
      <trkpt lat="35.570727" lon="138.990876"><ele>200.0</ele></trkpt>
      <trkpt lat="35.570769" lon="138.990787"><ele>200.0</ele></trkpt>
      <trkpt lat="35.570945" lon="138.990515"><ele>200.0</ele></trkpt>
      <trkpt lat="35.571057" lon="138.990334"><ele>200.0</ele></trkpt>
      <trkpt lat="35.571119" lon="138.990178"><ele>200.0</ele></trkpt>
      <trkpt lat="35.571165" lon="138.990052"><ele>200.0</ele></trkpt>
      <trkpt lat="35.571224" lon="138.989865"><ele>200.0</ele></trkpt>
      <trkpt lat="35.571307" lon="138.989584"><ele>200.0</ele></trkpt>
      <trkpt lat="35.571355" lon="138.989351"><ele>200.0</ele></trkpt>
      <trkpt lat="35.57139" lon="138.989096"><ele>200.0</ele></trkpt>
      <trkpt lat="35.571422" lon="138.988851"><ele>200.0</ele></trkpt>
      <trkpt lat="35.571431" lon="138.988513"><ele>200.0</ele></trkpt>
      <trkpt lat="35.571465" lon="138.988304"><ele>200.0</ele></trkpt>
      <trkpt lat="35.571548" lon="138.987978"><ele>200.0</ele></trkpt>
      <trkpt lat="35.571591" lon="138.987797"><ele>200.0</ele></trkpt>
      <trkpt lat="35.57162" lon="138.987638"><ele>200.0</ele></trkpt>
      <trkpt lat="35.571626" lon="138.987401"><ele>200.0</ele></trkpt>
      <trkpt lat="35.5716" lon="138.987238"><ele>200.0</ele></trkpt>
      <trkpt lat="35.571511" lon="138.986924"><ele>200.0</ele></trkpt>
      <trkpt lat="35.571481" lon="138.98682"><ele>200.0</ele></trkpt>
      <trkpt lat="35.571467" lon="138.986693"><ele>200.0</ele></trkpt>
      <trkpt lat="35.571467" lon="138.986556"><ele>200.0</ele></trkpt>
      <trkpt lat="35.57144" lon="138.98641"><ele>200.0</ele></trkpt>
      <trkpt lat="35.571401" lon="138.986249"><ele>200.0</ele></trkpt>
      <trkpt lat="35.571322" lon="138.986056"><ele>200.0</ele></trkpt>
      <trkpt lat="35.571286" lon="138.985917"><ele>200.0</ele></trkpt>
      <trkpt lat="35.571264" lon="138.985827"><ele>200.0</ele></trkpt>
      <trkpt lat="35.571264" lon="138.985721"><ele>200.0</ele></trkpt>
      <trkpt lat="35.571273" lon="138.9854"><ele>200.0</ele></trkpt>
      <trkpt lat="35.571321" lon="138.985213"><ele>200.0</ele></trkpt>
      <trkpt lat="35.571391" lon="138.985032"><ele>200.0</ele></trkpt>
      <trkpt lat="35.571414" lon="138.984911"><ele>200.0</ele></trkpt>
      <trkpt lat="35.571418" lon="138.984747"><ele>200.0</ele></trkpt>
      <trkpt lat="35.571402" lon="138.98459"><ele>200.0</ele></trkpt>
      <trkpt lat="35.571374" lon="138.984344"><ele>200.0</ele></trkpt>
      <trkpt lat="35.571353" lon="138.984109"><ele>200.0</ele></trkpt>
      <trkpt lat="35.571313" lon="138.983911"><ele>200.0</ele></trkpt>
      <trkpt lat="35.571265" lon="138.983753"><ele>200.0</ele></trkpt>
      <trkpt lat="35.571191" lon="138.983597"><ele>200.0</ele></trkpt>
      <trkpt lat="35.571106" lon="138.983406"><ele>200.0</ele></trkpt>
      <trkpt lat="35.570895" lon="138.982897"><ele>200.0</ele></trkpt>
      <trkpt lat="35.570786" lon="138.982659"><ele>200.0</ele></trkpt>
      <trkpt lat="35.570678" lon="138.982408"><ele>200.0</ele></trkpt>
      <trkpt lat="35.570577" lon="138.982272"><ele>200.0</ele></trkpt>
      <trkpt lat="35.57043" lon="138.982152"><ele>200.0</ele></trkpt>
      <trkpt lat="35.570315" lon="138.982067"><ele>200.0</ele></trkpt>
      <trkpt lat="35.570261" lon="138.982018"><ele>200.0</ele></trkpt>
      <trkpt lat="35.570212" lon="138.981959"><ele>200.0</ele></trkpt>
      <trkpt lat="35.57015" lon="138.981841"><ele>200.0</ele></trkpt>
      <trkpt lat="35.570097" lon="138.981683"><ele>200.0</ele></trkpt>
      <trkpt lat="35.569994" lon="138.981346"><ele>200.0</ele></trkpt>
      <trkpt lat="35.569935" lon="138.981213"><ele>200.0</ele></trkpt>
      <trkpt lat="35.569771" lon="138.980941"><ele>200.0</ele></trkpt>
      <trkpt lat="35.569515" lon="138.980485"><ele>200.0</ele></trkpt>
      <trkpt lat="35.569354" lon="138.980238"><ele>200.0</ele></trkpt>
      <trkpt lat="35.569232" lon="138.980008"><ele>200.0</ele></trkpt>
      <trkpt lat="35.569022" lon="138.979597"><ele>200.0</ele></trkpt>
      <trkpt lat="35.568909" lon="138.979412"><ele>200.0</ele></trkpt>
      <trkpt lat="35.56883" lon="138.979283"><ele>200.0</ele></trkpt>
      <trkpt lat="35.568746" lon="138.979132"><ele>200.0</ele></trkpt>
      <trkpt lat="35.568699" lon="138.979007"><ele>200.0</ele></trkpt>
      <trkpt lat="35.568668" lon="138.978898"><ele>200.0</ele></trkpt>
      <trkpt lat="35.568669" lon="138.978766"><ele>200.0</ele></trkpt>
      <trkpt lat="35.568676" lon="138.978443"><ele>200.0</ele></trkpt>
      <trkpt lat="35.568676" lon="138.978295"><ele>200.0</ele></trkpt>
      <trkpt lat="35.568646" lon="138.978139"><ele>200.0</ele></trkpt>
      <trkpt lat="35.568599" lon="138.978021"><ele>200.0</ele></trkpt>
      <trkpt lat="35.568479" lon="138.9778"><ele>200.0</ele></trkpt>
      <trkpt lat="35.568335" lon="138.977596"><ele>200.0</ele></trkpt>
      <trkpt lat="35.568219" lon="138.977364"><ele>200.0</ele></trkpt>
      <trkpt lat="35.568091" lon="138.977178"><ele>200.0</ele></trkpt>
      <trkpt lat="35.568019" lon="138.97709"><ele>200.0</ele></trkpt>
      <trkpt lat="35.567946" lon="138.977003"><ele>200.0</ele></trkpt>
      <trkpt lat="35.56782" lon="138.976872"><ele>200.0</ele></trkpt>
      <trkpt lat="35.567689" lon="138.976773"><ele>200.0</ele></trkpt>
      <trkpt lat="35.567426" lon="138.976607"><ele>200.0</ele></trkpt>
      <trkpt lat="35.567151" lon="138.976451"><ele>200.0</ele></trkpt>
      <trkpt lat="35.567027" lon="138.976369"><ele>200.0</ele></trkpt>
      <trkpt lat="35.566904" lon="138.976264"><ele>200.0</ele></trkpt>
      <trkpt lat="35.566847" lon="138.976204"><ele>200.0</ele></trkpt>
      <trkpt lat="35.566798" lon="138.976137"><ele>200.0</ele></trkpt>
      <trkpt lat="35.566749" lon="138.975998"><ele>200.0</ele></trkpt>
      <trkpt lat="35.566705" lon="138.97583"><ele>200.0</ele></trkpt>
      <trkpt lat="35.566658" lon="138.975674"><ele>200.0</ele></trkpt>
      <trkpt lat="35.56659" lon="138.975558"><ele>200.0</ele></trkpt>
      <trkpt lat="35.566497" lon="138.975455"><ele>200.0</ele></trkpt>
      <trkpt lat="35.566418" lon="138.975388"><ele>200.0</ele></trkpt>
      <trkpt lat="35.566281" lon="138.975308"><ele>200.0</ele></trkpt>
      <trkpt lat="35.565966" lon="138.975131"><ele>200.0</ele></trkpt>
      <trkpt lat="35.565737" lon="138.975006"><ele>200.0</ele></trkpt>
      <trkpt lat="35.565611" lon="138.974932"><ele>200.0</ele></trkpt>
      <trkpt lat="35.565532" lon="138.974854"><ele>200.0</ele></trkpt>
      <trkpt lat="35.565452" lon="138.974738"><ele>200.0</ele></trkpt>
      <trkpt lat="35.565329" lon="138.974526"><ele>200.0</ele></trkpt>
      <trkpt lat="35.565127" lon="138.97419"><ele>200.0</ele></trkpt>
      <trkpt lat="35.565046" lon="138.974098"><ele>200.0</ele></trkpt>
      <trkpt lat="35.564982" lon="138.974043"><ele>200.0</ele></trkpt>
      <trkpt lat="35.564905" lon="138.973993"><ele>200.0</ele></trkpt>
      <trkpt lat="35.564737" lon="138.973912"><ele>200.0</ele></trkpt>
      <trkpt lat="35.564606" lon="138.973849"><ele>200.0</ele></trkpt>
      <trkpt lat="35.564425" lon="138.97375"><ele>200.0</ele></trkpt>
      <trkpt lat="35.564094" lon="138.973547"><ele>200.0</ele></trkpt>
      <trkpt lat="35.563807" lon="138.973377"><ele>200.0</ele></trkpt>
      <trkpt lat="35.563619" lon="138.973243"><ele>200.0</ele></trkpt>
      <trkpt lat="35.563568" lon="138.973216"><ele>200.0</ele></trkpt>
      <trkpt lat="35.5635" lon="138.973199"><ele>200.0</ele></trkpt>
      <trkpt lat="35.563395" lon="138.973209"><ele>200.0</ele></trkpt>
      <trkpt lat="35.56332" lon="138.973241"><ele>200.0</ele></trkpt>
      <trkpt lat="35.563215" lon="138.973295"><ele>200.0</ele></trkpt>
      <trkpt lat="35.563148" lon="138.97332"><ele>200.0</ele></trkpt>
      <trkpt lat="35.563027" lon="138.973312"><ele>200.0</ele></trkpt>
      <trkpt lat="35.562851" lon="138.973258"><ele>200.0</ele></trkpt>
      <trkpt lat="35.562842" lon="138.973086"><ele>200.0</ele></trkpt>
      <trkpt lat="35.562832" lon="138.972928"><ele>200.0</ele></trkpt>
      <trkpt lat="35.562809" lon="138.97277"><ele>200.0</ele></trkpt>
      <trkpt lat="35.562756" lon="138.972496"><ele>200.0</ele></trkpt>
      <trkpt lat="35.562707" lon="138.972284"><ele>200.0</ele></trkpt>
      <trkpt lat="35.562616" lon="138.971943"><ele>200.0</ele></trkpt>
      <trkpt lat="35.562532" lon="138.971643"><ele>200.0</ele></trkpt>
      <trkpt lat="35.562474" lon="138.971368"><ele>200.0</ele></trkpt>
      <trkpt lat="35.562413" lon="138.971039"><ele>200.0</ele></trkpt>
      <trkpt lat="35.56235" lon="138.970562"><ele>200.0</ele></trkpt>
      <trkpt lat="35.562296" lon="138.970096"><ele>200.0</ele></trkpt>
      <trkpt lat="35.562243" lon="138.969631"><ele>200.0</ele></trkpt>
      <trkpt lat="35.562187" lon="138.969169"><ele>200.0</ele></trkpt>
      <trkpt lat="35.56215" lon="138.968913"><ele>200.0</ele></trkpt>
      <trkpt lat="35.562102" lon="138.968665"><ele>200.0</ele></trkpt>
      <trkpt lat="35.562046" lon="138.968436"><ele>200.0</ele></trkpt>
      <trkpt lat="35.561969" lon="138.968172"><ele>200.0</ele></trkpt>
      <trkpt lat="35.561861" lon="138.967771"><ele>200.0</ele></trkpt>
      <trkpt lat="35.561791" lon="138.967548"><ele>200.0</ele></trkpt>
      <trkpt lat="35.561737" lon="138.96739"><ele>200.0</ele></trkpt>
      <trkpt lat="35.561676" lon="138.967246"><ele>200.0</ele></trkpt>
      <trkpt lat="35.5616" lon="138.967096"><ele>200.0</ele></trkpt>
      <trkpt lat="35.561513" lon="138.966954"><ele>200.0</ele></trkpt>
      <trkpt lat="35.561401" lon="138.966792"><ele>200.0</ele></trkpt>
      <trkpt lat="35.561261" lon="138.966594"><ele>200.0</ele></trkpt>
      <trkpt lat="35.561127" lon="138.96641"><ele>200.0</ele></trkpt>
      <trkpt lat="35.560962" lon="138.966198"><ele>200.0</ele></trkpt>
      <trkpt lat="35.560831" lon="138.966013"><ele>200.0</ele></trkpt>
      <trkpt lat="35.560747" lon="138.965882"><ele>200.0</ele></trkpt>
      <trkpt lat="35.560685" lon="138.965766"><ele>200.0</ele></trkpt>
      <trkpt lat="35.560624" lon="138.965637"><ele>200.0</ele></trkpt>
      <trkpt lat="35.560576" lon="138.96551"><ele>200.0</ele></trkpt>
      <trkpt lat="35.560534" lon="138.965331"><ele>200.0</ele></trkpt>
      <trkpt lat="35.560516" lon="138.965182"><ele>200.0</ele></trkpt>
      <trkpt lat="35.560501" lon="138.964999"><ele>200.0</ele></trkpt>
      <trkpt lat="35.560473" lon="138.964854"><ele>200.0</ele></trkpt>
      <trkpt lat="35.560425" lon="138.964718"><ele>200.0</ele></trkpt>
      <trkpt lat="35.560375" lon="138.964628"><ele>200.0</ele></trkpt>
      <trkpt lat="35.560348" lon="138.964581"><ele>200.0</ele></trkpt>
      <trkpt lat="35.5603" lon="138.964522"><ele>200.0</ele></trkpt>
      <trkpt lat="35.560255" lon="138.96447"><ele>200.0</ele></trkpt>
      <trkpt lat="35.560075" lon="138.964334"><ele>200.0</ele></trkpt>
      <trkpt lat="35.559723" lon="138.964123"><ele>200.0</ele></trkpt>
      <trkpt lat="35.559598" lon="138.964025"><ele>200.0</ele></trkpt>
      <trkpt lat="35.559533" lon="138.963963"><ele>200.0</ele></trkpt>
      <trkpt lat="35.559482" lon="138.963886"><ele>200.0</ele></trkpt>
      <trkpt lat="35.559427" lon="138.963771"><ele>200.0</ele></trkpt>
      <trkpt lat="35.55939" lon="138.963632"><ele>200.0</ele></trkpt>
      <trkpt lat="35.559356" lon="138.963389"><ele>200.0</ele></trkpt>
      <trkpt lat="35.55933" lon="138.963103"><ele>200.0</ele></trkpt>
      <trkpt lat="35.559321" lon="138.962909"><ele>200.0</ele></trkpt>
      <trkpt lat="35.559338" lon="138.962527"><ele>200.0</ele></trkpt>
      <trkpt lat="35.559361" lon="138.962168"><ele>200.0</ele></trkpt>
      <trkpt lat="35.559383" lon="138.961823"><ele>200.0</ele></trkpt>
      <trkpt lat="35.559389" lon="138.961668"><ele>200.0</ele></trkpt>
      <trkpt lat="35.559415" lon="138.961327"><ele>200.0</ele></trkpt>
      <trkpt lat="35.559436" lon="138.960949"><ele>200.0</ele></trkpt>
      <trkpt lat="35.559447" lon="138.960655"><ele>200.0</ele></trkpt>
      <trkpt lat="35.559446" lon="138.960422"><ele>200.0</ele></trkpt>
      <trkpt lat="35.559437" lon="138.960206"><ele>200.0</ele></trkpt>
      <trkpt lat="35.559422" lon="138.960039"><ele>200.0</ele></trkpt>
      <trkpt lat="35.559398" lon="138.959889"><ele>200.0</ele></trkpt>
      <trkpt lat="35.559351" lon="138.959647"><ele>200.0</ele></trkpt>
      <trkpt lat="35.559301" lon="138.959439"><ele>200.0</ele></trkpt>
      <trkpt lat="35.55924" lon="138.959241"><ele>200.0</ele></trkpt>
      <trkpt lat="35.559185" lon="138.959092"><ele>200.0</ele></trkpt>
      <trkpt lat="35.559112" lon="138.958916"><ele>200.0</ele></trkpt>
      <trkpt lat="35.558959" lon="138.95856"><ele>200.0</ele></trkpt>
      <trkpt lat="35.558749" lon="138.958091"><ele>200.0</ele></trkpt>
      <trkpt lat="35.558535" lon="138.957604"><ele>200.0</ele></trkpt>
      <trkpt lat="35.558433" lon="138.957367"><ele>200.0</ele></trkpt>
      <trkpt lat="35.558357" lon="138.957174"><ele>200.0</ele></trkpt>
      <trkpt lat="35.558312" lon="138.957045"><ele>200.0</ele></trkpt>
      <trkpt lat="35.55826" lon="138.956822"><ele>200.0</ele></trkpt>
      <trkpt lat="35.55808" lon="138.956026"><ele>200.0</ele></trkpt>
      <trkpt lat="35.557853" lon="138.954998"><ele>200.0</ele></trkpt>
      <trkpt lat="35.557834" lon="138.954839"><ele>200.0</ele></trkpt>
      <trkpt lat="35.557821" lon="138.954697"><ele>200.0</ele></trkpt>
      <trkpt lat="35.557821" lon="138.954528"><ele>200.0</ele></trkpt>
      <trkpt lat="35.557843" lon="138.954376"><ele>200.0</ele></trkpt>
      <trkpt lat="35.55785" lon="138.954353"><ele>200.0</ele></trkpt>
      <trkpt lat="35.557886" lon="138.954196"><ele>200.0</ele></trkpt>
      <trkpt lat="35.557984" lon="138.953739"><ele>200.0</ele></trkpt>
      <trkpt lat="35.558193" lon="138.95282"><ele>200.0</ele></trkpt>
      <trkpt lat="35.558386" lon="138.951964"><ele>200.0</ele></trkpt>
      <trkpt lat="35.558582" lon="138.951004"><ele>200.0</ele></trkpt>
      <trkpt lat="35.558783" lon="138.94999"><ele>200.0</ele></trkpt>
      <trkpt lat="35.558833" lon="138.949745"><ele>200.0</ele></trkpt>
      <trkpt lat="35.558881" lon="138.949544"><ele>200.0</ele></trkpt>
      <trkpt lat="35.558922" lon="138.949429"><ele>200.0</ele></trkpt>
      <trkpt lat="35.558987" lon="138.949298"><ele>200.0</ele></trkpt>
      <trkpt lat="35.55905" lon="138.949193"><ele>200.0</ele></trkpt>
      <trkpt lat="35.559141" lon="138.949069"><ele>200.0</ele></trkpt>
      <trkpt lat="35.559245" lon="138.948964"><ele>200.0</ele></trkpt>
      <trkpt lat="35.559341" lon="138.948862"><ele>200.0</ele></trkpt>
      <trkpt lat="35.55953" lon="138.948689"><ele>200.0</ele></trkpt>
      <trkpt lat="35.559721" lon="138.948507"><ele>200.0</ele></trkpt>
      <trkpt lat="35.559819" lon="138.948382"><ele>200.0</ele></trkpt>
      <trkpt lat="35.559889" lon="138.948286"><ele>200.0</ele></trkpt>
      <trkpt lat="35.559965" lon="138.948143"><ele>200.0</ele></trkpt>
      <trkpt lat="35.560061" lon="138.947969"><ele>200.0</ele></trkpt>
      <trkpt lat="35.560142" lon="138.947803"><ele>200.0</ele></trkpt>
      <trkpt lat="35.560233" lon="138.947624"><ele>200.0</ele></trkpt>
      <trkpt lat="35.560346" lon="138.94743"><ele>200.0</ele></trkpt>
      <trkpt lat="35.560425" lon="138.947309"><ele>200.0</ele></trkpt>
      <trkpt lat="35.560498" lon="138.947201"><ele>200.0</ele></trkpt>
      <trkpt lat="35.560672" lon="138.946986"><ele>200.0</ele></trkpt>
      <trkpt lat="35.56086" lon="138.946771"><ele>200.0</ele></trkpt>
      <trkpt lat="35.561013" lon="138.946594"><ele>200.0</ele></trkpt>
      <trkpt lat="35.561094" lon="138.946485"><ele>200.0</ele></trkpt>
      <trkpt lat="35.561198" lon="138.946329"><ele>200.0</ele></trkpt>
      <trkpt lat="35.561283" lon="138.946186"><ele>200.0</ele></trkpt>
      <trkpt lat="35.561367" lon="138.946019"><ele>200.0</ele></trkpt>
      <trkpt lat="35.561456" lon="138.945815"><ele>200.0</ele></trkpt>
      <trkpt lat="35.561556" lon="138.945555"><ele>200.0</ele></trkpt>
      <trkpt lat="35.561625" lon="138.945323"><ele>200.0</ele></trkpt>
      <trkpt lat="35.561677" lon="138.945124"><ele>200.0</ele></trkpt>
      <trkpt lat="35.561732" lon="138.944902"><ele>200.0</ele></trkpt>
      <trkpt lat="35.561781" lon="138.944703"><ele>200.0</ele></trkpt>
      <trkpt lat="35.561814" lon="138.944502"><ele>200.0</ele></trkpt>
      <trkpt lat="35.561837" lon="138.944264"><ele>200.0</ele></trkpt>
      <trkpt lat="35.561862" lon="138.943918"><ele>200.0</ele></trkpt>
      <trkpt lat="35.56187" lon="138.943818"><ele>200.0</ele></trkpt>
      <trkpt lat="35.561915" lon="138.943305"><ele>200.0</ele></trkpt>
      <trkpt lat="35.561945" lon="138.942942"><ele>200.0</ele></trkpt>
      <trkpt lat="35.561975" lon="138.942642"><ele>200.0</ele></trkpt>
      <trkpt lat="35.562031" lon="138.942343"><ele>200.0</ele></trkpt>
      <trkpt lat="35.562122" lon="138.942007"><ele>200.0</ele></trkpt>
      <trkpt lat="35.562204" lon="138.941744"><ele>200.0</ele></trkpt>
      <trkpt lat="35.562292" lon="138.941485"><ele>200.0</ele></trkpt>
      <trkpt lat="35.562356" lon="138.941328"><ele>200.0</ele></trkpt>
      <trkpt lat="35.562459" lon="138.941136"><ele>200.0</ele></trkpt>
      <trkpt lat="35.56256" lon="138.940968"><ele>200.0</ele></trkpt>
      <trkpt lat="35.562617" lon="138.940866"><ele>200.0</ele></trkpt>
      <trkpt lat="35.562642" lon="138.940785"><ele>200.0</ele></trkpt>
      <trkpt lat="35.562652" lon="138.940727"><ele>200.0</ele></trkpt>
      <trkpt lat="35.562652" lon="138.940676"><ele>200.0</ele></trkpt>
      <trkpt lat="35.562633" lon="138.940621"><ele>200.0</ele></trkpt>
      <trkpt lat="35.562583" lon="138.940529"><ele>200.0</ele></trkpt>
      <trkpt lat="35.562531" lon="138.940453"><ele>200.0</ele></trkpt>
      <trkpt lat="35.562441" lon="138.940344"><ele>200.0</ele></trkpt>
      <trkpt lat="35.56225" lon="138.940114"><ele>200.0</ele></trkpt>
      <trkpt lat="35.562188" lon="138.93999"><ele>200.0</ele></trkpt>
      <trkpt lat="35.562167" lon="138.939915"><ele>200.0</ele></trkpt>
      <trkpt lat="35.562164" lon="138.939845"><ele>200.0</ele></trkpt>
      <trkpt lat="35.562167" lon="138.939789"><ele>200.0</ele></trkpt>
      <trkpt lat="35.562179" lon="138.939713"><ele>200.0</ele></trkpt>
      <trkpt lat="35.562212" lon="138.939629"><ele>200.0</ele></trkpt>
      <trkpt lat="35.562301" lon="138.939455"><ele>200.0</ele></trkpt>
      <trkpt lat="35.562439" lon="138.93921"><ele>200.0</ele></trkpt>
      <trkpt lat="35.56258" lon="138.938968"><ele>200.0</ele></trkpt>
      <trkpt lat="35.562903" lon="138.938395"><ele>200.0</ele></trkpt>
      <trkpt lat="35.563111" lon="138.937999"><ele>200.0</ele></trkpt>
      <trkpt lat="35.563271" lon="138.937711"><ele>200.0</ele></trkpt>
      <trkpt lat="35.563385" lon="138.937493"><ele>200.0</ele></trkpt>
      <trkpt lat="35.563445" lon="138.937382"><ele>200.0</ele></trkpt>
      <trkpt lat="35.563521" lon="138.93722"><ele>200.0</ele></trkpt>
      <trkpt lat="35.563607" lon="138.937013"><ele>200.0</ele></trkpt>
      <trkpt lat="35.563735" lon="138.936607"><ele>200.0</ele></trkpt>
      <trkpt lat="35.563871" lon="138.936165"><ele>200.0</ele></trkpt>
      <trkpt lat="35.56397" lon="138.935866"><ele>200.0</ele></trkpt>
      <trkpt lat="35.564045" lon="138.935673"><ele>200.0</ele></trkpt>
      <trkpt lat="35.564138" lon="138.935515"><ele>200.0</ele></trkpt>
      <trkpt lat="35.564224" lon="138.9354"><ele>200.0</ele></trkpt>
      <trkpt lat="35.5643" lon="138.935321"><ele>200.0</ele></trkpt>
      <trkpt lat="35.564381" lon="138.935244"><ele>200.0</ele></trkpt>
      <trkpt lat="35.564447" lon="138.935191"><ele>200.0</ele></trkpt>
      <trkpt lat="35.564577" lon="138.935086"><ele>200.0</ele></trkpt>
      <trkpt lat="35.564722" lon="138.934983"><ele>200.0</ele></trkpt>
      <trkpt lat="35.564878" lon="138.934873"><ele>200.0</ele></trkpt>
      <trkpt lat="35.564963" lon="138.934816"><ele>200.0</ele></trkpt>
      <trkpt lat="35.565044" lon="138.93475"><ele>200.0</ele></trkpt>
      <trkpt lat="35.565147" lon="138.934642"><ele>200.0</ele></trkpt>
      <trkpt lat="35.565239" lon="138.934528"><ele>200.0</ele></trkpt>
      <trkpt lat="35.565402" lon="138.934308"><ele>200.0</ele></trkpt>
      <trkpt lat="35.565658" lon="138.933969"><ele>200.0</ele></trkpt>
      <trkpt lat="35.565749" lon="138.933863"><ele>200.0</ele></trkpt>
      <trkpt lat="35.565874" lon="138.93375"><ele>200.0</ele></trkpt>
      <trkpt lat="35.566018" lon="138.933658"><ele>200.0</ele></trkpt>
      <trkpt lat="35.566176" lon="138.93358"><ele>200.0</ele></trkpt>
      <trkpt lat="35.566711" lon="138.93336"><ele>200.0</ele></trkpt>
      <trkpt lat="35.567158" lon="138.933176"><ele>200.0</ele></trkpt>
      <trkpt lat="35.567582" lon="138.932996"><ele>200.0</ele></trkpt>
      <trkpt lat="35.567924" lon="138.932847"><ele>200.0</ele></trkpt>
      <trkpt lat="35.568064" lon="138.932785"><ele>200.0</ele></trkpt>
      <trkpt lat="35.568304" lon="138.932681"><ele>200.0</ele></trkpt>
      <trkpt lat="35.568439" lon="138.932615"><ele>200.0</ele></trkpt>
      <trkpt lat="35.568572" lon="138.932539"><ele>200.0</ele></trkpt>
      <trkpt lat="35.568718" lon="138.93245"><ele>200.0</ele></trkpt>
      <trkpt lat="35.568847" lon="138.932357"><ele>200.0</ele></trkpt>
      <trkpt lat="35.568884" lon="138.932329"><ele>200.0</ele></trkpt>
      <trkpt lat="35.569137" lon="138.932129"><ele>200.0</ele></trkpt>
      <trkpt lat="35.569303" lon="138.932007"><ele>200.0</ele></trkpt>
      <trkpt lat="35.569445" lon="138.931922"><ele>200.0</ele></trkpt>
      <trkpt lat="35.569583" lon="138.931858"><ele>200.0</ele></trkpt>
      <trkpt lat="35.569923" lon="138.931735"><ele>200.0</ele></trkpt>
      <trkpt lat="35.570023" lon="138.931697"><ele>200.0</ele></trkpt>
      <trkpt lat="35.570219" lon="138.931613"><ele>200.0</ele></trkpt>
      <trkpt lat="35.57056" lon="138.931472"><ele>200.0</ele></trkpt>
      <trkpt lat="35.570785" lon="138.93166"><ele>200.0</ele></trkpt>
      <trkpt lat="35.571059" lon="138.931918"><ele>200.0</ele></trkpt>
      <trkpt lat="35.57121" lon="138.932061"><ele>200.0</ele></trkpt>
      <trkpt lat="35.571531" lon="138.932367"><ele>200.0</ele></trkpt>
      <trkpt lat="35.57167" lon="138.932492"><ele>200.0</ele></trkpt>
      <trkpt lat="35.571722" lon="138.932539"><ele>200.0</ele></trkpt>
      <trkpt lat="35.571834" lon="138.9326"><ele>200.0</ele></trkpt>
      <trkpt lat="35.572173" lon="138.932784"><ele>200.0</ele></trkpt>
      <trkpt lat="35.57212" lon="138.933015"><ele>200.0</ele></trkpt>
      <trkpt lat="35.572109" lon="138.933062"><ele>200.0</ele></trkpt>
      <trkpt lat="35.572038" lon="138.933431"><ele>200.0</ele></trkpt>
      <trkpt lat="35.572017" lon="138.933483"><ele>200.0</ele></trkpt>
      <trkpt lat="35.572128" lon="138.933506"><ele>200.0</ele></trkpt>
      <trkpt lat="35.572226" lon="138.933516"><ele>200.0</ele></trkpt>
      <trkpt lat="35.572128" lon="138.933506"><ele>200.0</ele></trkpt>
      <trkpt lat="35.572017" lon="138.933483"><ele>200.0</ele></trkpt>
      <trkpt lat="35.572038" lon="138.933431"><ele>200.0</ele></trkpt>
      <trkpt lat="35.572109" lon="138.933062"><ele>200.0</ele></trkpt>
      <trkpt lat="35.57212" lon="138.933015"><ele>200.0</ele></trkpt>
      <trkpt lat="35.572173" lon="138.932784"><ele>200.0</ele></trkpt>
      <trkpt lat="35.572213" lon="138.932561"><ele>200.0</ele></trkpt>
      <trkpt lat="35.572288" lon="138.932255"><ele>200.0</ele></trkpt>
      <trkpt lat="35.572219" lon="138.93218"><ele>200.0</ele></trkpt>
      <trkpt lat="35.572206" lon="138.932084"><ele>200.0</ele></trkpt>
      <trkpt lat="35.57218" lon="138.931899"><ele>200.0</ele></trkpt>
      <trkpt lat="35.572123" lon="138.931471"><ele>200.0</ele></trkpt>
      <trkpt lat="35.572076" lon="138.931126"><ele>200.0</ele></trkpt>
      <trkpt lat="35.572069" lon="138.930992"><ele>200.0</ele></trkpt>
      <trkpt lat="35.572055" lon="138.930927"><ele>200.0</ele></trkpt>
      <trkpt lat="35.572051" lon="138.930871"><ele>200.0</ele></trkpt>
      <trkpt lat="35.572056" lon="138.930759"><ele>200.0</ele></trkpt>
      <trkpt lat="35.572058" lon="138.930636"><ele>200.0</ele></trkpt>
      <trkpt lat="35.572104" lon="138.930615"><ele>200.0</ele></trkpt>
      <trkpt lat="35.572324" lon="138.930449"><ele>200.0</ele></trkpt>
      <trkpt lat="35.572413" lon="138.930248"><ele>200.0</ele></trkpt>
      <trkpt lat="35.572426" lon="138.930196"><ele>200.0</ele></trkpt>
      <trkpt lat="35.572458" lon="138.930073"><ele>200.0</ele></trkpt>
      <trkpt lat="35.572521" lon="138.929867"><ele>200.0</ele></trkpt>
      <trkpt lat="35.572549" lon="138.929808"><ele>200.0</ele></trkpt>
      <trkpt lat="35.572669" lon="138.929656"><ele>200.0</ele></trkpt>
      <trkpt lat="35.572687" lon="138.929618"><ele>200.0</ele></trkpt>
      <trkpt lat="35.5727" lon="138.929528"><ele>200.0</ele></trkpt>
      <trkpt lat="35.572695" lon="138.929486"><ele>200.0</ele></trkpt>
      <trkpt lat="35.572606" lon="138.929029"><ele>200.0</ele></trkpt>
      <trkpt lat="35.572601" lon="138.928992"><ele>200.0</ele></trkpt>
      <trkpt lat="35.572725" lon="138.928903"><ele>200.0</ele></trkpt>
      <trkpt lat="35.572759" lon="138.928871"><ele>200.0</ele></trkpt>
      <trkpt lat="35.572802" lon="138.928829"><ele>200.0</ele></trkpt>
      <trkpt lat="35.572858" lon="138.928762"><ele>200.0</ele></trkpt>
      <trkpt lat="35.572969" lon="138.928655"><ele>200.0</ele></trkpt>
      <trkpt lat="35.572992" lon="138.928633"><ele>200.0</ele></trkpt>
      <trkpt lat="35.573153" lon="138.928317"><ele>200.0</ele></trkpt>
      <trkpt lat="35.573168" lon="138.928281"><ele>200.0</ele></trkpt>
      <trkpt lat="35.573326" lon="138.927902"><ele>200.0</ele></trkpt>
      <trkpt lat="35.573358" lon="138.927859"><ele>200.0</ele></trkpt>
      <trkpt lat="35.572823" lon="138.927148"><ele>200.0</ele></trkpt>
      <trkpt lat="35.572623" lon="138.926882"><ele>200.0</ele></trkpt>
      <trkpt lat="35.572351" lon="138.926515"><ele>200.0</ele></trkpt>
      <trkpt lat="35.572047" lon="138.926136"><ele>200.0</ele></trkpt>
      <trkpt lat="35.57171" lon="138.925659"><ele>200.0</ele></trkpt>
      <trkpt lat="35.571524" lon="138.925415"><ele>200.0</ele></trkpt>
      <trkpt lat="35.571226" lon="138.92503"><ele>200.0</ele></trkpt>
      <trkpt lat="35.570919" lon="138.924608"><ele>200.0</ele></trkpt>
      <trkpt lat="35.57076" lon="138.924326"><ele>200.0</ele></trkpt>
      <trkpt lat="35.570507" lon="138.923862"><ele>200.0</ele></trkpt>
      <trkpt lat="35.570314" lon="138.92354"><ele>200.0</ele></trkpt>
      <trkpt lat="35.570279" lon="138.923486"><ele>200.0</ele></trkpt>
      <trkpt lat="35.570012" lon="138.923068"><ele>200.0</ele></trkpt>
      <trkpt lat="35.569791" lon="138.922688"><ele>200.0</ele></trkpt>
      <trkpt lat="35.569511" lon="138.922174"><ele>200.0</ele></trkpt>
      <trkpt lat="35.56932" lon="138.921927"><ele>200.0</ele></trkpt>
      <trkpt lat="35.569076" lon="138.921649"><ele>200.0</ele></trkpt>
      <trkpt lat="35.568917" lon="138.92148"><ele>200.0</ele></trkpt>
      <trkpt lat="35.568871" lon="138.921431"><ele>200.0</ele></trkpt>
      <trkpt lat="35.568618" lon="138.921089"><ele>200.0</ele></trkpt>
      <trkpt lat="35.567985" lon="138.920221"><ele>200.0</ele></trkpt>
      <trkpt lat="35.567345" lon="138.919372"><ele>200.0</ele></trkpt>
      <trkpt lat="35.56708" lon="138.919013"><ele>200.0</ele></trkpt>
      <trkpt lat="35.566745" lon="138.918525"><ele>200.0</ele></trkpt>
      <trkpt lat="35.566717" lon="138.918501"><ele>200.0</ele></trkpt>
      <trkpt lat="35.566211" lon="138.917802"><ele>200.0</ele></trkpt>
      <trkpt lat="35.565525" lon="138.91699"><ele>200.0</ele></trkpt>
      <trkpt lat="35.56537" lon="138.916796"><ele>200.0</ele></trkpt>
      <trkpt lat="35.565188" lon="138.916564"><ele>200.0</ele></trkpt>
      <trkpt lat="35.564995" lon="138.916358"><ele>200.0</ele></trkpt>
      <trkpt lat="35.564823" lon="138.916156"><ele>200.0</ele></trkpt>
      <trkpt lat="35.5644" lon="138.915666"><ele>200.0</ele></trkpt>
      <trkpt lat="35.564383" lon="138.915648"><ele>200.0</ele></trkpt>
      <trkpt lat="35.564127" lon="138.915374"><ele>200.0</ele></trkpt>
      <trkpt lat="35.56395" lon="138.915223"><ele>200.0</ele></trkpt>
      <trkpt lat="35.563904" lon="138.915172"><ele>200.0</ele></trkpt>
      <trkpt lat="35.563654" lon="138.91493"><ele>200.0</ele></trkpt>
      <trkpt lat="35.563319" lon="138.914681"><ele>200.0</ele></trkpt>
      <trkpt lat="35.563019" lon="138.91445"><ele>200.0</ele></trkpt>
      <trkpt lat="35.562707" lon="138.914209"><ele>200.0</ele></trkpt>
      <trkpt lat="35.562612" lon="138.914138"><ele>200.0</ele></trkpt>
      <trkpt lat="35.5624" lon="138.91397"><ele>200.0</ele></trkpt>
      <trkpt lat="35.562197" lon="138.9138"><ele>200.0</ele></trkpt>
      <trkpt lat="35.561889" lon="138.91354"><ele>200.0</ele></trkpt>
      <trkpt lat="35.561651" lon="138.913348"><ele>200.0</ele></trkpt>
      <trkpt lat="35.561057" lon="138.912904"><ele>200.0</ele></trkpt>
      <trkpt lat="35.560463" lon="138.912398"><ele>200.0</ele></trkpt>
      <trkpt lat="35.560397" lon="138.912344"><ele>200.0</ele></trkpt>
      <trkpt lat="35.560368" lon="138.912321"><ele>200.0</ele></trkpt>
      <trkpt lat="35.560093" lon="138.912097"><ele>200.0</ele></trkpt>
      <trkpt lat="35.55987" lon="138.911925"><ele>200.0</ele></trkpt>
      <trkpt lat="35.559234" lon="138.911368"><ele>200.0</ele></trkpt>
      <trkpt lat="35.559004" lon="138.911177"><ele>200.0</ele></trkpt>
      <trkpt lat="35.558773" lon="138.91098"><ele>200.0</ele></trkpt>
      <trkpt lat="35.558441" lon="138.910711"><ele>200.0</ele></trkpt>
      <trkpt lat="35.558149" lon="138.91046"><ele>200.0</ele></trkpt>
      <trkpt lat="35.557769" lon="138.910138"><ele>200.0</ele></trkpt>
      <trkpt lat="35.557442" lon="138.909866"><ele>200.0</ele></trkpt>
      <trkpt lat="35.557213" lon="138.909666"><ele>200.0</ele></trkpt>
      <trkpt lat="35.557087" lon="138.909625"><ele>200.0</ele></trkpt>
      <trkpt lat="35.556639" lon="138.909469"><ele>200.0</ele></trkpt>
      <trkpt lat="35.556494" lon="138.909421"><ele>200.0</ele></trkpt>
      <trkpt lat="35.556174" lon="138.909328"><ele>200.0</ele></trkpt>
      <trkpt lat="35.556107" lon="138.9093"><ele>200.0</ele></trkpt>
      <trkpt lat="35.555921" lon="138.909591"><ele>200.0</ele></trkpt>
      <trkpt lat="35.555678" lon="138.909945"><ele>200.0</ele></trkpt>
      <trkpt lat="35.55529" lon="138.909674"><ele>200.0</ele></trkpt>
      <trkpt lat="35.554982" lon="138.909451"><ele>200.0</ele></trkpt>
      <trkpt lat="35.554856" lon="138.90936"><ele>200.0</ele></trkpt>
      <trkpt lat="35.554597" lon="138.90918"><ele>200.0</ele></trkpt>
      <trkpt lat="35.554364" lon="138.909009"><ele>200.0</ele></trkpt>
      <trkpt lat="35.554177" lon="138.908872"><ele>200.0</ele></trkpt>
      <trkpt lat="35.553959" lon="138.908712"><ele>200.0</ele></trkpt>
      <trkpt lat="35.553784" lon="138.908586"><ele>200.0</ele></trkpt>
      <trkpt lat="35.553394" lon="138.908303"><ele>200.0</ele></trkpt>
      <trkpt lat="35.552862" lon="138.907922"><ele>200.0</ele></trkpt>
      <trkpt lat="35.552715" lon="138.907824"><ele>200.0</ele></trkpt>
      <trkpt lat="35.552411" lon="138.907597"><ele>200.0</ele></trkpt>
      <trkpt lat="35.552162" lon="138.907399"><ele>200.0</ele></trkpt>
      <trkpt lat="35.552138" lon="138.907374"><ele>200.0</ele></trkpt>
      <trkpt lat="35.552061" lon="138.907293"><ele>200.0</ele></trkpt>
      <trkpt lat="35.551991" lon="138.907159"><ele>200.0</ele></trkpt>
      <trkpt lat="35.551903" lon="138.907013"><ele>200.0</ele></trkpt>
      <trkpt lat="35.551903" lon="138.907013"><ele>200.0</ele></trkpt>
    </trkseg>
  </trk>
</gpx>