<?xml version="1.0" encoding="UTF-8"?>
<gpx version="1.1" creator="TokyoCycling2026" xmlns="http://www.topografix.com/GPX/1/1">
  <metadata>
    <name>Day 3: 湖泊篇：由加利旅館 ➔【晴天版】山中湖完整環湖一圈+忍野八海 / 【陰雨天版】新倉山五重塔 ➔ 河口湖 (宿 Orange Cabin Inn)</name>
    <desc>70.5 km | +1030m / -651m</desc>
  </metadata>
  <trk>
    <name>Day 3: 湖泊篇：由加利旅館 ➔【晴天版】山中湖完整環湖一圈+忍野八海 / 【陰雨天版】新倉山五重塔 ➔ 河口湖 (宿 Orange Cabin Inn)</name>
    <trkseg>
      <trkpt lat="35.550552" lon="138.905855"></trkpt>
      <trkpt lat="35.550364" lon="138.905707"></trkpt>
      <trkpt lat="35.55021" lon="138.905595"></trkpt>
      <trkpt lat="35.550146" lon="138.905544"></trkpt>
      <trkpt lat="35.55004" lon="138.905457"></trkpt>
      <trkpt lat="35.549252" lon="138.904873"></trkpt>
      <trkpt lat="35.548884" lon="138.904589"></trkpt>
      <trkpt lat="35.54849" lon="138.904289"></trkpt>
      <trkpt lat="35.548352" lon="138.904344"></trkpt>
      <trkpt lat="35.54816" lon="138.904219"></trkpt>
      <trkpt lat="35.547993" lon="138.904104"></trkpt>
      <trkpt lat="35.547858" lon="138.90402"></trkpt>
      <trkpt lat="35.547503" lon="138.903844"></trkpt>
      <trkpt lat="35.547372" lon="138.903757"></trkpt>
      <trkpt lat="35.547173" lon="138.903445"></trkpt>
      <trkpt lat="35.547001" lon="138.903202"></trkpt>
      <trkpt lat="35.546866" lon="138.903027"></trkpt>
      <trkpt lat="35.54676" lon="138.9029"></trkpt>
      <trkpt lat="35.54664" lon="138.902813"></trkpt>
      <trkpt lat="35.54637" lon="138.902683"></trkpt>
      <trkpt lat="35.546016" lon="138.902533"></trkpt>
      <trkpt lat="35.545968" lon="138.902397"></trkpt>
      <trkpt lat="35.545918" lon="138.902246"></trkpt>
      <trkpt lat="35.545624" lon="138.9016"></trkpt>
      <trkpt lat="35.545564" lon="138.901451"></trkpt>
      <trkpt lat="35.545302" lon="138.900904"></trkpt>
      <trkpt lat="35.545233" lon="138.900746"></trkpt>
      <trkpt lat="35.544838" lon="138.899873"></trkpt>
      <trkpt lat="35.544687" lon="138.899571"></trkpt>
      <trkpt lat="35.544245" lon="138.89859"></trkpt>
      <trkpt lat="35.544031" lon="138.898112"></trkpt>
      <trkpt lat="35.543583" lon="138.897134"></trkpt>
      <trkpt lat="35.542458" lon="138.894672"></trkpt>
      <trkpt lat="35.542388" lon="138.894482"></trkpt>
      <trkpt lat="35.542138" lon="138.893821"></trkpt>
      <trkpt lat="35.542011" lon="138.893497"></trkpt>
      <trkpt lat="35.541978" lon="138.893411"></trkpt>
      <trkpt lat="35.541927" lon="138.89327"></trkpt>
      <trkpt lat="35.54189" lon="138.893167"></trkpt>
      <trkpt lat="35.541856" lon="138.893079"></trkpt>
      <trkpt lat="35.541851" lon="138.893065"></trkpt>
      <trkpt lat="35.541715" lon="138.892771"></trkpt>
      <trkpt lat="35.541699" lon="138.892736"></trkpt>
      <trkpt lat="35.541462" lon="138.892333"></trkpt>
      <trkpt lat="35.541265" lon="138.892035"></trkpt>
      <trkpt lat="35.540935" lon="138.89152"></trkpt>
      <trkpt lat="35.540748" lon="138.8912"></trkpt>
      <trkpt lat="35.540726" lon="138.891161"></trkpt>
      <trkpt lat="35.540636" lon="138.891001"></trkpt>
      <trkpt lat="35.540595" lon="138.890779"></trkpt>
      <trkpt lat="35.540582" lon="138.890371"></trkpt>
      <trkpt lat="35.540577" lon="138.889865"></trkpt>
      <trkpt lat="35.540577" lon="138.889596"></trkpt>
      <trkpt lat="35.540574" lon="138.889215"></trkpt>
      <trkpt lat="35.540543" lon="138.889079"></trkpt>
      <trkpt lat="35.540509" lon="138.888974"></trkpt>
      <trkpt lat="35.540482" lon="138.888907"></trkpt>
      <trkpt lat="35.540418" lon="138.888745"></trkpt>
      <trkpt lat="35.54038" lon="138.888651"></trkpt>
      <trkpt lat="35.540302" lon="138.888482"></trkpt>
      <trkpt lat="35.540219" lon="138.888289"></trkpt>
      <trkpt lat="35.540131" lon="138.888087"></trkpt>
      <trkpt lat="35.540044" lon="138.887898"></trkpt>
      <trkpt lat="35.539883" lon="138.887532"></trkpt>
      <trkpt lat="35.539677" lon="138.887056"></trkpt>
      <trkpt lat="35.539545" lon="138.8868"></trkpt>
      <trkpt lat="35.539416" lon="138.886529"></trkpt>
      <trkpt lat="35.53926" lon="138.886255"></trkpt>
      <trkpt lat="35.539046" lon="138.885896"></trkpt>
      <trkpt lat="35.538979" lon="138.885762"></trkpt>
      <trkpt lat="35.538939" lon="138.885661"></trkpt>
      <trkpt lat="35.538909" lon="138.88556"></trkpt>
      <trkpt lat="35.538886" lon="138.885457"></trkpt>
      <trkpt lat="35.538873" lon="138.885345"></trkpt>
      <trkpt lat="35.538854" lon="138.884572"></trkpt>
      <trkpt lat="35.538854" lon="138.883789"></trkpt>
      <trkpt lat="35.538874" lon="138.883263"></trkpt>
      <trkpt lat="35.538955" lon="138.882526"></trkpt>
      <trkpt lat="35.53904" lon="138.881872"></trkpt>
      <trkpt lat="35.539096" lon="138.881522"></trkpt>
      <trkpt lat="35.539089" lon="138.881246"></trkpt>
      <trkpt lat="35.539047" lon="138.880973"></trkpt>
      <trkpt lat="35.538958" lon="138.880596"></trkpt>
      <trkpt lat="35.538896" lon="138.880375"></trkpt>
      <trkpt lat="35.538679" lon="138.879466"></trkpt>
      <trkpt lat="35.538385" lon="138.878238"></trkpt>
      <trkpt lat="35.538326" lon="138.877965"></trkpt>
      <trkpt lat="35.538216" lon="138.877517"></trkpt>
      <trkpt lat="35.538162" lon="138.877322"></trkpt>
      <trkpt lat="35.538036" lon="138.877006"></trkpt>
      <trkpt lat="35.53756" lon="138.875837"></trkpt>
      <trkpt lat="35.537519" lon="138.875738"></trkpt>
      <trkpt lat="35.537138" lon="138.874753"></trkpt>
      <trkpt lat="35.536985" lon="138.874373"></trkpt>
      <trkpt lat="35.536785" lon="138.873858"></trkpt>
      <trkpt lat="35.536663" lon="138.873502"></trkpt>
      <trkpt lat="35.536617" lon="138.873367"></trkpt>
      <trkpt lat="35.536442" lon="138.872832"></trkpt>
      <trkpt lat="35.536223" lon="138.87216"></trkpt>
      <trkpt lat="35.536053" lon="138.871707"></trkpt>
      <trkpt lat="35.535853" lon="138.871144"></trkpt>
      <trkpt lat="35.535711" lon="138.870723"></trkpt>
      <trkpt lat="35.535585" lon="138.87044"></trkpt>
      <trkpt lat="35.535533" lon="138.870361"></trkpt>
      <trkpt lat="35.535389" lon="138.87014"></trkpt>
      <trkpt lat="35.535218" lon="138.869876"></trkpt>
      <trkpt lat="35.535077" lon="138.869658"></trkpt>
      <trkpt lat="35.534705" lon="138.86917"></trkpt>
      <trkpt lat="35.534512" lon="138.868891"></trkpt>
      <trkpt lat="35.534335" lon="138.868603"></trkpt>
      <trkpt lat="35.534048" lon="138.868062"></trkpt>
      <trkpt lat="35.533913" lon="138.867779"></trkpt>
      <trkpt lat="35.533769" lon="138.867479"></trkpt>
      <trkpt lat="35.533308" lon="138.866602"></trkpt>
      <trkpt lat="35.533287" lon="138.866565"></trkpt>
      <trkpt lat="35.532966" lon="138.86601"></trkpt>
      <trkpt lat="35.532913" lon="138.865918"></trkpt>
      <trkpt lat="35.532833" lon="138.865779"></trkpt>
      <trkpt lat="35.532737" lon="138.865624"></trkpt>
      <trkpt lat="35.532295" lon="138.864907"></trkpt>
      <trkpt lat="35.532176" lon="138.864715"></trkpt>
      <trkpt lat="35.531946" lon="138.8644"></trkpt>
      <trkpt lat="35.531897" lon="138.864343"></trkpt>
      <trkpt lat="35.531625" lon="138.863986"></trkpt>
      <trkpt lat="35.531296" lon="138.863556"></trkpt>
      <trkpt lat="35.530968" lon="138.86305"></trkpt>
      <trkpt lat="35.530828" lon="138.86281"></trkpt>
      <trkpt lat="35.530731" lon="138.862583"></trkpt>
      <trkpt lat="35.530619" lon="138.86232"></trkpt>
      <trkpt lat="35.530394" lon="138.861795"></trkpt>
      <trkpt lat="35.529983" lon="138.860836"></trkpt>
      <trkpt lat="35.529789" lon="138.860418"></trkpt>
      <trkpt lat="35.529578" lon="138.859977"></trkpt>
      <trkpt lat="35.529124" lon="138.859039"></trkpt>
      <trkpt lat="35.528847" lon="138.858483"></trkpt>
      <trkpt lat="35.528551" lon="138.85784"></trkpt>
      <trkpt lat="35.528425" lon="138.857522"></trkpt>
      <trkpt lat="35.528357" lon="138.85724"></trkpt>
      <trkpt lat="35.528335" lon="138.857171"></trkpt>
      <trkpt lat="35.528193" lon="138.856621"></trkpt>
      <trkpt lat="35.528103" lon="138.856235"></trkpt>
      <trkpt lat="35.527991" lon="138.855771"></trkpt>
      <trkpt lat="35.527892" lon="138.85537"></trkpt>
      <trkpt lat="35.52785" lon="138.855219"></trkpt>
      <trkpt lat="35.527783" lon="138.855203"></trkpt>
      <trkpt lat="35.527448" lon="138.854942"></trkpt>
      <trkpt lat="35.527293" lon="138.854841"></trkpt>
      <trkpt lat="35.526971" lon="138.854633"></trkpt>
      <trkpt lat="35.526627" lon="138.854391"></trkpt>
      <trkpt lat="35.526445" lon="138.85423"></trkpt>
      <trkpt lat="35.526191" lon="138.853977"></trkpt>
      <trkpt lat="35.526014" lon="138.853797"></trkpt>
      <trkpt lat="35.525842" lon="138.853608"></trkpt>
      <trkpt lat="35.525535" lon="138.853319"></trkpt>
      <trkpt lat="35.525319" lon="138.853142"></trkpt>
      <trkpt lat="35.524972" lon="138.852919"></trkpt>
      <trkpt lat="35.523961" lon="138.852306"></trkpt>
      <trkpt lat="35.523703" lon="138.852157"></trkpt>
      <trkpt lat="35.52354" lon="138.852064"></trkpt>
      <trkpt lat="35.523518" lon="138.852179"></trkpt>
      <trkpt lat="35.523531" lon="138.852811"></trkpt>
      <trkpt lat="35.523524" lon="138.852921"></trkpt>
      <trkpt lat="35.523684" lon="138.853032"></trkpt>
      <trkpt lat="35.523855" lon="138.853137"></trkpt>
      <trkpt lat="35.523887" lon="138.85323"></trkpt>
      <trkpt lat="35.523886" lon="138.853281"></trkpt>
      <trkpt lat="35.523763" lon="138.853444"></trkpt>
      <trkpt lat="35.523459" lon="138.853456"></trkpt>
      <trkpt lat="35.523221" lon="138.853537"></trkpt>
      <trkpt lat="35.523054" lon="138.853581"></trkpt>
      <trkpt lat="35.522871" lon="138.853585"></trkpt>
      <trkpt lat="35.522701" lon="138.853647"></trkpt>
      <trkpt lat="35.522576" lon="138.853696"></trkpt>
      <trkpt lat="35.522365" lon="138.853811"></trkpt>
      <trkpt lat="35.522326" lon="138.853824"></trkpt>
      <trkpt lat="35.522065" lon="138.853905"></trkpt>
      <trkpt lat="35.521806" lon="138.854017"></trkpt>
      <trkpt lat="35.521442" lon="138.854213"></trkpt>
      <trkpt lat="35.521302" lon="138.854326"></trkpt>
      <trkpt lat="35.521005" lon="138.854549"></trkpt>
      <trkpt lat="35.520726" lon="138.854792"></trkpt>
      <trkpt lat="35.52068" lon="138.854892"></trkpt>
      <trkpt lat="35.520729" lon="138.85615"></trkpt>
      <trkpt lat="35.520729" lon="138.85615"></trkpt>
      <trkpt lat="35.52068" lon="138.854892"></trkpt>
      <trkpt lat="35.520726" lon="138.854792"></trkpt>
      <trkpt lat="35.521005" lon="138.854549"></trkpt>
      <trkpt lat="35.521302" lon="138.854326"></trkpt>
      <trkpt lat="35.521442" lon="138.854213"></trkpt>
      <trkpt lat="35.521806" lon="138.854017"></trkpt>
      <trkpt lat="35.522065" lon="138.853905"></trkpt>
      <trkpt lat="35.522326" lon="138.853824"></trkpt>
      <trkpt lat="35.522365" lon="138.853811"></trkpt>
      <trkpt lat="35.522576" lon="138.853696"></trkpt>
      <trkpt lat="35.522701" lon="138.853647"></trkpt>
      <trkpt lat="35.522871" lon="138.853585"></trkpt>
      <trkpt lat="35.523054" lon="138.853581"></trkpt>
      <trkpt lat="35.523221" lon="138.853537"></trkpt>
      <trkpt lat="35.523459" lon="138.853456"></trkpt>
      <trkpt lat="35.523763" lon="138.853444"></trkpt>
      <trkpt lat="35.523886" lon="138.853281"></trkpt>
      <trkpt lat="35.523887" lon="138.85323"></trkpt>
      <trkpt lat="35.523855" lon="138.853137"></trkpt>
      <trkpt lat="35.523684" lon="138.853032"></trkpt>
      <trkpt lat="35.523524" lon="138.852921"></trkpt>
      <trkpt lat="35.523531" lon="138.852811"></trkpt>
      <trkpt lat="35.523518" lon="138.852179"></trkpt>
      <trkpt lat="35.52354" lon="138.852064"></trkpt>
      <trkpt lat="35.523606" lon="138.851916"></trkpt>
      <trkpt lat="35.523869" lon="138.851753"></trkpt>
      <trkpt lat="35.524621" lon="138.85151"></trkpt>
      <trkpt lat="35.524881" lon="138.851409"></trkpt>
      <trkpt lat="35.525143" lon="138.851311"></trkpt>
      <trkpt lat="35.525412" lon="138.851191"></trkpt>
      <trkpt lat="35.525628" lon="138.851048"></trkpt>
      <trkpt lat="35.525852" lon="138.850885"></trkpt>
      <trkpt lat="35.525834" lon="138.850845"></trkpt>
      <trkpt lat="35.525659" lon="138.850505"></trkpt>
      <trkpt lat="35.525596" lon="138.850381"></trkpt>
      <trkpt lat="35.525491" lon="138.850202"></trkpt>
      <trkpt lat="35.525415" lon="138.850072"></trkpt>
      <trkpt lat="35.525233" lon="138.849781"></trkpt>
      <trkpt lat="35.525058" lon="138.849532"></trkpt>
      <trkpt lat="35.524863" lon="138.84924"></trkpt>
      <trkpt lat="35.52473" lon="138.848965"></trkpt>
      <trkpt lat="35.524614" lon="138.848666"></trkpt>
      <trkpt lat="35.52458" lon="138.848575"></trkpt>
      <trkpt lat="35.524496" lon="138.848385"></trkpt>
      <trkpt lat="35.524247" lon="138.847823"></trkpt>
      <trkpt lat="35.524234" lon="138.847791"></trkpt>
      <trkpt lat="35.523978" lon="138.847165"></trkpt>
      <trkpt lat="35.523913" lon="138.846991"></trkpt>
      <trkpt lat="35.523726" lon="138.846397"></trkpt>
      <trkpt lat="35.523643" lon="138.846148"></trkpt>
      <trkpt lat="35.523535" lon="138.845823"></trkpt>
      <trkpt lat="35.523515" lon="138.845764"></trkpt>
      <trkpt lat="35.523406" lon="138.845521"></trkpt>
      <trkpt lat="35.523384" lon="138.845471"></trkpt>
      <trkpt lat="35.523319" lon="138.845326"></trkpt>
      <trkpt lat="35.523204" lon="138.845106"></trkpt>
      <trkpt lat="35.522984" lon="138.844691"></trkpt>
      <trkpt lat="35.522551" lon="138.843918"></trkpt>
      <trkpt lat="35.522324" lon="138.843514"></trkpt>
      <trkpt lat="35.522314" lon="138.843496"></trkpt>
      <trkpt lat="35.522101" lon="138.843114"></trkpt>
      <trkpt lat="35.52209" lon="138.843094"></trkpt>
      <trkpt lat="35.521877" lon="138.842739"></trkpt>
      <trkpt lat="35.52174" lon="138.842545"></trkpt>
      <trkpt lat="35.521461" lon="138.842159"></trkpt>
      <trkpt lat="35.520916" lon="138.841472"></trkpt>
      <trkpt lat="35.520895" lon="138.841447"></trkpt>
      <trkpt lat="35.520434" lon="138.840888"></trkpt>
      <trkpt lat="35.520029" lon="138.840331"></trkpt>
      <trkpt lat="35.519807" lon="138.839942"></trkpt>
      <trkpt lat="35.51977" lon="138.83988"></trkpt>
      <trkpt lat="35.519582" lon="138.839515"></trkpt>
      <trkpt lat="35.519006" lon="138.838438"></trkpt>
      <trkpt lat="35.51867" lon="138.837833"></trkpt>
      <trkpt lat="35.518646" lon="138.83779"></trkpt>
      <trkpt lat="35.51825" lon="138.837116"></trkpt>
      <trkpt lat="35.518184" lon="138.837"></trkpt>
      <trkpt lat="35.517723" lon="138.836125"></trkpt>
      <trkpt lat="35.517589" lon="138.835892"></trkpt>
      <trkpt lat="35.517416" lon="138.835593"></trkpt>
      <trkpt lat="35.517144" lon="138.835249"></trkpt>
      <trkpt lat="35.516648" lon="138.834812"></trkpt>
      <trkpt lat="35.516404" lon="138.834599"></trkpt>
      <trkpt lat="35.515708" lon="138.833991"></trkpt>
      <trkpt lat="35.515618" lon="138.833913"></trkpt>
      <trkpt lat="35.514838" lon="138.833215"></trkpt>
      <trkpt lat="35.514403" lon="138.832829"></trkpt>
      <trkpt lat="35.513817" lon="138.83231"></trkpt>
      <trkpt lat="35.513721" lon="138.832224"></trkpt>
      <trkpt lat="35.513055" lon="138.831634"></trkpt>
      <trkpt lat="35.512568" lon="138.831199"></trkpt>
      <trkpt lat="35.512207" lon="138.830878"></trkpt>
      <trkpt lat="35.512099" lon="138.830749"></trkpt>
      <trkpt lat="35.511956" lon="138.830599"></trkpt>
      <trkpt lat="35.511715" lon="138.830348"></trkpt>
      <trkpt lat="35.511357" lon="138.829935"></trkpt>
      <trkpt lat="35.511063" lon="138.829596"></trkpt>
      <trkpt lat="35.510674" lon="138.829147"></trkpt>
      <trkpt lat="35.510352" lon="138.828784"></trkpt>
      <trkpt lat="35.510218" lon="138.828632"></trkpt>
      <trkpt lat="35.510051" lon="138.828462"></trkpt>
      <trkpt lat="35.509673" lon="138.828041"></trkpt>
      <trkpt lat="35.509486" lon="138.827834"></trkpt>
      <trkpt lat="35.509294" lon="138.827571"></trkpt>
      <trkpt lat="35.509228" lon="138.827482"></trkpt>
      <trkpt lat="35.508767" lon="138.826803"></trkpt>
      <trkpt lat="35.508753" lon="138.826781"></trkpt>
      <trkpt lat="35.507992" lon="138.825594"></trkpt>
      <trkpt lat="35.507923" lon="138.825488"></trkpt>
      <trkpt lat="35.507659" lon="138.825076"></trkpt>
      <trkpt lat="35.507304" lon="138.824522"></trkpt>
      <trkpt lat="35.507055" lon="138.824134"></trkpt>
      <trkpt lat="35.506667" lon="138.823564"></trkpt>
      <trkpt lat="35.50607" lon="138.822684"></trkpt>
      <trkpt lat="35.505207" lon="138.821351"></trkpt>
      <trkpt lat="35.50477" lon="138.820675"></trkpt>
      <trkpt lat="35.504427" lon="138.820154"></trkpt>
      <trkpt lat="35.504123" lon="138.819688"></trkpt>
      <trkpt lat="35.50387" lon="138.819402"></trkpt>
      <trkpt lat="35.503792" lon="138.819298"></trkpt>
      <trkpt lat="35.503703" lon="138.819215"></trkpt>
      <trkpt lat="35.503566" lon="138.819108"></trkpt>
      <trkpt lat="35.503359" lon="138.819"></trkpt>
      <trkpt lat="35.502439" lon="138.818762"></trkpt>
      <trkpt lat="35.502171" lon="138.818693"></trkpt>
      <trkpt lat="35.50192" lon="138.818629"></trkpt>
      <trkpt lat="35.501592" lon="138.818519"></trkpt>
      <trkpt lat="35.501237" lon="138.818388"></trkpt>
      <trkpt lat="35.501014" lon="138.818304"></trkpt>
      <trkpt lat="35.500669" lon="138.818145"></trkpt>
      <trkpt lat="35.497955" lon="138.816952"></trkpt>
      <trkpt lat="35.497614" lon="138.816818"></trkpt>
      <trkpt lat="35.496716" lon="138.816441"></trkpt>
      <trkpt lat="35.495656" lon="138.815996"></trkpt>
      <trkpt lat="35.495407" lon="138.815895"></trkpt>
      <trkpt lat="35.495016" lon="138.815742"></trkpt>
      <trkpt lat="35.494216" lon="138.815402"></trkpt>
      <trkpt lat="35.493698" lon="138.815178"></trkpt>
      <trkpt lat="35.492578" lon="138.814693"></trkpt>
      <trkpt lat="35.492223" lon="138.814531"></trkpt>
      <trkpt lat="35.491256" lon="138.814136"></trkpt>
      <trkpt lat="35.490391" lon="138.813763"></trkpt>
      <trkpt lat="35.490276" lon="138.813714"></trkpt>
      <trkpt lat="35.489254" lon="138.813274"></trkpt>
      <trkpt lat="35.488188" lon="138.812835"></trkpt>
      <trkpt lat="35.485623" lon="138.811862"></trkpt>
      <trkpt lat="35.484778" lon="138.811563"></trkpt>
      <trkpt lat="35.484032" lon="138.811298"></trkpt>
      <trkpt lat="35.481698" lon="138.810447"></trkpt>
      <trkpt lat="35.481162" lon="138.810247"></trkpt>
      <trkpt lat="35.480249" lon="138.811766"></trkpt>
      <trkpt lat="35.480222" lon="138.811815"></trkpt>
      <trkpt lat="35.480065" lon="138.812075"></trkpt>
      <trkpt lat="35.479628" lon="138.812826"></trkpt>
      <trkpt lat="35.47953" lon="138.812995"></trkpt>
      <trkpt lat="35.47908" lon="138.813769"></trkpt>
      <trkpt lat="35.47899" lon="138.813938"></trkpt>
      <trkpt lat="35.478666" lon="138.814387"></trkpt>
      <trkpt lat="35.478636" lon="138.814432"></trkpt>
      <trkpt lat="35.478505" lon="138.814647"></trkpt>
      <trkpt lat="35.478485" lon="138.814682"></trkpt>
      <trkpt lat="35.478398" lon="138.814832"></trkpt>
      <trkpt lat="35.478373" lon="138.814885"></trkpt>
      <trkpt lat="35.477992" lon="138.815496"></trkpt>
      <trkpt lat="35.477627" lon="138.815956"></trkpt>
      <trkpt lat="35.477239" lon="138.816453"></trkpt>
      <trkpt lat="35.476694" lon="138.817057"></trkpt>
      <trkpt lat="35.476551" lon="138.817206"></trkpt>
      <trkpt lat="35.476309" lon="138.817492"></trkpt>
      <trkpt lat="35.476218" lon="138.817629"></trkpt>
      <trkpt lat="35.476148" lon="138.81778"></trkpt>
      <trkpt lat="35.476097" lon="138.817989"></trkpt>
      <trkpt lat="35.476083" lon="138.818173"></trkpt>
      <trkpt lat="35.476103" lon="138.818371"></trkpt>
      <trkpt lat="35.476151" lon="138.818559"></trkpt>
      <trkpt lat="35.476234" lon="138.818755"></trkpt>
      <trkpt lat="35.476387" lon="138.818956"></trkpt>
      <trkpt lat="35.477179" lon="138.819634"></trkpt>
      <trkpt lat="35.477279" lon="138.819732"></trkpt>
      <trkpt lat="35.477453" lon="138.819905"></trkpt>
      <trkpt lat="35.477802" lon="138.820527"></trkpt>
      <trkpt lat="35.477865" lon="138.820639"></trkpt>
      <trkpt lat="35.478081" lon="138.820874"></trkpt>
      <trkpt lat="35.478398" lon="138.82115"></trkpt>
      <trkpt lat="35.478586" lon="138.821377"></trkpt>
      <trkpt lat="35.478848" lon="138.821784"></trkpt>
      <trkpt lat="35.478962" lon="138.822096"></trkpt>
      <trkpt lat="35.479054" lon="138.82255"></trkpt>
      <trkpt lat="35.479157" lon="138.823187"></trkpt>
      <trkpt lat="35.479264" lon="138.823602"></trkpt>
      <trkpt lat="35.479504" lon="138.824167"></trkpt>
      <trkpt lat="35.479587" lon="138.824393"></trkpt>
      <trkpt lat="35.479638" lon="138.824625"></trkpt>
      <trkpt lat="35.479674" lon="138.82492"></trkpt>
      <trkpt lat="35.479787" lon="138.826342"></trkpt>
      <trkpt lat="35.47984" lon="138.827397"></trkpt>
      <trkpt lat="35.479838" lon="138.827783"></trkpt>
      <trkpt lat="35.479787" lon="138.827995"></trkpt>
      <trkpt lat="35.47967" lon="138.828183"></trkpt>
      <trkpt lat="35.479301" lon="138.828397"></trkpt>
      <trkpt lat="35.478793" lon="138.828654"></trkpt>
      <trkpt lat="35.47861" lon="138.828842"></trkpt>
      <trkpt lat="35.4785" lon="138.829052"></trkpt>
      <trkpt lat="35.478461" lon="138.829306"></trkpt>
      <trkpt lat="35.478508" lon="138.829572"></trkpt>
      <trkpt lat="35.47872" lon="138.830004"></trkpt>
      <trkpt lat="35.478837" lon="138.830375"></trkpt>
      <trkpt lat="35.478854" lon="138.830636"></trkpt>
      <trkpt lat="35.478796" lon="138.83099"></trkpt>
      <trkpt lat="35.47864" lon="138.831302"></trkpt>
      <trkpt lat="35.478447" lon="138.831515"></trkpt>
      <trkpt lat="35.47801" lon="138.831791"></trkpt>
      <trkpt lat="35.477824" lon="138.831966"></trkpt>
      <trkpt lat="35.477683" lon="138.832274"></trkpt>
      <trkpt lat="35.477632" lon="138.832574"></trkpt>
      <trkpt lat="35.477595" lon="138.833985"></trkpt>
      <trkpt lat="35.477549" lon="138.834292"></trkpt>
      <trkpt lat="35.477397" lon="138.834573"></trkpt>
      <trkpt lat="35.477153" lon="138.834803"></trkpt>
      <trkpt lat="35.476894" lon="138.834949"></trkpt>
      <trkpt lat="35.476643" lon="138.835012"></trkpt>
      <trkpt lat="35.476113" lon="138.835059"></trkpt>
      <trkpt lat="35.475784" lon="138.835134"></trkpt>
      <trkpt lat="35.475736" lon="138.835159"></trkpt>
      <trkpt lat="35.47551" lon="138.835277"></trkpt>
      <trkpt lat="35.475389" lon="138.835369"></trkpt>
      <trkpt lat="35.475269" lon="138.835462"></trkpt>
      <trkpt lat="35.475103" lon="138.835654"></trkpt>
      <trkpt lat="35.47495" lon="138.835915"></trkpt>
      <trkpt lat="35.47487" lon="138.83611"></trkpt>
      <trkpt lat="35.474705" lon="138.836473"></trkpt>
      <trkpt lat="35.474456" lon="138.837028"></trkpt>
      <trkpt lat="35.474382" lon="138.837192"></trkpt>
      <trkpt lat="35.474265" lon="138.837457"></trkpt>
      <trkpt lat="35.474031" lon="138.837754"></trkpt>
      <trkpt lat="35.473702" lon="138.838058"></trkpt>
      <trkpt lat="35.472553" lon="138.838775"></trkpt>
      <trkpt lat="35.470088" lon="138.839822"></trkpt>
      <trkpt lat="35.468226" lon="138.840591"></trkpt>
      <trkpt lat="35.467355" lon="138.841039"></trkpt>
      <trkpt lat="35.467272" lon="138.841092"></trkpt>
      <trkpt lat="35.466715" lon="138.841548"></trkpt>
      <trkpt lat="35.466464" lon="138.841745"></trkpt>
      <trkpt lat="35.466283" lon="138.841828"></trkpt>
      <trkpt lat="35.466119" lon="138.841868"></trkpt>
      <trkpt lat="35.465577" lon="138.841869"></trkpt>
      <trkpt lat="35.465224" lon="138.841901"></trkpt>
      <trkpt lat="35.464513" lon="138.841947"></trkpt>
      <trkpt lat="35.464092" lon="138.842001"></trkpt>
      <trkpt lat="35.463805" lon="138.842024"></trkpt>
      <trkpt lat="35.463431" lon="138.842059"></trkpt>
      <trkpt lat="35.461555" lon="138.842265"></trkpt>
      <trkpt lat="35.460932" lon="138.842314"></trkpt>
      <trkpt lat="35.460594" lon="138.842363"></trkpt>
      <trkpt lat="35.459935" lon="138.842485"></trkpt>
      <trkpt lat="35.459967" lon="138.841254"></trkpt>
      <trkpt lat="35.459971" lon="138.84095"></trkpt>
      <trkpt lat="35.46" lon="138.839423"></trkpt>
      <trkpt lat="35.460031" lon="138.837626"></trkpt>
      <trkpt lat="35.460055" lon="138.835984"></trkpt>
      <trkpt lat="35.460074" lon="138.835858"></trkpt>
      <trkpt lat="35.460013" lon="138.835882"></trkpt>
      <trkpt lat="35.459326" lon="138.835126"></trkpt>
      <trkpt lat="35.459096" lon="138.834276"></trkpt>
      <trkpt lat="35.459073" lon="138.834198"></trkpt>
      <trkpt lat="35.458788" lon="138.833097"></trkpt>
      <trkpt lat="35.458784" lon="138.833046"></trkpt>
      <trkpt lat="35.459168" lon="138.83294"></trkpt>
      <trkpt lat="35.459599" lon="138.832822"></trkpt>
      <trkpt lat="35.459876" lon="138.832727"></trkpt>
      <trkpt lat="35.460007" lon="138.832714"></trkpt>
      <trkpt lat="35.460012" lon="138.832715"></trkpt>
      <trkpt lat="35.460067" lon="138.832726"></trkpt>
      <trkpt lat="35.460091" lon="138.832731"></trkpt>
      <trkpt lat="35.460167" lon="138.832721"></trkpt>
      <trkpt lat="35.460267" lon="138.832629"></trkpt>
      <trkpt lat="35.46034" lon="138.832562"></trkpt>
      <trkpt lat="35.460344" lon="138.832458"></trkpt>
      <trkpt lat="35.46033" lon="138.832363"></trkpt>
      <trkpt lat="35.460308" lon="138.83224"></trkpt>
      <trkpt lat="35.460306" lon="138.832087"></trkpt>
      <trkpt lat="35.460298" lon="138.832087"></trkpt>
      <trkpt lat="35.460212" lon="138.832088"></trkpt>
      <trkpt lat="35.460186" lon="138.832131"></trkpt>
      <trkpt lat="35.460186" lon="138.832131"></trkpt>
      <trkpt lat="35.460212" lon="138.832088"></trkpt>
      <trkpt lat="35.460298" lon="138.832087"></trkpt>
      <trkpt lat="35.460306" lon="138.832087"></trkpt>
      <trkpt lat="35.460308" lon="138.83224"></trkpt>
      <trkpt lat="35.46033" lon="138.832363"></trkpt>
      <trkpt lat="35.460344" lon="138.832458"></trkpt>
      <trkpt lat="35.46034" lon="138.832562"></trkpt>
      <trkpt lat="35.460267" lon="138.832629"></trkpt>
      <trkpt lat="35.460167" lon="138.832721"></trkpt>
      <trkpt lat="35.460091" lon="138.832731"></trkpt>
      <trkpt lat="35.460067" lon="138.832726"></trkpt>
      <trkpt lat="35.460012" lon="138.832715"></trkpt>
      <trkpt lat="35.460007" lon="138.832714"></trkpt>
      <trkpt lat="35.459876" lon="138.832727"></trkpt>
      <trkpt lat="35.459599" lon="138.832822"></trkpt>
      <trkpt lat="35.459168" lon="138.83294"></trkpt>
      <trkpt lat="35.458784" lon="138.833046"></trkpt>
      <trkpt lat="35.458788" lon="138.833097"></trkpt>
      <trkpt lat="35.459073" lon="138.834198"></trkpt>
      <trkpt lat="35.459096" lon="138.834276"></trkpt>
      <trkpt lat="35.459326" lon="138.835126"></trkpt>
      <trkpt lat="35.460013" lon="138.835882"></trkpt>
      <trkpt lat="35.460074" lon="138.835858"></trkpt>
      <trkpt lat="35.460055" lon="138.835984"></trkpt>
      <trkpt lat="35.460031" lon="138.837626"></trkpt>
      <trkpt lat="35.46" lon="138.839423"></trkpt>
      <trkpt lat="35.459971" lon="138.84095"></trkpt>
      <trkpt lat="35.459967" lon="138.841254"></trkpt>
      <trkpt lat="35.459935" lon="138.842485"></trkpt>
      <trkpt lat="35.459916" lon="138.843032"></trkpt>
      <trkpt lat="35.459886" lon="138.843489"></trkpt>
      <trkpt lat="35.45986" lon="138.844618"></trkpt>
      <trkpt lat="35.459857" lon="138.844731"></trkpt>
      <trkpt lat="35.4598" lon="138.846444"></trkpt>
      <trkpt lat="35.459772" lon="138.847173"></trkpt>
      <trkpt lat="35.459759" lon="138.847644"></trkpt>
      <trkpt lat="35.459753" lon="138.847895"></trkpt>
      <trkpt lat="35.459673" lon="138.848707"></trkpt>
      <trkpt lat="35.45959" lon="138.84936"></trkpt>
      <trkpt lat="35.459394" lon="138.850829"></trkpt>
      <trkpt lat="35.459329" lon="138.85125"></trkpt>
      <trkpt lat="35.459258" lon="138.851542"></trkpt>
      <trkpt lat="35.459196" lon="138.851835"></trkpt>
      <trkpt lat="35.45911" lon="138.85221"></trkpt>
      <trkpt lat="35.459063" lon="138.852447"></trkpt>
      <trkpt lat="35.458996" lon="138.852733"></trkpt>
      <trkpt lat="35.45898" lon="138.852809"></trkpt>
      <trkpt lat="35.458778" lon="138.85358"></trkpt>
      <trkpt lat="35.458703" lon="138.853927"></trkpt>
      <trkpt lat="35.458681" lon="138.854104"></trkpt>
      <trkpt lat="35.458713" lon="138.854653"></trkpt>
      <trkpt lat="35.458716" lon="138.854755"></trkpt>
      <trkpt lat="35.458408" lon="138.855491"></trkpt>
      <trkpt lat="35.458191" lon="138.855901"></trkpt>
      <trkpt lat="35.458128" lon="138.856021"></trkpt>
      <trkpt lat="35.458034" lon="138.856223"></trkpt>
      <trkpt lat="35.458021" lon="138.856249"></trkpt>
      <trkpt lat="35.457992" lon="138.856337"></trkpt>
      <trkpt lat="35.457859" lon="138.856735"></trkpt>
      <trkpt lat="35.457783" lon="138.856961"></trkpt>
      <trkpt lat="35.457773" lon="138.856996"></trkpt>
      <trkpt lat="35.457647" lon="138.85741"></trkpt>
      <trkpt lat="35.457309" lon="138.858418"></trkpt>
      <trkpt lat="35.456047" lon="138.857619"></trkpt>
      <trkpt lat="35.455769" lon="138.857463"></trkpt>
      <trkpt lat="35.455699" lon="138.85742"></trkpt>
      <trkpt lat="35.45493" lon="138.857053"></trkpt>
      <trkpt lat="35.454898" lon="138.857051"></trkpt>
      <trkpt lat="35.454075" lon="138.85677"></trkpt>
      <trkpt lat="35.453654" lon="138.856628"></trkpt>
      <trkpt lat="35.45356" lon="138.856592"></trkpt>
      <trkpt lat="35.446611" lon="138.854117"></trkpt>
      <trkpt lat="35.445672" lon="138.853793"></trkpt>
      <trkpt lat="35.444638" lon="138.853257"></trkpt>
      <trkpt lat="35.443781" lon="138.852756"></trkpt>
      <trkpt lat="35.442984" lon="138.852381"></trkpt>
      <trkpt lat="35.442451" lon="138.852132"></trkpt>
      <trkpt lat="35.442066" lon="138.85198"></trkpt>
      <trkpt lat="35.441954" lon="138.851917"></trkpt>
      <trkpt lat="35.441874" lon="138.851861"></trkpt>
      <trkpt lat="35.441656" lon="138.851701"></trkpt>
      <trkpt lat="35.441597" lon="138.851646"></trkpt>
      <trkpt lat="35.441202" lon="138.851306"></trkpt>
      <trkpt lat="35.441078" lon="138.851215"></trkpt>
      <trkpt lat="35.440939" lon="138.85113"></trkpt>
      <trkpt lat="35.440787" lon="138.851056"></trkpt>
      <trkpt lat="35.440566" lon="138.850953"></trkpt>
      <trkpt lat="35.440279" lon="138.850746"></trkpt>
      <trkpt lat="35.440165" lon="138.85059"></trkpt>
      <trkpt lat="35.439749" lon="138.849962"></trkpt>
      <trkpt lat="35.439447" lon="138.849511"></trkpt>
      <trkpt lat="35.439351" lon="138.84939"></trkpt>
      <trkpt lat="35.439169" lon="138.849192"></trkpt>
      <trkpt lat="35.439046" lon="138.849061"></trkpt>
      <trkpt lat="35.438948" lon="138.848959"></trkpt>
      <trkpt lat="35.438839" lon="138.848875"></trkpt>
      <trkpt lat="35.438753" lon="138.848816"></trkpt>
      <trkpt lat="35.437766" lon="138.848314"></trkpt>
      <trkpt lat="35.437509" lon="138.848178"></trkpt>
      <trkpt lat="35.437302" lon="138.848093"></trkpt>
      <trkpt lat="35.437104" lon="138.848039"></trkpt>
      <trkpt lat="35.43691" lon="138.848017"></trkpt>
      <trkpt lat="35.436667" lon="138.847985"></trkpt>
      <trkpt lat="35.436545" lon="138.847957"></trkpt>
      <trkpt lat="35.43645" lon="138.847926"></trkpt>
      <trkpt lat="35.434567" lon="138.847101"></trkpt>
      <trkpt lat="35.434089" lon="138.846893"></trkpt>
      <trkpt lat="35.433336" lon="138.846593"></trkpt>
      <trkpt lat="35.433196" lon="138.846841"></trkpt>
      <trkpt lat="35.433087" lon="138.84704"></trkpt>
      <trkpt lat="35.43308" lon="138.847054"></trkpt>
      <trkpt lat="35.432638" lon="138.847918"></trkpt>
      <trkpt lat="35.432498" lon="138.848186"></trkpt>
      <trkpt lat="35.432271" lon="138.848647"></trkpt>
      <trkpt lat="35.432186" lon="138.848795"></trkpt>
      <trkpt lat="35.431859" lon="138.849364"></trkpt>
      <trkpt lat="35.431816" lon="138.849457"></trkpt>
      <trkpt lat="35.431731" lon="138.849583"></trkpt>
      <trkpt lat="35.431547" lon="138.849783"></trkpt>
      <trkpt lat="35.431492" lon="138.849832"></trkpt>
      <trkpt lat="35.43142" lon="138.849897"></trkpt>
      <trkpt lat="35.431285" lon="138.849982"></trkpt>
      <trkpt lat="35.431125" lon="138.850063"></trkpt>
      <trkpt lat="35.431066" lon="138.850111"></trkpt>
      <trkpt lat="35.431014" lon="138.85018"></trkpt>
      <trkpt lat="35.430965" lon="138.850254"></trkpt>
      <trkpt lat="35.430852" lon="138.850459"></trkpt>
      <trkpt lat="35.430662" lon="138.850783"></trkpt>
      <trkpt lat="35.430617" lon="138.850843"></trkpt>
      <trkpt lat="35.430549" lon="138.850926"></trkpt>
      <trkpt lat="35.430471" lon="138.851001"></trkpt>
      <trkpt lat="35.430374" lon="138.851066"></trkpt>
      <trkpt lat="35.429419" lon="138.85161"></trkpt>
      <trkpt lat="35.429246" lon="138.851722"></trkpt>
      <trkpt lat="35.429055" lon="138.851826"></trkpt>
      <trkpt lat="35.42884" lon="138.851922"></trkpt>
      <trkpt lat="35.428886" lon="138.852082"></trkpt>
      <trkpt lat="35.428897" lon="138.852123"></trkpt>
      <trkpt lat="35.429014" lon="138.852555"></trkpt>
      <trkpt lat="35.429026" lon="138.8526"></trkpt>
      <trkpt lat="35.429229" lon="138.8534"></trkpt>
      <trkpt lat="35.429342" lon="138.853836"></trkpt>
      <trkpt lat="35.42942" lon="138.85421"></trkpt>
      <trkpt lat="35.429481" lon="138.854673"></trkpt>
      <trkpt lat="35.429533" lon="138.855189"></trkpt>
      <trkpt lat="35.429532" lon="138.85525"></trkpt>
      <trkpt lat="35.429528" lon="138.855418"></trkpt>
      <trkpt lat="35.429504" lon="138.855651"></trkpt>
      <trkpt lat="35.429462" lon="138.855857"></trkpt>
      <trkpt lat="35.429281" lon="138.856544"></trkpt>
      <trkpt lat="35.428966" lon="138.857633"></trkpt>
      <trkpt lat="35.428874" lon="138.85813"></trkpt>
      <trkpt lat="35.428788" lon="138.858622"></trkpt>
      <trkpt lat="35.428775" lon="138.858747"></trkpt>
      <trkpt lat="35.428762" lon="138.858905"></trkpt>
      <trkpt lat="35.428759" lon="138.859041"></trkpt>
      <trkpt lat="35.428742" lon="138.86027"></trkpt>
      <trkpt lat="35.42873" lon="138.86051"></trkpt>
      <trkpt lat="35.428714" lon="138.860594"></trkpt>
      <trkpt lat="35.428696" lon="138.860698"></trkpt>
      <trkpt lat="35.428665" lon="138.860831"></trkpt>
      <trkpt lat="35.42861" lon="138.861"></trkpt>
      <trkpt lat="35.428495" lon="138.861397"></trkpt>
      <trkpt lat="35.428387" lon="138.861789"></trkpt>
      <trkpt lat="35.428334" lon="138.862011"></trkpt>
      <trkpt lat="35.428314" lon="138.862112"></trkpt>
      <trkpt lat="35.428291" lon="138.862231"></trkpt>
      <trkpt lat="35.428238" lon="138.862683"></trkpt>
      <trkpt lat="35.428151" lon="138.86329"></trkpt>
      <trkpt lat="35.428037" lon="138.864088"></trkpt>
      <trkpt lat="35.427868" lon="138.865369"></trkpt>
      <trkpt lat="35.427636" lon="138.867244"></trkpt>
      <trkpt lat="35.427563" lon="138.867884"></trkpt>
      <trkpt lat="35.427528" lon="138.868196"></trkpt>
      <trkpt lat="35.4276" lon="138.868214"></trkpt>
      <trkpt lat="35.427726" lon="138.868251"></trkpt>
      <trkpt lat="35.427769" lon="138.868242"></trkpt>
      <trkpt lat="35.42778" lon="138.868199"></trkpt>
      <trkpt lat="35.4278" lon="138.868102"></trkpt>
      <trkpt lat="35.427836" lon="138.867942"></trkpt>
      <trkpt lat="35.427866" lon="138.867816"></trkpt>
      <trkpt lat="35.42789" lon="138.86779"></trkpt>
      <trkpt lat="35.427966" lon="138.867745"></trkpt>
      <trkpt lat="35.428071" lon="138.867715"></trkpt>
      <trkpt lat="35.428105" lon="138.867614"></trkpt>
      <trkpt lat="35.428159" lon="138.867182"></trkpt>
      <trkpt lat="35.428179" lon="138.867081"></trkpt>
      <trkpt lat="35.428197" lon="138.867047"></trkpt>
      <trkpt lat="35.428285" lon="138.867006"></trkpt>
      <trkpt lat="35.428396" lon="138.866941"></trkpt>
      <trkpt lat="35.428463" lon="138.866785"></trkpt>
      <trkpt lat="35.428492" lon="138.866656"></trkpt>
      <trkpt lat="35.428515" lon="138.866399"></trkpt>
      <trkpt lat="35.428513" lon="138.866354"></trkpt>
      <trkpt lat="35.428753" lon="138.866314"></trkpt>
      <trkpt lat="35.429295" lon="138.866379"></trkpt>
      <trkpt lat="35.429441" lon="138.865311"></trkpt>
      <trkpt lat="35.429441" lon="138.865311"></trkpt>
      <trkpt lat="35.428698" lon="138.865246"></trkpt>
      <trkpt lat="35.428695" lon="138.865356"></trkpt>
      <trkpt lat="35.428753" lon="138.866314"></trkpt>
      <trkpt lat="35.428513" lon="138.866354"></trkpt>
      <trkpt lat="35.428515" lon="138.866399"></trkpt>
      <trkpt lat="35.428492" lon="138.866656"></trkpt>
      <trkpt lat="35.428463" lon="138.866785"></trkpt>
      <trkpt lat="35.428396" lon="138.866941"></trkpt>
      <trkpt lat="35.428285" lon="138.867006"></trkpt>
      <trkpt lat="35.428197" lon="138.867047"></trkpt>
      <trkpt lat="35.428179" lon="138.867081"></trkpt>
      <trkpt lat="35.428159" lon="138.867182"></trkpt>
      <trkpt lat="35.428105" lon="138.867614"></trkpt>
      <trkpt lat="35.428071" lon="138.867715"></trkpt>
      <trkpt lat="35.427966" lon="138.867745"></trkpt>
      <trkpt lat="35.42789" lon="138.86779"></trkpt>
      <trkpt lat="35.427866" lon="138.867816"></trkpt>
      <trkpt lat="35.427836" lon="138.867942"></trkpt>
      <trkpt lat="35.4278" lon="138.868102"></trkpt>
      <trkpt lat="35.42778" lon="138.868199"></trkpt>
      <trkpt lat="35.427769" lon="138.868242"></trkpt>
      <trkpt lat="35.427726" lon="138.868251"></trkpt>
      <trkpt lat="35.4276" lon="138.868214"></trkpt>
      <trkpt lat="35.427528" lon="138.868196"></trkpt>
      <trkpt lat="35.427563" lon="138.867884"></trkpt>
      <trkpt lat="35.427636" lon="138.867244"></trkpt>
      <trkpt lat="35.427868" lon="138.865369"></trkpt>
      <trkpt lat="35.428037" lon="138.864088"></trkpt>
      <trkpt lat="35.428151" lon="138.86329"></trkpt>
      <trkpt lat="35.428238" lon="138.862683"></trkpt>
      <trkpt lat="35.428291" lon="138.862231"></trkpt>
      <trkpt lat="35.428314" lon="138.862112"></trkpt>
      <trkpt lat="35.428334" lon="138.862011"></trkpt>
      <trkpt lat="35.428387" lon="138.861789"></trkpt>
      <trkpt lat="35.428495" lon="138.861397"></trkpt>
      <trkpt lat="35.42861" lon="138.861"></trkpt>
      <trkpt lat="35.428665" lon="138.860831"></trkpt>
      <trkpt lat="35.428696" lon="138.860698"></trkpt>
      <trkpt lat="35.428714" lon="138.860594"></trkpt>
      <trkpt lat="35.42873" lon="138.86051"></trkpt>
      <trkpt lat="35.428742" lon="138.86027"></trkpt>
      <trkpt lat="35.428759" lon="138.859041"></trkpt>
      <trkpt lat="35.428762" lon="138.858905"></trkpt>
      <trkpt lat="35.428775" lon="138.858747"></trkpt>
      <trkpt lat="35.428788" lon="138.858622"></trkpt>
      <trkpt lat="35.428874" lon="138.85813"></trkpt>
      <trkpt lat="35.428966" lon="138.857633"></trkpt>
      <trkpt lat="35.429281" lon="138.856544"></trkpt>
      <trkpt lat="35.429462" lon="138.855857"></trkpt>
      <trkpt lat="35.429504" lon="138.855651"></trkpt>
      <trkpt lat="35.429528" lon="138.855418"></trkpt>
      <trkpt lat="35.429532" lon="138.85525"></trkpt>
      <trkpt lat="35.429533" lon="138.855189"></trkpt>
      <trkpt lat="35.429481" lon="138.854673"></trkpt>
      <trkpt lat="35.42942" lon="138.85421"></trkpt>
      <trkpt lat="35.429342" lon="138.853836"></trkpt>
      <trkpt lat="35.429229" lon="138.8534"></trkpt>
      <trkpt lat="35.429026" lon="138.8526"></trkpt>
      <trkpt lat="35.429014" lon="138.852555"></trkpt>
      <trkpt lat="35.428897" lon="138.852123"></trkpt>
      <trkpt lat="35.428886" lon="138.852082"></trkpt>
      <trkpt lat="35.42884" lon="138.851922"></trkpt>
      <trkpt lat="35.428793" lon="138.851772"></trkpt>
      <trkpt lat="35.428724" lon="138.851608"></trkpt>
      <trkpt lat="35.428681" lon="138.851533"></trkpt>
      <trkpt lat="35.428629" lon="138.851453"></trkpt>
      <trkpt lat="35.428548" lon="138.851339"></trkpt>
      <trkpt lat="35.428474" lon="138.851272"></trkpt>
      <trkpt lat="35.428043" lon="138.850905"></trkpt>
      <trkpt lat="35.42787" lon="138.850722"></trkpt>
      <trkpt lat="35.427692" lon="138.850582"></trkpt>
      <trkpt lat="35.427489" lon="138.850428"></trkpt>
      <trkpt lat="35.427078" lon="138.850154"></trkpt>
      <trkpt lat="35.426393" lon="138.849785"></trkpt>
      <trkpt lat="35.426217" lon="138.849723"></trkpt>
      <trkpt lat="35.425809" lon="138.849545"></trkpt>
      <trkpt lat="35.425703" lon="138.849494"></trkpt>
      <trkpt lat="35.425661" lon="138.849453"></trkpt>
      <trkpt lat="35.425632" lon="138.84941"></trkpt>
      <trkpt lat="35.425611" lon="138.849358"></trkpt>
      <trkpt lat="35.425468" lon="138.849376"></trkpt>
      <trkpt lat="35.425344" lon="138.849373"></trkpt>
      <trkpt lat="35.425136" lon="138.849339"></trkpt>
      <trkpt lat="35.425087" lon="138.84933"></trkpt>
      <trkpt lat="35.424965" lon="138.849306"></trkpt>
      <trkpt lat="35.424818" lon="138.849274"></trkpt>
      <trkpt lat="35.424688" lon="138.849251"></trkpt>
      <trkpt lat="35.424575" lon="138.849238"></trkpt>
      <trkpt lat="35.424499" lon="138.849232"></trkpt>
      <trkpt lat="35.424407" lon="138.849229"></trkpt>
      <trkpt lat="35.424315" lon="138.849235"></trkpt>
      <trkpt lat="35.424226" lon="138.849251"></trkpt>
      <trkpt lat="35.424061" lon="138.849281"></trkpt>
      <trkpt lat="35.423949" lon="138.849315"></trkpt>
      <trkpt lat="35.423846" lon="138.849358"></trkpt>
      <trkpt lat="35.423766" lon="138.8494"></trkpt>
      <trkpt lat="35.423648" lon="138.849466"></trkpt>
      <trkpt lat="35.423526" lon="138.849544"></trkpt>
      <trkpt lat="35.423435" lon="138.849612"></trkpt>
      <trkpt lat="35.423336" lon="138.849702"></trkpt>
      <trkpt lat="35.423289" lon="138.849752"></trkpt>
      <trkpt lat="35.423217" lon="138.849831"></trkpt>
      <trkpt lat="35.423077" lon="138.849995"></trkpt>
      <trkpt lat="35.422789" lon="138.850333"></trkpt>
      <trkpt lat="35.422665" lon="138.850479"></trkpt>
      <trkpt lat="35.422559" lon="138.850604"></trkpt>
      <trkpt lat="35.422398" lon="138.850801"></trkpt>
      <trkpt lat="35.42238" lon="138.850822"></trkpt>
      <trkpt lat="35.422174" lon="138.851063"></trkpt>
      <trkpt lat="35.42182" lon="138.851477"></trkpt>
      <trkpt lat="35.421662" lon="138.851665"></trkpt>
      <trkpt lat="35.421254" lon="138.852147"></trkpt>
      <trkpt lat="35.420178" lon="138.853423"></trkpt>
      <trkpt lat="35.41981" lon="138.853857"></trkpt>
      <trkpt lat="35.419485" lon="138.854244"></trkpt>
      <trkpt lat="35.419189" lon="138.854594"></trkpt>
      <trkpt lat="35.418882" lon="138.854935"></trkpt>
      <trkpt lat="35.418311" lon="138.855515"></trkpt>
      <trkpt lat="35.418027" lon="138.855828"></trkpt>
      <trkpt lat="35.417835" lon="138.856025"></trkpt>
      <trkpt lat="35.417621" lon="138.856246"></trkpt>
      <trkpt lat="35.416173" lon="138.85777"></trkpt>
      <trkpt lat="35.415936" lon="138.857976"></trkpt>
      <trkpt lat="35.413583" lon="138.860221"></trkpt>
      <trkpt lat="35.413499" lon="138.860302"></trkpt>
      <trkpt lat="35.413323" lon="138.860469"></trkpt>
      <trkpt lat="35.412148" lon="138.861464"></trkpt>
      <trkpt lat="35.411573" lon="138.861845"></trkpt>
      <trkpt lat="35.411351" lon="138.861945"></trkpt>
      <trkpt lat="35.411001" lon="138.862048"></trkpt>
      <trkpt lat="35.410528" lon="138.862155"></trkpt>
      <trkpt lat="35.410302" lon="138.86221"></trkpt>
      <trkpt lat="35.410249" lon="138.862228"></trkpt>
      <trkpt lat="35.410161" lon="138.862255"></trkpt>
      <trkpt lat="35.410086" lon="138.862304"></trkpt>
      <trkpt lat="35.409892" lon="138.862434"></trkpt>
      <trkpt lat="35.409787" lon="138.862525"></trkpt>
      <trkpt lat="35.409653" lon="138.86266"></trkpt>
      <trkpt lat="35.409513" lon="138.862848"></trkpt>
      <trkpt lat="35.409396" lon="138.86306"></trkpt>
      <trkpt lat="35.409323" lon="138.863261"></trkpt>
      <trkpt lat="35.409258" lon="138.86346"></trkpt>
      <trkpt lat="35.408751" lon="138.865214"></trkpt>
      <trkpt lat="35.408235" lon="138.867062"></trkpt>
      <trkpt lat="35.408179" lon="138.867309"></trkpt>
      <trkpt lat="35.407986" lon="138.868548"></trkpt>
      <trkpt lat="35.407956" lon="138.868785"></trkpt>
      <trkpt lat="35.407854" lon="138.869563"></trkpt>
      <trkpt lat="35.407821" lon="138.870178"></trkpt>
      <trkpt lat="35.407814" lon="138.870295"></trkpt>
      <trkpt lat="35.407792" lon="138.870565"></trkpt>
      <trkpt lat="35.407764" lon="138.870808"></trkpt>
      <trkpt lat="35.40773" lon="138.871006"></trkpt>
      <trkpt lat="35.407668" lon="138.871352"></trkpt>
      <trkpt lat="35.407306" lon="138.872808"></trkpt>
      <trkpt lat="35.40727" lon="138.873019"></trkpt>
      <trkpt lat="35.407234" lon="138.873238"></trkpt>
      <trkpt lat="35.407225" lon="138.873687"></trkpt>
      <trkpt lat="35.407226" lon="138.873747"></trkpt>
      <trkpt lat="35.407227" lon="138.873786"></trkpt>
      <trkpt lat="35.407228" lon="138.873814"></trkpt>
      <trkpt lat="35.40723" lon="138.873863"></trkpt>
      <trkpt lat="35.407274" lon="138.874189"></trkpt>
      <trkpt lat="35.407313" lon="138.874417"></trkpt>
      <trkpt lat="35.407369" lon="138.874755"></trkpt>
      <trkpt lat="35.407398" lon="138.874928"></trkpt>
      <trkpt lat="35.407452" lon="138.875221"></trkpt>
      <trkpt lat="35.407532" lon="138.87565"></trkpt>
      <trkpt lat="35.407546" lon="138.875734"></trkpt>
      <trkpt lat="35.407549" lon="138.875757"></trkpt>
      <trkpt lat="35.407573" lon="138.875854"></trkpt>
      <trkpt lat="35.407583" lon="138.875895"></trkpt>
      <trkpt lat="35.407577" lon="138.875927"></trkpt>
      <trkpt lat="35.407566" lon="138.875962"></trkpt>
      <trkpt lat="35.407555" lon="138.875987"></trkpt>
      <trkpt lat="35.407535" lon="138.876022"></trkpt>
      <trkpt lat="35.407507" lon="138.876051"></trkpt>
      <trkpt lat="35.407323" lon="138.876105"></trkpt>
      <trkpt lat="35.407299" lon="138.876111"></trkpt>
      <trkpt lat="35.407222" lon="138.876131"></trkpt>
      <trkpt lat="35.406974" lon="138.876195"></trkpt>
      <trkpt lat="35.40689" lon="138.876216"></trkpt>
      <trkpt lat="35.406814" lon="138.876238"></trkpt>
      <trkpt lat="35.406706" lon="138.87627"></trkpt>
      <trkpt lat="35.406664" lon="138.876365"></trkpt>
      <trkpt lat="35.406636" lon="138.876489"></trkpt>
      <trkpt lat="35.406551" lon="138.876716"></trkpt>
      <trkpt lat="35.406478" lon="138.876812"></trkpt>
      <trkpt lat="35.406382" lon="138.876895"></trkpt>
      <trkpt lat="35.406117" lon="138.87706"></trkpt>
      <trkpt lat="35.40601" lon="138.877142"></trkpt>
      <trkpt lat="35.405902" lon="138.877274"></trkpt>
      <trkpt lat="35.405875" lon="138.877342"></trkpt>
      <trkpt lat="35.405864" lon="138.877424"></trkpt>
      <trkpt lat="35.405847" lon="138.877755"></trkpt>
      <trkpt lat="35.405824" lon="138.87785"></trkpt>
      <trkpt lat="35.405767" lon="138.877947"></trkpt>
      <trkpt lat="35.405684" lon="138.878055"></trkpt>
      <trkpt lat="35.405007" lon="138.8792"></trkpt>
      <trkpt lat="35.40472" lon="138.879797"></trkpt>
      <trkpt lat="35.404656" lon="138.87993"></trkpt>
      <trkpt lat="35.404486" lon="138.880478"></trkpt>
      <trkpt lat="35.404297" lon="138.88024"></trkpt>
      <trkpt lat="35.403548" lon="138.878407"></trkpt>
      <trkpt lat="35.403445" lon="138.878248"></trkpt>
      <trkpt lat="35.403112" lon="138.878038"></trkpt>
      <trkpt lat="35.401949" lon="138.877315"></trkpt>
      <trkpt lat="35.401717" lon="138.877251"></trkpt>
      <trkpt lat="35.401678" lon="138.876716"></trkpt>
      <trkpt lat="35.401639" lon="138.876407"></trkpt>
      <trkpt lat="35.401599" lon="138.875925"></trkpt>
      <trkpt lat="35.401594" lon="138.875699"></trkpt>
      <trkpt lat="35.40165" lon="138.874332"></trkpt>
      <trkpt lat="35.402449" lon="138.874233"></trkpt>
      <trkpt lat="35.402354" lon="138.874122"></trkpt>
      <trkpt lat="35.402241" lon="138.873985"></trkpt>
      <trkpt lat="35.402121" lon="138.873851"></trkpt>
      <trkpt lat="35.401994" lon="138.873725"></trkpt>
      <trkpt lat="35.401751" lon="138.873501"></trkpt>
      <trkpt lat="35.401694" lon="138.873446"></trkpt>
      <trkpt lat="35.401582" lon="138.873338"></trkpt>
      <trkpt lat="35.401441" lon="138.873181"></trkpt>
      <trkpt lat="35.40138" lon="138.873083"></trkpt>
      <trkpt lat="35.401331" lon="138.872972"></trkpt>
      <trkpt lat="35.401191" lon="138.872248"></trkpt>
      <trkpt lat="35.401152" lon="138.872025"></trkpt>
      <trkpt lat="35.401058" lon="138.871487"></trkpt>
      <trkpt lat="35.400945" lon="138.870719"></trkpt>
      <trkpt lat="35.40088" lon="138.87037"></trkpt>
      <trkpt lat="35.4008" lon="138.87007"></trkpt>
      <trkpt lat="35.400724" lon="138.869859"></trkpt>
      <trkpt lat="35.400632" lon="138.869665"></trkpt>
      <trkpt lat="35.400386" lon="138.86927"></trkpt>
      <trkpt lat="35.40033" lon="138.869165"></trkpt>
      <trkpt lat="35.400277" lon="138.86905"></trkpt>
      <trkpt lat="35.400264" lon="138.868994"></trkpt>
      <trkpt lat="35.40026" lon="138.868924"></trkpt>
      <trkpt lat="35.400274" lon="138.868811"></trkpt>
      <trkpt lat="35.400333" lon="138.868553"></trkpt>
      <trkpt lat="35.400487" lon="138.86807"></trkpt>
      <trkpt lat="35.400601" lon="138.867762"></trkpt>
      <trkpt lat="35.400623" lon="138.867647"></trkpt>
      <trkpt lat="35.400627" lon="138.867533"></trkpt>
      <trkpt lat="35.400589" lon="138.867325"></trkpt>
      <trkpt lat="35.400553" lon="138.867225"></trkpt>
      <trkpt lat="35.40044" lon="138.867089"></trkpt>
      <trkpt lat="35.400388" lon="138.867041"></trkpt>
      <trkpt lat="35.400316" lon="138.867002"></trkpt>
      <trkpt lat="35.40025" lon="138.866969"></trkpt>
      <trkpt lat="35.400165" lon="138.866944"></trkpt>
      <trkpt lat="35.400068" lon="138.866928"></trkpt>
      <trkpt lat="35.39996" lon="138.866928"></trkpt>
      <trkpt lat="35.399107" lon="138.866991"></trkpt>
      <trkpt lat="35.398619" lon="138.867057"></trkpt>
      <trkpt lat="35.398303" lon="138.867077"></trkpt>
      <trkpt lat="35.397718" lon="138.867095"></trkpt>
      <trkpt lat="35.397579" lon="138.8671"></trkpt>
      <trkpt lat="35.397478" lon="138.867065"></trkpt>
      <trkpt lat="35.397431" lon="138.867036"></trkpt>
      <trkpt lat="35.397356" lon="138.866976"></trkpt>
      <trkpt lat="35.397237" lon="138.866841"></trkpt>
      <trkpt lat="35.397042" lon="138.866667"></trkpt>
      <trkpt lat="35.396879" lon="138.866558"></trkpt>
      <trkpt lat="35.396602" lon="138.866427"></trkpt>
      <trkpt lat="35.396487" lon="138.866361"></trkpt>
      <trkpt lat="35.396387" lon="138.866276"></trkpt>
      <trkpt lat="35.396164" lon="138.866027"></trkpt>
      <trkpt lat="35.396083" lon="138.865905"></trkpt>
      <trkpt lat="35.396045" lon="138.865863"></trkpt>
      <trkpt lat="35.395928" lon="138.865729"></trkpt>
      <trkpt lat="35.395653" lon="138.865484"></trkpt>
      <trkpt lat="35.395471" lon="138.86533"></trkpt>
      <trkpt lat="35.395261" lon="138.865132"></trkpt>
      <trkpt lat="35.395184" lon="138.865026"></trkpt>
      <trkpt lat="35.394949" lon="138.864635"></trkpt>
      <trkpt lat="35.394868" lon="138.86451"></trkpt>
      <trkpt lat="35.394764" lon="138.86435"></trkpt>
      <trkpt lat="35.394676" lon="138.864202"></trkpt>
      <trkpt lat="35.394492" lon="138.86401"></trkpt>
      <trkpt lat="35.394294" lon="138.86391"></trkpt>
      <trkpt lat="35.394185" lon="138.863863"></trkpt>
      <trkpt lat="35.394037" lon="138.863834"></trkpt>
      <trkpt lat="35.393847" lon="138.863838"></trkpt>
      <trkpt lat="35.393592" lon="138.863881"></trkpt>
      <trkpt lat="35.392822" lon="138.864011"></trkpt>
      <trkpt lat="35.392395" lon="138.864082"></trkpt>
      <trkpt lat="35.392091" lon="138.864122"></trkpt>
      <trkpt lat="35.391948" lon="138.864165"></trkpt>
      <trkpt lat="35.391879" lon="138.864189"></trkpt>
      <trkpt lat="35.391794" lon="138.864277"></trkpt>
      <trkpt lat="35.391733" lon="138.864388"></trkpt>
      <trkpt lat="35.391672" lon="138.864604"></trkpt>
      <trkpt lat="35.391625" lon="138.864833"></trkpt>
      <trkpt lat="35.391597" lon="138.865021"></trkpt>
      <trkpt lat="35.39157" lon="138.865181"></trkpt>
      <trkpt lat="35.391547" lon="138.865329"></trkpt>
      <trkpt lat="35.391512" lon="138.865403"></trkpt>
      <trkpt lat="35.391451" lon="138.865435"></trkpt>
      <trkpt lat="35.391382" lon="138.8654"></trkpt>
      <trkpt lat="35.39137" lon="138.865298"></trkpt>
      <trkpt lat="35.39139" lon="138.865165"></trkpt>
      <trkpt lat="35.391439" lon="138.86493"></trkpt>
      <trkpt lat="35.391488" lon="138.864664"></trkpt>
      <trkpt lat="35.391489" lon="138.864358"></trkpt>
      <trkpt lat="35.391453" lon="138.86404"></trkpt>
      <trkpt lat="35.391408" lon="138.863779"></trkpt>
      <trkpt lat="35.39135" lon="138.863659"></trkpt>
      <trkpt lat="35.391275" lon="138.863576"></trkpt>
      <trkpt lat="35.391182" lon="138.8635"></trkpt>
      <trkpt lat="35.390915" lon="138.863332"></trkpt>
      <trkpt lat="35.390506" lon="138.863046"></trkpt>
      <trkpt lat="35.390317" lon="138.862926"></trkpt>
      <trkpt lat="35.390022" lon="138.862791"></trkpt>
      <trkpt lat="35.389823" lon="138.862686"></trkpt>
      <trkpt lat="35.389691" lon="138.862575"></trkpt>
      <trkpt lat="35.389552" lon="138.862447"></trkpt>
      <trkpt lat="35.389096" lon="138.862048"></trkpt>
      <trkpt lat="35.388869" lon="138.861863"></trkpt>
      <trkpt lat="35.388582" lon="138.861642"></trkpt>
      <trkpt lat="35.388307" lon="138.861426"></trkpt>
      <trkpt lat="35.388083" lon="138.861247"></trkpt>
      <trkpt lat="35.38786" lon="138.861082"></trkpt>
      <trkpt lat="35.387692" lon="138.860972"></trkpt>
      <trkpt lat="35.387394" lon="138.860777"></trkpt>
      <trkpt lat="35.387171" lon="138.860614"></trkpt>
      <trkpt lat="35.386687" lon="138.86026"></trkpt>
      <trkpt lat="35.38646" lon="138.860096"></trkpt>
      <trkpt lat="35.386211" lon="138.859923"></trkpt>
      <trkpt lat="35.386039" lon="138.859756"></trkpt>
      <trkpt lat="35.385846" lon="138.859565"></trkpt>
      <trkpt lat="35.385493" lon="138.859231"></trkpt>
      <trkpt lat="35.385049" lon="138.858829"></trkpt>
      <trkpt lat="35.38474" lon="138.858539"></trkpt>
      <trkpt lat="35.384548" lon="138.858288"></trkpt>
      <trkpt lat="35.384254" lon="138.857949"></trkpt>
      <trkpt lat="35.38407" lon="138.857678"></trkpt>
      <trkpt lat="35.38401" lon="138.857548"></trkpt>
      <trkpt lat="35.383959" lon="138.857405"></trkpt>
      <trkpt lat="35.383942" lon="138.857313"></trkpt>
      <trkpt lat="35.383936" lon="138.857202"></trkpt>
      <trkpt lat="35.383954" lon="138.857038"></trkpt>
      <trkpt lat="35.384017" lon="138.856799"></trkpt>
      <trkpt lat="35.384041" lon="138.856663"></trkpt>
      <trkpt lat="35.384034" lon="138.856542"></trkpt>
      <trkpt lat="35.384007" lon="138.856418"></trkpt>
      <trkpt lat="35.383951" lon="138.856287"></trkpt>
      <trkpt lat="35.383899" lon="138.856201"></trkpt>
      <trkpt lat="35.383809" lon="138.856133"></trkpt>
      <trkpt lat="35.383706" lon="138.856082"></trkpt>
      <trkpt lat="35.383556" lon="138.856024"></trkpt>
      <trkpt lat="35.383437" lon="138.855967"></trkpt>
      <trkpt lat="35.383322" lon="138.85589"></trkpt>
      <trkpt lat="35.383254" lon="138.855805"></trkpt>
      <trkpt lat="35.383166" lon="138.855646"></trkpt>
      <trkpt lat="35.383049" lon="138.85536"></trkpt>
      <trkpt lat="35.382988" lon="138.855221"></trkpt>
      <trkpt lat="35.382964" lon="138.855117"></trkpt>
      <trkpt lat="35.382984" lon="138.85502"></trkpt>
      <trkpt lat="35.383024" lon="138.854923"></trkpt>
      <trkpt lat="35.383092" lon="138.854826"></trkpt>
      <trkpt lat="35.383148" lon="138.85473"></trkpt>
      <trkpt lat="35.383184" lon="138.854636"></trkpt>
      <trkpt lat="35.383193" lon="138.854533"></trkpt>
      <trkpt lat="35.383162" lon="138.85438"></trkpt>
      <trkpt lat="35.383139" lon="138.854214"></trkpt>
      <trkpt lat="35.383158" lon="138.854087"></trkpt>
      <trkpt lat="35.383215" lon="138.853955"></trkpt>
      <trkpt lat="35.38329" lon="138.853836"></trkpt>
      <trkpt lat="35.383396" lon="138.853687"></trkpt>
      <trkpt lat="35.383455" lon="138.853576"></trkpt>
      <trkpt lat="35.38348" lon="138.853458"></trkpt>
      <trkpt lat="35.38347" lon="138.85331"></trkpt>
      <trkpt lat="35.383436" lon="138.853029"></trkpt>
      <trkpt lat="35.38339" lon="138.85272"></trkpt>
      <trkpt lat="35.383347" lon="138.852542"></trkpt>
      <trkpt lat="35.383296" lon="138.852434"></trkpt>
      <trkpt lat="35.38322" lon="138.85235"></trkpt>
      <trkpt lat="35.383108" lon="138.852238"></trkpt>
      <trkpt lat="35.382957" lon="138.852074"></trkpt>
      <trkpt lat="35.382885" lon="138.851964"></trkpt>
      <trkpt lat="35.382813" lon="138.851835"></trkpt>
      <trkpt lat="35.382746" lon="138.851677"></trkpt>
      <trkpt lat="35.382694" lon="138.851512"></trkpt>
      <trkpt lat="35.382678" lon="138.851349"></trkpt>
      <trkpt lat="35.38268" lon="138.850924"></trkpt>
      <trkpt lat="35.382682" lon="138.850585"></trkpt>
      <trkpt lat="35.382664" lon="138.850427"></trkpt>
      <trkpt lat="35.382619" lon="138.850321"></trkpt>
      <trkpt lat="35.38255" lon="138.850219"></trkpt>
      <trkpt lat="35.382481" lon="138.850145"></trkpt>
      <trkpt lat="35.382385" lon="138.850086"></trkpt>
      <trkpt lat="35.382237" lon="138.850031"></trkpt>
      <trkpt lat="35.381979" lon="138.849982"></trkpt>
      <trkpt lat="35.38169" lon="138.84991"></trkpt>
      <trkpt lat="35.38141" lon="138.849838"></trkpt>
      <trkpt lat="35.381135" lon="138.849755"></trkpt>
      <trkpt lat="35.380868" lon="138.849668"></trkpt>
      <trkpt lat="35.380717" lon="138.849642"></trkpt>
      <trkpt lat="35.380544" lon="138.849662"></trkpt>
      <trkpt lat="35.380411" lon="138.849735"></trkpt>
      <trkpt lat="35.380304" lon="138.849808"></trkpt>
      <trkpt lat="35.380191" lon="138.849929"></trkpt>
      <trkpt lat="35.380106" lon="138.850032"></trkpt>
      <trkpt lat="35.380021" lon="138.850149"></trkpt>
      <trkpt lat="35.379978" lon="138.850262"></trkpt>
      <trkpt lat="35.379945" lon="138.850365"></trkpt>
      <trkpt lat="35.379942" lon="138.850461"></trkpt>
      <trkpt lat="35.379958" lon="138.850551"></trkpt>
      <trkpt lat="35.380009" lon="138.850638"></trkpt>
      <trkpt lat="35.380079" lon="138.850702"></trkpt>
      <trkpt lat="35.380184" lon="138.850735"></trkpt>
      <trkpt lat="35.38028" lon="138.850718"></trkpt>
      <trkpt lat="35.380393" lon="138.850648"></trkpt>
      <trkpt lat="35.380515" lon="138.850542"></trkpt>
      <trkpt lat="35.380666" lon="138.850397"></trkpt>
      <trkpt lat="35.380821" lon="138.850314"></trkpt>
      <trkpt lat="35.380973" lon="138.850291"></trkpt>
      <trkpt lat="35.381143" lon="138.850319"></trkpt>
      <trkpt lat="35.381281" lon="138.850407"></trkpt>
      <trkpt lat="35.381422" lon="138.850505"></trkpt>
      <trkpt lat="35.381558" lon="138.850618"></trkpt>
      <trkpt lat="35.381629" lon="138.850692"></trkpt>
      <trkpt lat="35.381691" lon="138.850784"></trkpt>
      <trkpt lat="35.381737" lon="138.850913"></trkpt>
      <trkpt lat="35.381786" lon="138.851104"></trkpt>
      <trkpt lat="35.38183" lon="138.851429"></trkpt>
      <trkpt lat="35.381885" lon="138.851813"></trkpt>
      <trkpt lat="35.38192" lon="138.852079"></trkpt>
      <trkpt lat="35.38196" lon="138.85224"></trkpt>
      <trkpt lat="35.382012" lon="138.852365"></trkpt>
      <trkpt lat="35.382064" lon="138.852469"></trkpt>
      <trkpt lat="35.382286" lon="138.852851"></trkpt>
      <trkpt lat="35.382365" lon="138.853018"></trkpt>
      <trkpt lat="35.382398" lon="138.853138"></trkpt>
      <trkpt lat="35.382409" lon="138.85322"></trkpt>
      <trkpt lat="35.3824" lon="138.853325"></trkpt>
      <trkpt lat="35.38237" lon="138.853435"></trkpt>
      <trkpt lat="35.382334" lon="138.853509"></trkpt>
      <trkpt lat="35.382256" lon="138.85362"></trkpt>
      <trkpt lat="35.382143" lon="138.853714"></trkpt>
      <trkpt lat="35.381996" lon="138.85381"></trkpt>
      <trkpt lat="35.381663" lon="138.854013"></trkpt>
      <trkpt lat="35.381383" lon="138.854177"></trkpt>
      <trkpt lat="35.381259" lon="138.854278"></trkpt>
      <trkpt lat="35.381168" lon="138.854398"></trkpt>
      <trkpt lat="35.381132" lon="138.854492"></trkpt>
      <trkpt lat="35.381101" lon="138.854601"></trkpt>
      <trkpt lat="35.381088" lon="138.854772"></trkpt>
      <trkpt lat="35.381114" lon="138.854907"></trkpt>
      <trkpt lat="35.381156" lon="138.855055"></trkpt>
      <trkpt lat="35.381287" lon="138.855352"></trkpt>
      <trkpt lat="35.381511" lon="138.855867"></trkpt>
      <trkpt lat="35.381556" lon="138.855973"></trkpt>
      <trkpt lat="35.381594" lon="138.856101"></trkpt>
      <trkpt lat="35.38162" lon="138.856195"></trkpt>
      <trkpt lat="35.381634" lon="138.856323"></trkpt>
      <trkpt lat="35.381621" lon="138.856504"></trkpt>
      <trkpt lat="35.381549" lon="138.856814"></trkpt>
      <trkpt lat="35.381496" lon="138.85707"></trkpt>
      <trkpt lat="35.381483" lon="138.85722"></trkpt>
      <trkpt lat="35.381489" lon="138.857379"></trkpt>
      <trkpt lat="35.381515" lon="138.857541"></trkpt>
      <trkpt lat="35.381564" lon="138.857662"></trkpt>
      <trkpt lat="35.381613" lon="138.857763"></trkpt>
      <trkpt lat="35.381725" lon="138.857979"></trkpt>
      <trkpt lat="35.381834" lon="138.858164"></trkpt>
      <trkpt lat="35.381879" lon="138.858284"></trkpt>
      <trkpt lat="35.381916" lon="138.858391"></trkpt>
      <trkpt lat="35.381925" lon="138.858519"></trkpt>
      <trkpt lat="35.381909" lon="138.858649"></trkpt>
      <trkpt lat="35.381839" lon="138.858798"></trkpt>
      <trkpt lat="35.381772" lon="138.858881"></trkpt>
      <trkpt lat="35.381728" lon="138.858916"></trkpt>
      <trkpt lat="35.381656" lon="138.858954"></trkpt>
      <trkpt lat="35.381513" lon="138.858969"></trkpt>
      <trkpt lat="35.381348" lon="138.858936"></trkpt>
      <trkpt lat="35.380647" lon="138.85874"></trkpt>
      <trkpt lat="35.379998" lon="138.858562"></trkpt>
      <trkpt lat="35.379773" lon="138.858496"></trkpt>
      <trkpt lat="35.379601" lon="138.858466"></trkpt>
      <trkpt lat="35.379505" lon="138.85845"></trkpt>
      <trkpt lat="35.379239" lon="138.858414"></trkpt>
      <trkpt lat="35.378977" lon="138.858392"></trkpt>
      <trkpt lat="35.378431" lon="138.858358"></trkpt>
      <trkpt lat="35.378025" lon="138.858346"></trkpt>
      <trkpt lat="35.377307" lon="138.858364"></trkpt>
      <trkpt lat="35.376683" lon="138.858419"></trkpt>
      <trkpt lat="35.376432" lon="138.858463"></trkpt>
      <trkpt lat="35.375814" lon="138.858607"></trkpt>
      <trkpt lat="35.375549" lon="138.858672"></trkpt>
      <trkpt lat="35.375341" lon="138.85875"></trkpt>
      <trkpt lat="35.375231" lon="138.858811"></trkpt>
      <trkpt lat="35.375105" lon="138.858893"></trkpt>
      <trkpt lat="35.374988" lon="138.85897"></trkpt>
      <trkpt lat="35.374871" lon="138.859069"></trkpt>
      <trkpt lat="35.374619" lon="138.859331"></trkpt>
      <trkpt lat="35.374356" lon="138.859609"></trkpt>
      <trkpt lat="35.374093" lon="138.859845"></trkpt>
      <trkpt lat="35.373987" lon="138.859935"></trkpt>
      <trkpt lat="35.373905" lon="138.859983"></trkpt>
      <trkpt lat="35.373764" lon="138.86005"></trkpt>
      <trkpt lat="35.373559" lon="138.86012"></trkpt>
      <trkpt lat="35.373364" lon="138.860137"></trkpt>
      <trkpt lat="35.372943" lon="138.860154"></trkpt>
      <trkpt lat="35.372699" lon="138.860166"></trkpt>
      <trkpt lat="35.371272" lon="138.860189"></trkpt>
      <trkpt lat="35.371157" lon="138.860185"></trkpt>
      <trkpt lat="35.371035" lon="138.860169"></trkpt>
      <trkpt lat="35.370884" lon="138.860134"></trkpt>
      <trkpt lat="35.370644" lon="138.860053"></trkpt>
      <trkpt lat="35.369978" lon="138.859835"></trkpt>
      <trkpt lat="35.36986" lon="138.859786"></trkpt>
      <trkpt lat="35.369776" lon="138.859732"></trkpt>
      <trkpt lat="35.369715" lon="138.859682"></trkpt>
      <trkpt lat="35.36964" lon="138.859614"></trkpt>
      <trkpt lat="35.369585" lon="138.85955"></trkpt>
      <trkpt lat="35.369539" lon="138.85949"></trkpt>
      <trkpt lat="35.369489" lon="138.859411"></trkpt>
      <trkpt lat="35.36945" lon="138.859334"></trkpt>
      <trkpt lat="35.369381" lon="138.859179"></trkpt>
      <trkpt lat="35.369334" lon="138.85903"></trkpt>
      <trkpt lat="35.36925" lon="138.858778"></trkpt>
      <trkpt lat="35.369161" lon="138.858578"></trkpt>
      <trkpt lat="35.369076" lon="138.858441"></trkpt>
      <trkpt lat="35.368956" lon="138.858303"></trkpt>
      <trkpt lat="35.368868" lon="138.858224"></trkpt>
      <trkpt lat="35.36876" lon="138.85817"></trkpt>
      <trkpt lat="35.368652" lon="138.858122"></trkpt>
      <trkpt lat="35.36842" lon="138.858058"></trkpt>
      <trkpt lat="35.368277" lon="138.858028"></trkpt>
      <trkpt lat="35.368125" lon="138.857995"></trkpt>
      <trkpt lat="35.368035" lon="138.857991"></trkpt>
      <trkpt lat="35.36794" lon="138.857998"></trkpt>
      <trkpt lat="35.367853" lon="138.858013"></trkpt>
      <trkpt lat="35.367765" lon="138.858028"></trkpt>
      <trkpt lat="35.36764" lon="138.858079"></trkpt>
      <trkpt lat="35.367233" lon="138.858257"></trkpt>
      <trkpt lat="35.366884" lon="138.858416"></trkpt>
      <trkpt lat="35.366774" lon="138.858474"></trkpt>
      <trkpt lat="35.366654" lon="138.858557"></trkpt>
      <trkpt lat="35.366548" lon="138.858653"></trkpt>
      <trkpt lat="35.366462" lon="138.858756"></trkpt>
      <trkpt lat="35.366254" lon="138.859028"></trkpt>
      <trkpt lat="35.365965" lon="138.859384"></trkpt>
      <trkpt lat="35.365845" lon="138.859489"></trkpt>
      <trkpt lat="35.36573" lon="138.859557"></trkpt>
      <trkpt lat="35.36562" lon="138.859593"></trkpt>
      <trkpt lat="35.365478" lon="138.859606"></trkpt>
      <trkpt lat="35.365242" lon="138.859597"></trkpt>
      <trkpt lat="35.364932" lon="138.859572"></trkpt>
      <trkpt lat="35.364797" lon="138.859575"></trkpt>
      <trkpt lat="35.36468" lon="138.859605"></trkpt>
      <trkpt lat="35.3646" lon="138.85964"></trkpt>
      <trkpt lat="35.364519" lon="138.859689"></trkpt>
      <trkpt lat="35.364431" lon="138.859758"></trkpt>
      <trkpt lat="35.364347" lon="138.859841"></trkpt>
      <trkpt lat="35.363968" lon="138.860272"></trkpt>
      <trkpt lat="35.363545" lon="138.860767"></trkpt>
      <trkpt lat="35.363351" lon="138.860981"></trkpt>
      <trkpt lat="35.363096" lon="138.861259"></trkpt>
      <trkpt lat="35.362749" lon="138.861607"></trkpt>
      <trkpt lat="35.362543" lon="138.86181"></trkpt>
      <trkpt lat="35.362341" lon="138.862042"></trkpt>
      <trkpt lat="35.362254" lon="138.862158"></trkpt>
      <trkpt lat="35.362179" lon="138.862036"></trkpt>
      <trkpt lat="35.362139" lon="138.861929"></trkpt>
      <trkpt lat="35.362108" lon="138.861775"></trkpt>
      <trkpt lat="35.362048" lon="138.861319"></trkpt>
      <trkpt lat="35.361986" lon="138.861003"></trkpt>
      <trkpt lat="35.361835" lon="138.860301"></trkpt>
      <trkpt lat="35.361792" lon="138.859953"></trkpt>
      <trkpt lat="35.361779" lon="138.859739"></trkpt>
      <trkpt lat="35.361783" lon="138.859657"></trkpt>
      <trkpt lat="35.361794" lon="138.859553"></trkpt>
      <trkpt lat="35.361811" lon="138.859431"></trkpt>
      <trkpt lat="35.361761" lon="138.859438"></trkpt>
      <trkpt lat="35.36171" lon="138.859473"></trkpt>
      <trkpt lat="35.361666" lon="138.859532"></trkpt>
      <trkpt lat="35.361301" lon="138.860339"></trkpt>
      <trkpt lat="35.361279" lon="138.860399"></trkpt>
      <trkpt lat="35.361269" lon="138.860463"></trkpt>
      <trkpt lat="35.361267" lon="138.860515"></trkpt>
      <trkpt lat="35.361271" lon="138.860564"></trkpt>
      <trkpt lat="35.36128" lon="138.860609"></trkpt>
      <trkpt lat="35.361293" lon="138.860648"></trkpt>
      <trkpt lat="35.361319" lon="138.8607"></trkpt>
      <trkpt lat="35.361362" lon="138.860752"></trkpt>
      <trkpt lat="35.361414" lon="138.860799"></trkpt>
      <trkpt lat="35.361486" lon="138.860818"></trkpt>
      <trkpt lat="35.361524" lon="138.860819"></trkpt>
      <trkpt lat="35.361551" lon="138.860806"></trkpt>
      <trkpt lat="35.361576" lon="138.860779"></trkpt>
      <trkpt lat="35.361599" lon="138.86074"></trkpt>
      <trkpt lat="35.361666" lon="138.860573"></trkpt>
      <trkpt lat="35.3618" lon="138.860117"></trkpt>
      <trkpt lat="35.361954" lon="138.859559"></trkpt>
      <trkpt lat="35.362062" lon="138.859147"></trkpt>
      <trkpt lat="35.362117" lon="138.858903"></trkpt>
      <trkpt lat="35.362158" lon="138.858683"></trkpt>
      <trkpt lat="35.362195" lon="138.858448"></trkpt>
      <trkpt lat="35.362286" lon="138.857839"></trkpt>
      <trkpt lat="35.362308" lon="138.857372"></trkpt>
      <trkpt lat="35.362321" lon="138.85649"></trkpt>
      <trkpt lat="35.362324" lon="138.855698"></trkpt>
      <trkpt lat="35.362327" lon="138.855187"></trkpt>
      <trkpt lat="35.362323" lon="138.854374"></trkpt>
      <trkpt lat="35.362316" lon="138.853416"></trkpt>
      <trkpt lat="35.362325" lon="138.852982"></trkpt>
      <trkpt lat="35.362327" lon="138.852694"></trkpt>
      <trkpt lat="35.362333" lon="138.852551"></trkpt>
      <trkpt lat="35.362341" lon="138.852421"></trkpt>
      <trkpt lat="35.36235" lon="138.852299"></trkpt>
      <trkpt lat="35.362365" lon="138.852156"></trkpt>
      <trkpt lat="35.362382" lon="138.852021"></trkpt>
      <trkpt lat="35.362404" lon="138.851881"></trkpt>
      <trkpt lat="35.362431" lon="138.851732"></trkpt>
      <trkpt lat="35.362463" lon="138.851592"></trkpt>
      <trkpt lat="35.362508" lon="138.851417"></trkpt>
      <trkpt lat="35.362565" lon="138.851218"></trkpt>
      <trkpt lat="35.362636" lon="138.851002"></trkpt>
      <trkpt lat="35.362703" lon="138.850818"></trkpt>
      <trkpt lat="35.362774" lon="138.850644"></trkpt>
      <trkpt lat="35.362856" lon="138.850468"></trkpt>
      <trkpt lat="35.362984" lon="138.85023"></trkpt>
      <trkpt lat="35.363134" lon="138.849982"></trkpt>
      <trkpt lat="35.363305" lon="138.849723"></trkpt>
      <trkpt lat="35.363479" lon="138.849485"></trkpt>
      <trkpt lat="35.363659" lon="138.849269"></trkpt>
      <trkpt lat="35.363863" lon="138.849041"></trkpt>
      <trkpt lat="35.363987" lon="138.848919"></trkpt>
      <trkpt lat="35.364113" lon="138.848804"></trkpt>
      <trkpt lat="35.364257" lon="138.848685"></trkpt>
      <trkpt lat="35.364397" lon="138.848585"></trkpt>
      <trkpt lat="35.36454" lon="138.848501"></trkpt>
      <trkpt lat="35.364716" lon="138.84841"></trkpt>
      <trkpt lat="35.364914" lon="138.848329"></trkpt>
      <trkpt lat="35.365144" lon="138.848241"></trkpt>
      <trkpt lat="35.365388" lon="138.848172"></trkpt>
      <trkpt lat="35.365652" lon="138.848121"></trkpt>
      <trkpt lat="35.365923" lon="138.848083"></trkpt>
      <trkpt lat="35.366162" lon="138.848064"></trkpt>
      <trkpt lat="35.366429" lon="138.848061"></trkpt>
      <trkpt lat="35.366691" lon="138.848082"></trkpt>
      <trkpt lat="35.366956" lon="138.848129"></trkpt>
      <trkpt lat="35.367203" lon="138.848196"></trkpt>
      <trkpt lat="35.367442" lon="138.848275"></trkpt>
      <trkpt lat="35.367658" lon="138.848362"></trkpt>
      <trkpt lat="35.367869" lon="138.848461"></trkpt>
      <trkpt lat="35.368722" lon="138.848912"></trkpt>
      <trkpt lat="35.369053" lon="138.849089"></trkpt>
      <trkpt lat="35.369411" lon="138.849252"></trkpt>
      <trkpt lat="35.369643" lon="138.849349"></trkpt>
      <trkpt lat="35.369849" lon="138.849429"></trkpt>
      <trkpt lat="35.370078" lon="138.849496"></trkpt>
      <trkpt lat="35.37035" lon="138.849553"></trkpt>
      <trkpt lat="35.370641" lon="138.84959"></trkpt>
      <trkpt lat="35.370895" lon="138.849607"></trkpt>
      <trkpt lat="35.371136" lon="138.849609"></trkpt>
      <trkpt lat="35.371371" lon="138.84959"></trkpt>
      <trkpt lat="35.371633" lon="138.849539"></trkpt>
      <trkpt lat="35.371972" lon="138.849448"></trkpt>
      <trkpt lat="35.372275" lon="138.849336"></trkpt>
      <trkpt lat="35.372596" lon="138.84918"></trkpt>
      <trkpt lat="35.372902" lon="138.849"></trkpt>
      <trkpt lat="35.373212" lon="138.848807"></trkpt>
      <trkpt lat="35.373571" lon="138.848547"></trkpt>
      <trkpt lat="35.374268" lon="138.848065"></trkpt>
      <trkpt lat="35.375034" lon="138.847533"></trkpt>
      <trkpt lat="35.376425" lon="138.846554"></trkpt>
      <trkpt lat="35.377003" lon="138.846152"></trkpt>
      <trkpt lat="35.37749" lon="138.845833"></trkpt>
      <trkpt lat="35.377908" lon="138.845588"></trkpt>
      <trkpt lat="35.378307" lon="138.845376"></trkpt>
      <trkpt lat="35.378763" lon="138.845148"></trkpt>
      <trkpt lat="35.379098" lon="138.845"></trkpt>
      <trkpt lat="35.379365" lon="138.844899"></trkpt>
      <trkpt lat="35.379639" lon="138.844811"></trkpt>
      <trkpt lat="35.379887" lon="138.844745"></trkpt>
      <trkpt lat="35.380159" lon="138.844677"></trkpt>
      <trkpt lat="35.406157" lon="138.838058"></trkpt>
      <trkpt lat="35.406426" lon="138.837993"></trkpt>
      <trkpt lat="35.406707" lon="138.83793"></trkpt>
      <trkpt lat="35.40698" lon="138.837888"></trkpt>
      <trkpt lat="35.407328" lon="138.83785"></trkpt>
      <trkpt lat="35.407751" lon="138.837826"></trkpt>
      <trkpt lat="35.408306" lon="138.837822"></trkpt>
      <trkpt lat="35.408769" lon="138.837859"></trkpt>
      <trkpt lat="35.409235" lon="138.837939"></trkpt>
      <trkpt lat="35.409637" lon="138.838029"></trkpt>
      <trkpt lat="35.410059" lon="138.838159"></trkpt>
      <trkpt lat="35.410641" lon="138.838369"></trkpt>
      <trkpt lat="35.411149" lon="138.83859"></trkpt>
      <trkpt lat="35.411627" lon="138.838821"></trkpt>
      <trkpt lat="35.412958" lon="138.839512"></trkpt>
      <trkpt lat="35.413762" lon="138.83991"></trkpt>
      <trkpt lat="35.414513" lon="138.840244"></trkpt>
      <trkpt lat="35.415304" lon="138.840556"></trkpt>
      <trkpt lat="35.415988" lon="138.840803"></trkpt>
      <trkpt lat="35.41683" lon="138.841045"></trkpt>
      <trkpt lat="35.41767" lon="138.841239"></trkpt>
      <trkpt lat="35.418491" lon="138.841388"></trkpt>
      <trkpt lat="35.419347" lon="138.841505"></trkpt>
      <trkpt lat="35.419922" lon="138.841548"></trkpt>
      <trkpt lat="35.420208" lon="138.84157"></trkpt>
      <trkpt lat="35.421122" lon="138.841592"></trkpt>
      <trkpt lat="35.421955" lon="138.84156"></trkpt>
      <trkpt lat="35.42278" lon="138.841485"></trkpt>
      <trkpt lat="35.423584" lon="138.84139"></trkpt>
      <trkpt lat="35.424442" lon="138.841223"></trkpt>
      <trkpt lat="35.424926" lon="138.841114"></trkpt>
      <trkpt lat="35.425653" lon="138.840924"></trkpt>
      <trkpt lat="35.426386" lon="138.840687"></trkpt>
      <trkpt lat="35.427128" lon="138.840411"></trkpt>
      <trkpt lat="35.42769" lon="138.840172"></trkpt>
      <trkpt lat="35.428262" lon="138.839898"></trkpt>
      <trkpt lat="35.428824" lon="138.839581"></trkpt>
      <trkpt lat="35.429321" lon="138.839261"></trkpt>
      <trkpt lat="35.429707" lon="138.838975"></trkpt>
      <trkpt lat="35.430059" lon="138.838689"></trkpt>
      <trkpt lat="35.430363" lon="138.838417"></trkpt>
      <trkpt lat="35.43049" lon="138.838301"></trkpt>
      <trkpt lat="35.430725" lon="138.838063"></trkpt>
      <trkpt lat="35.431041" lon="138.83772"></trkpt>
      <trkpt lat="35.431335" lon="138.837368"></trkpt>
      <trkpt lat="35.431599" lon="138.83702"></trkpt>
      <trkpt lat="35.431826" lon="138.836696"></trkpt>
      <trkpt lat="35.432072" lon="138.836323"></trkpt>
      <trkpt lat="35.432297" lon="138.83594"></trkpt>
      <trkpt lat="35.432513" lon="138.835548"></trkpt>
      <trkpt lat="35.432728" lon="138.835102"></trkpt>
      <trkpt lat="35.432966" lon="138.834577"></trkpt>
      <trkpt lat="35.433228" lon="138.833944"></trkpt>
      <trkpt lat="35.433449" lon="138.833386"></trkpt>
      <trkpt lat="35.433637" lon="138.832868"></trkpt>
      <trkpt lat="35.433822" lon="138.83237"></trkpt>
      <trkpt lat="35.434005" lon="138.831869"></trkpt>
      <trkpt lat="35.434177" lon="138.83143"></trkpt>
      <trkpt lat="35.43435" lon="138.831003"></trkpt>
      <trkpt lat="35.434549" lon="138.830526"></trkpt>
      <trkpt lat="35.434748" lon="138.830069"></trkpt>
      <trkpt lat="35.435089" lon="138.829341"></trkpt>
      <trkpt lat="35.435433" lon="138.82863"></trkpt>
      <trkpt lat="35.436393" lon="138.826784"></trkpt>
      <trkpt lat="35.437257" lon="138.825172"></trkpt>
      <trkpt lat="35.438704" lon="138.822433"></trkpt>
      <trkpt lat="35.438956" lon="138.821952"></trkpt>
      <trkpt lat="35.439979" lon="138.820017"></trkpt>
      <trkpt lat="35.441763" lon="138.816652"></trkpt>
      <trkpt lat="35.443543" lon="138.813299"></trkpt>
      <trkpt lat="35.444857" lon="138.810805"></trkpt>
      <trkpt lat="35.445079" lon="138.810392"></trkpt>
      <trkpt lat="35.446567" lon="138.807631"></trkpt>
      <trkpt lat="35.448248" lon="138.804642"></trkpt>
      <trkpt lat="35.448424" lon="138.804338"></trkpt>
      <trkpt lat="35.448943" lon="138.803461"></trkpt>
      <trkpt lat="35.449754" lon="138.802046"></trkpt>
      <trkpt lat="35.450456" lon="138.800625"></trkpt>
      <trkpt lat="35.450665" lon="138.80021"></trkpt>
      <trkpt lat="35.450953" lon="138.79965"></trkpt>
      <trkpt lat="35.451453" lon="138.798762"></trkpt>
      <trkpt lat="35.451536" lon="138.798652"></trkpt>
      <trkpt lat="35.451606" lon="138.798586"></trkpt>
      <trkpt lat="35.451727" lon="138.798539"></trkpt>
      <trkpt lat="35.451849" lon="138.798509"></trkpt>
      <trkpt lat="35.45196" lon="138.798498"></trkpt>
      <trkpt lat="35.452041" lon="138.798523"></trkpt>
      <trkpt lat="35.45211" lon="138.798561"></trkpt>
      <trkpt lat="35.452168" lon="138.798605"></trkpt>
      <trkpt lat="35.452246" lon="138.798681"></trkpt>
      <trkpt lat="35.452555" lon="138.799024"></trkpt>
      <trkpt lat="35.452669" lon="138.799145"></trkpt>
      <trkpt lat="35.452764" lon="138.799214"></trkpt>
      <trkpt lat="35.452876" lon="138.799261"></trkpt>
      <trkpt lat="35.452967" lon="138.799274"></trkpt>
      <trkpt lat="35.453083" lon="138.799244"></trkpt>
      <trkpt lat="35.453196" lon="138.799193"></trkpt>
      <trkpt lat="35.453275" lon="138.799127"></trkpt>
      <trkpt lat="35.453354" lon="138.79902"></trkpt>
      <trkpt lat="35.453411" lon="138.7989"></trkpt>
      <trkpt lat="35.453501" lon="138.798652"></trkpt>
      <trkpt lat="35.453642" lon="138.79826"></trkpt>
      <trkpt lat="35.453704" lon="138.798084"></trkpt>
      <trkpt lat="35.453827" lon="138.797741"></trkpt>
      <trkpt lat="35.453855" lon="138.797662"></trkpt>
      <trkpt lat="35.453904" lon="138.79758"></trkpt>
      <trkpt lat="35.453965" lon="138.797529"></trkpt>
      <trkpt lat="35.454056" lon="138.797461"></trkpt>
      <trkpt lat="35.454127" lon="138.797332"></trkpt>
      <trkpt lat="35.454202" lon="138.79726"></trkpt>
      <trkpt lat="35.454816" lon="138.797585"></trkpt>
      <trkpt lat="35.455432" lon="138.797975"></trkpt>
      <trkpt lat="35.455912" lon="138.798256"></trkpt>
      <trkpt lat="35.456324" lon="138.798489"></trkpt>
      <trkpt lat="35.456508" lon="138.798605"></trkpt>
      <trkpt lat="35.456621" lon="138.798691"></trkpt>
      <trkpt lat="35.456735" lon="138.798783"></trkpt>
      <trkpt lat="35.456832" lon="138.798927"></trkpt>
      <trkpt lat="35.456907" lon="138.799113"></trkpt>
      <trkpt lat="35.456989" lon="138.799371"></trkpt>
      <trkpt lat="35.457091" lon="138.799676"></trkpt>
      <trkpt lat="35.457176" lon="138.799864"></trkpt>
      <trkpt lat="35.457259" lon="138.800025"></trkpt>
      <trkpt lat="35.457329" lon="138.800133"></trkpt>
      <trkpt lat="35.457455" lon="138.800282"></trkpt>
      <trkpt lat="35.458404" lon="138.801212"></trkpt>
      <trkpt lat="35.458467" lon="138.801367"></trkpt>
      <trkpt lat="35.458513" lon="138.801575"></trkpt>
      <trkpt lat="35.458732" lon="138.801513"></trkpt>
      <trkpt lat="35.458955" lon="138.801619"></trkpt>
      <trkpt lat="35.45914" lon="138.801711"></trkpt>
      <trkpt lat="35.459345" lon="138.801768"></trkpt>
      <trkpt lat="35.459943" lon="138.80198"></trkpt>
      <trkpt lat="35.460131" lon="138.802072"></trkpt>
      <trkpt lat="35.46025" lon="138.802165"></trkpt>
      <trkpt lat="35.460378" lon="138.802282"></trkpt>
      <trkpt lat="35.460541" lon="138.802441"></trkpt>
      <trkpt lat="35.460674" lon="138.802586"></trkpt>
      <trkpt lat="35.460698" lon="138.80272"></trkpt>
      <trkpt lat="35.460806" lon="138.802841"></trkpt>
      <trkpt lat="35.460991" lon="138.803062"></trkpt>
      <trkpt lat="35.461067" lon="138.80314"></trkpt>
      <trkpt lat="35.461218" lon="138.803194"></trkpt>
      <trkpt lat="35.461356" lon="138.803269"></trkpt>
      <trkpt lat="35.461543" lon="138.80337"></trkpt>
      <trkpt lat="35.461717" lon="138.80342"></trkpt>
      <trkpt lat="35.461847" lon="138.803451"></trkpt>
      <trkpt lat="35.462204" lon="138.803543"></trkpt>
      <trkpt lat="35.462282" lon="138.803575"></trkpt>
      <trkpt lat="35.46241" lon="138.803656"></trkpt>
      <trkpt lat="35.462506" lon="138.803731"></trkpt>
      <trkpt lat="35.462546" lon="138.803793"></trkpt>
      <trkpt lat="35.46267" lon="138.803768"></trkpt>
      <trkpt lat="35.462794" lon="138.80374"></trkpt>
      <trkpt lat="35.46301" lon="138.803663"></trkpt>
      <trkpt lat="35.463174" lon="138.803584"></trkpt>
      <trkpt lat="35.463477" lon="138.80345"></trkpt>
      <trkpt lat="35.4635" lon="138.80344"></trkpt>
      <trkpt lat="35.463567" lon="138.803408"></trkpt>
      <trkpt lat="35.463752" lon="138.803312"></trkpt>
      <trkpt lat="35.463755" lon="138.803468"></trkpt>
      <trkpt lat="35.463757" lon="138.803479"></trkpt>
      <trkpt lat="35.463773" lon="138.803587"></trkpt>
      <trkpt lat="35.463825" lon="138.803694"></trkpt>
      <trkpt lat="35.46389" lon="138.803763"></trkpt>
      <trkpt lat="35.463948" lon="138.803806"></trkpt>
      <trkpt lat="35.46422" lon="138.803916"></trkpt>
      <trkpt lat="35.464452" lon="138.804001"></trkpt>
      <trkpt lat="35.465001" lon="138.804204"></trkpt>
      <trkpt lat="35.465556" lon="138.804419"></trkpt>
      <trkpt lat="35.466173" lon="138.804644"></trkpt>
      <trkpt lat="35.466539" lon="138.804775"></trkpt>
      <trkpt lat="35.46691" lon="138.804909"></trkpt>
      <trkpt lat="35.46753" lon="138.805132"></trkpt>
      <trkpt lat="35.468886" lon="138.805628"></trkpt>
      <trkpt lat="35.4691" lon="138.805706"></trkpt>
      <trkpt lat="35.469276" lon="138.805771"></trkpt>
      <trkpt lat="35.469365" lon="138.805803"></trkpt>
      <trkpt lat="35.469423" lon="138.805825"></trkpt>
      <trkpt lat="35.469823" lon="138.805971"></trkpt>
      <trkpt lat="35.470759" lon="138.80632"></trkpt>
      <trkpt lat="35.471048" lon="138.806416"></trkpt>
      <trkpt lat="35.471133" lon="138.806447"></trkpt>
      <trkpt lat="35.471548" lon="138.806599"></trkpt>
      <trkpt lat="35.471979" lon="138.806765"></trkpt>
      <trkpt lat="35.47252" lon="138.806961"></trkpt>
      <trkpt lat="35.473146" lon="138.807188"></trkpt>
      <trkpt lat="35.474356" lon="138.80763"></trkpt>
      <trkpt lat="35.475245" lon="138.807957"></trkpt>
      <trkpt lat="35.475686" lon="138.80812"></trkpt>
      <trkpt lat="35.476422" lon="138.808387"></trkpt>
      <trkpt lat="35.476879" lon="138.808573"></trkpt>
      <trkpt lat="35.477426" lon="138.808764"></trkpt>
      <trkpt lat="35.477594" lon="138.808827"></trkpt>
      <trkpt lat="35.479035" lon="138.80934"></trkpt>
      <trkpt lat="35.479656" lon="138.809578"></trkpt>
      <trkpt lat="35.481168" lon="138.810135"></trkpt>
      <trkpt lat="35.481917" lon="138.808878"></trkpt>
      <trkpt lat="35.482281" lon="138.808258"></trkpt>
      <trkpt lat="35.48293" lon="138.807152"></trkpt>
      <trkpt lat="35.483266" lon="138.806554"></trkpt>
      <trkpt lat="35.48362" lon="138.805962"></trkpt>
      <trkpt lat="35.483653" lon="138.805904"></trkpt>
      <trkpt lat="35.484106" lon="138.805176"></trkpt>
      <trkpt lat="35.484189" lon="138.80504"></trkpt>
      <trkpt lat="35.484262" lon="138.804926"></trkpt>
      <trkpt lat="35.484372" lon="138.804753"></trkpt>
      <trkpt lat="35.48457" lon="138.804444"></trkpt>
      <trkpt lat="35.484799" lon="138.804086"></trkpt>
      <trkpt lat="35.484869" lon="138.803964"></trkpt>
      <trkpt lat="35.484935" lon="138.803814"></trkpt>
      <trkpt lat="35.485003" lon="138.803633"></trkpt>
      <trkpt lat="35.485332" lon="138.802736"></trkpt>
      <trkpt lat="35.485363" lon="138.802652"></trkpt>
      <trkpt lat="35.485389" lon="138.802583"></trkpt>
      <trkpt lat="35.485574" lon="138.802084"></trkpt>
      <trkpt lat="35.48564" lon="138.801903"></trkpt>
      <trkpt lat="35.485662" lon="138.801845"></trkpt>
      <trkpt lat="35.48583" lon="138.801404"></trkpt>
      <trkpt lat="35.486045" lon="138.800803"></trkpt>
      <trkpt lat="35.486261" lon="138.800235"></trkpt>
      <trkpt lat="35.486322" lon="138.800077"></trkpt>
      <trkpt lat="35.486391" lon="138.80012"></trkpt>
      <trkpt lat="35.486512" lon="138.800195"></trkpt>
      <trkpt lat="35.486782" lon="138.800361"></trkpt>
      <trkpt lat="35.4871" lon="138.800551"></trkpt>
      <trkpt lat="35.487995" lon="138.801087"></trkpt>
      <trkpt lat="35.488529" lon="138.80142"></trkpt>
      <trkpt lat="35.488832" lon="138.801609"></trkpt>
      <trkpt lat="35.488866" lon="138.80163"></trkpt>
      <trkpt lat="35.48919" lon="138.801833"></trkpt>
      <trkpt lat="35.489729" lon="138.802139"></trkpt>
      <trkpt lat="35.490091" lon="138.802349"></trkpt>
      <trkpt lat="35.490434" lon="138.802566"></trkpt>
      <trkpt lat="35.490562" lon="138.802637"></trkpt>
      <trkpt lat="35.490651" lon="138.802686"></trkpt>
      <trkpt lat="35.490936" lon="138.802862"></trkpt>
      <trkpt lat="35.491033" lon="138.802922"></trkpt>
      <trkpt lat="35.491461" lon="138.803174"></trkpt>
      <trkpt lat="35.491534" lon="138.803209"></trkpt>
      <trkpt lat="35.491788" lon="138.803377"></trkpt>
      <trkpt lat="35.491832" lon="138.803407"></trkpt>
      <trkpt lat="35.491913" lon="138.803456"></trkpt>
      <trkpt lat="35.491989" lon="138.803503"></trkpt>
      <trkpt lat="35.49224" lon="138.803657"></trkpt>
      <trkpt lat="35.492312" lon="138.803702"></trkpt>
      <trkpt lat="35.492419" lon="138.803767"></trkpt>
      <trkpt lat="35.492474" lon="138.803797"></trkpt>
      <trkpt lat="35.49285" lon="138.804003"></trkpt>
      <trkpt lat="35.493001" lon="138.804059"></trkpt>
      <trkpt lat="35.493081" lon="138.804088"></trkpt>
      <trkpt lat="35.49337" lon="138.804154"></trkpt>
      <trkpt lat="35.493542" lon="138.804189"></trkpt>
      <trkpt lat="35.493724" lon="138.804218"></trkpt>
      <trkpt lat="35.493829" lon="138.804234"></trkpt>
      <trkpt lat="35.494297" lon="138.80432"></trkpt>
      <trkpt lat="35.49449" lon="138.804361"></trkpt>
      <trkpt lat="35.494526" lon="138.804368"></trkpt>
      <trkpt lat="35.494648" lon="138.804394"></trkpt>
      <trkpt lat="35.494666" lon="138.804397"></trkpt>
      <trkpt lat="35.494687" lon="138.804401"></trkpt>
      <trkpt lat="35.494814" lon="138.804422"></trkpt>
      <trkpt lat="35.494873" lon="138.804433"></trkpt>
      <trkpt lat="35.495016" lon="138.804383"></trkpt>
      <trkpt lat="35.495309" lon="138.804305"></trkpt>
      <trkpt lat="35.495669" lon="138.804186"></trkpt>
      <trkpt lat="35.495934" lon="138.80411"></trkpt>
      <trkpt lat="35.496135" lon="138.804048"></trkpt>
      <trkpt lat="35.496485" lon="138.803932"></trkpt>
      <trkpt lat="35.49656" lon="138.80391"></trkpt>
      <trkpt lat="35.497366" lon="138.803653"></trkpt>
      <trkpt lat="35.497616" lon="138.803585"></trkpt>
      <trkpt lat="35.497571" lon="138.803338"></trkpt>
      <trkpt lat="35.497565" lon="138.803304"></trkpt>
      <trkpt lat="35.497546" lon="138.803205"></trkpt>
      <trkpt lat="35.497535" lon="138.803018"></trkpt>
      <trkpt lat="35.497488" lon="138.80271"></trkpt>
      <trkpt lat="35.497544" lon="138.802579"></trkpt>
      <trkpt lat="35.497553" lon="138.802558"></trkpt>
      <trkpt lat="35.497607" lon="138.802435"></trkpt>
      <trkpt lat="35.497663" lon="138.80236"></trkpt>
      <trkpt lat="35.497723" lon="138.802331"></trkpt>
      <trkpt lat="35.497773" lon="138.802318"></trkpt>
      <trkpt lat="35.497811" lon="138.80236"></trkpt>
      <trkpt lat="35.497849" lon="138.802469"></trkpt>
      <trkpt lat="35.497896" lon="138.802531"></trkpt>
      <trkpt lat="35.49795" lon="138.802542"></trkpt>
      <trkpt lat="35.49809" lon="138.802515"></trkpt>
      <trkpt lat="35.498202" lon="138.80249"></trkpt>
      <trkpt lat="35.498278" lon="138.802474"></trkpt>
      <trkpt lat="35.498445" lon="138.802506"></trkpt>
      <trkpt lat="35.498644" lon="138.802534"></trkpt>
      <trkpt lat="35.498641" lon="138.801989"></trkpt>
      <trkpt lat="35.498675" lon="138.801214"></trkpt>
      <trkpt lat="35.498682" lon="138.801049"></trkpt>
      <trkpt lat="35.498654" lon="138.800574"></trkpt>
      <trkpt lat="35.49865" lon="138.800317"></trkpt>
      <trkpt lat="35.498627" lon="138.800181"></trkpt>
      <trkpt lat="35.498562" lon="138.79976"></trkpt>
      <trkpt lat="35.498586" lon="138.799754"></trkpt>
      <trkpt lat="35.498642" lon="138.799738"></trkpt>
      <trkpt lat="35.498729" lon="138.799714"></trkpt>
      <trkpt lat="35.498896" lon="138.799679"></trkpt>
      <trkpt lat="35.499012" lon="138.799677"></trkpt>
      <trkpt lat="35.499059" lon="138.7997"></trkpt>
      <trkpt lat="35.499088" lon="138.799765"></trkpt>
      <trkpt lat="35.499131" lon="138.799857"></trkpt>
      <trkpt lat="35.499158" lon="138.799894"></trkpt>
      <trkpt lat="35.499178" lon="138.799911"></trkpt>
      <trkpt lat="35.499192" lon="138.799915"></trkpt>
      <trkpt lat="35.499258" lon="138.79992"></trkpt>
      <trkpt lat="35.499561" lon="138.799912"></trkpt>
      <trkpt lat="35.499602" lon="138.799944"></trkpt>
      <trkpt lat="35.499786" lon="138.800051"></trkpt>
      <trkpt lat="35.499921" lon="138.800104"></trkpt>
      <trkpt lat="35.500065" lon="138.800151"></trkpt>
      <trkpt lat="35.500098" lon="138.80022"></trkpt>
      <trkpt lat="35.500095" lon="138.800258"></trkpt>
      <trkpt lat="35.500033" lon="138.80034"></trkpt>
      <trkpt lat="35.499796" lon="138.800474"></trkpt>
      <trkpt lat="35.49978" lon="138.800508"></trkpt>
      <trkpt lat="35.499783" lon="138.800554"></trkpt>
      <trkpt lat="35.4998" lon="138.800579"></trkpt>
      <trkpt lat="35.499841" lon="138.800578"></trkpt>
      <trkpt lat="35.499949" lon="138.800533"></trkpt>
      <trkpt lat="35.500021" lon="138.80052"></trkpt>
      <trkpt lat="35.500164" lon="138.800511"></trkpt>
      <trkpt lat="35.500263" lon="138.800521"></trkpt>
      <trkpt lat="35.500291" lon="138.800543"></trkpt>
      <trkpt lat="35.500298" lon="138.800578"></trkpt>
      <trkpt lat="35.500277" lon="138.800617"></trkpt>
      <trkpt lat="35.500205" lon="138.800647"></trkpt>
      <trkpt lat="35.500118" lon="138.800643"></trkpt>
      <trkpt lat="35.500094" lon="138.800658"></trkpt>
      <trkpt lat="35.50008" lon="138.800683"></trkpt>
      <trkpt lat="35.500082" lon="138.800715"></trkpt>
      <trkpt lat="35.5001" lon="138.80074"></trkpt>
      <trkpt lat="35.500145" lon="138.80075"></trkpt>
      <trkpt lat="35.500221" lon="138.800726"></trkpt>
      <trkpt lat="35.500588" lon="138.800597"></trkpt>
      <trkpt lat="35.500608" lon="138.800598"></trkpt>
      <trkpt lat="35.500622" lon="138.800612"></trkpt>
      <trkpt lat="35.500625" lon="138.800634"></trkpt>
      <trkpt lat="35.500614" lon="138.800669"></trkpt>
      <trkpt lat="35.500441" lon="138.800851"></trkpt>
      <trkpt lat="35.500428" lon="138.800896"></trkpt>
      <trkpt lat="35.50043" lon="138.800934"></trkpt>
      <trkpt lat="35.50045" lon="138.800952"></trkpt>
      <trkpt lat="35.500478" lon="138.800958"></trkpt>
      <trkpt lat="35.500517" lon="138.800949"></trkpt>
      <trkpt lat="35.500561" lon="138.800903"></trkpt>
      <trkpt lat="35.50068" lon="138.800779"></trkpt>
      <trkpt lat="35.500771" lon="138.800711"></trkpt>
      <trkpt lat="35.500839" lon="138.800672"></trkpt>
      <trkpt lat="35.500898" lon="138.800654"></trkpt>
      <trkpt lat="35.500958" lon="138.800656"></trkpt>
      <trkpt lat="35.501024" lon="138.800673"></trkpt>
      <trkpt lat="35.501268" lon="138.800795"></trkpt>
      <trkpt lat="35.501442" lon="138.800943"></trkpt>
      <trkpt lat="35.501493" lon="138.800973"></trkpt>
      <trkpt lat="35.501532" lon="138.800994"></trkpt>
      <trkpt lat="35.501569" lon="138.800999"></trkpt>
      <trkpt lat="35.50159" lon="138.801016"></trkpt>
      <trkpt lat="35.501594" lon="138.801046"></trkpt>
      <trkpt lat="35.501581" lon="138.801073"></trkpt>
      <trkpt lat="35.501561" lon="138.801088"></trkpt>
      <trkpt lat="35.501493" lon="138.801091"></trkpt>
      <trkpt lat="35.501235" lon="138.801022"></trkpt>
      <trkpt lat="35.501097" lon="138.800973"></trkpt>
      <trkpt lat="35.501053" lon="138.800959"></trkpt>
      <trkpt lat="35.501012" lon="138.800978"></trkpt>
      <trkpt lat="35.500974" lon="138.801021"></trkpt>
      <trkpt lat="35.500943" lon="138.801073"></trkpt>
      <trkpt lat="35.500923" lon="138.801145"></trkpt>
      <trkpt lat="35.500919" lon="138.801223"></trkpt>
      <trkpt lat="35.500929" lon="138.80127"></trkpt>
      <trkpt lat="35.500949" lon="138.801313"></trkpt>
      <trkpt lat="35.50104" lon="138.801387"></trkpt>
      <trkpt lat="35.501066" lon="138.801407"></trkpt>
      <trkpt lat="35.501066" lon="138.801407"></trkpt>
      <trkpt lat="35.50104" lon="138.801387"></trkpt>
      <trkpt lat="35.500949" lon="138.801313"></trkpt>
      <trkpt lat="35.500929" lon="138.80127"></trkpt>
      <trkpt lat="35.500919" lon="138.801223"></trkpt>
      <trkpt lat="35.500923" lon="138.801145"></trkpt>
      <trkpt lat="35.500943" lon="138.801073"></trkpt>
      <trkpt lat="35.500974" lon="138.801021"></trkpt>
      <trkpt lat="35.501012" lon="138.800978"></trkpt>
      <trkpt lat="35.501053" lon="138.800959"></trkpt>
      <trkpt lat="35.501097" lon="138.800973"></trkpt>
      <trkpt lat="35.501235" lon="138.801022"></trkpt>
      <trkpt lat="35.501493" lon="138.801091"></trkpt>
      <trkpt lat="35.501561" lon="138.801088"></trkpt>
      <trkpt lat="35.501581" lon="138.801073"></trkpt>
      <trkpt lat="35.501594" lon="138.801046"></trkpt>
      <trkpt lat="35.50159" lon="138.801016"></trkpt>
      <trkpt lat="35.501569" lon="138.800999"></trkpt>
      <trkpt lat="35.501532" lon="138.800994"></trkpt>
      <trkpt lat="35.501493" lon="138.800973"></trkpt>
      <trkpt lat="35.501442" lon="138.800943"></trkpt>
      <trkpt lat="35.501268" lon="138.800795"></trkpt>
      <trkpt lat="35.501024" lon="138.800673"></trkpt>
      <trkpt lat="35.500958" lon="138.800656"></trkpt>
      <trkpt lat="35.500898" lon="138.800654"></trkpt>
      <trkpt lat="35.500839" lon="138.800672"></trkpt>
      <trkpt lat="35.500771" lon="138.800711"></trkpt>
      <trkpt lat="35.50068" lon="138.800779"></trkpt>
      <trkpt lat="35.500561" lon="138.800903"></trkpt>
      <trkpt lat="35.500517" lon="138.800949"></trkpt>
      <trkpt lat="35.500478" lon="138.800958"></trkpt>
      <trkpt lat="35.50045" lon="138.800952"></trkpt>
      <trkpt lat="35.50043" lon="138.800934"></trkpt>
      <trkpt lat="35.500428" lon="138.800896"></trkpt>
      <trkpt lat="35.500441" lon="138.800851"></trkpt>
      <trkpt lat="35.500614" lon="138.800669"></trkpt>
      <trkpt lat="35.500625" lon="138.800634"></trkpt>
      <trkpt lat="35.500622" lon="138.800612"></trkpt>
      <trkpt lat="35.500608" lon="138.800598"></trkpt>
      <trkpt lat="35.500588" lon="138.800597"></trkpt>
      <trkpt lat="35.500221" lon="138.800726"></trkpt>
      <trkpt lat="35.500145" lon="138.80075"></trkpt>
      <trkpt lat="35.5001" lon="138.80074"></trkpt>
      <trkpt lat="35.500082" lon="138.800715"></trkpt>
      <trkpt lat="35.50008" lon="138.800683"></trkpt>
      <trkpt lat="35.500094" lon="138.800658"></trkpt>
      <trkpt lat="35.500118" lon="138.800643"></trkpt>
      <trkpt lat="35.500205" lon="138.800647"></trkpt>
      <trkpt lat="35.500277" lon="138.800617"></trkpt>
      <trkpt lat="35.500298" lon="138.800578"></trkpt>
      <trkpt lat="35.500291" lon="138.800543"></trkpt>
      <trkpt lat="35.500263" lon="138.800521"></trkpt>
      <trkpt lat="35.500164" lon="138.800511"></trkpt>
      <trkpt lat="35.500021" lon="138.80052"></trkpt>
      <trkpt lat="35.499949" lon="138.800533"></trkpt>
      <trkpt lat="35.499841" lon="138.800578"></trkpt>
      <trkpt lat="35.4998" lon="138.800579"></trkpt>
      <trkpt lat="35.499783" lon="138.800554"></trkpt>
      <trkpt lat="35.49978" lon="138.800508"></trkpt>
      <trkpt lat="35.499796" lon="138.800474"></trkpt>
      <trkpt lat="35.500033" lon="138.80034"></trkpt>
      <trkpt lat="35.500095" lon="138.800258"></trkpt>
      <trkpt lat="35.500098" lon="138.80022"></trkpt>
      <trkpt lat="35.500065" lon="138.800151"></trkpt>
      <trkpt lat="35.499921" lon="138.800104"></trkpt>
      <trkpt lat="35.499786" lon="138.800051"></trkpt>
      <trkpt lat="35.499602" lon="138.799944"></trkpt>
      <trkpt lat="35.499561" lon="138.799912"></trkpt>
      <trkpt lat="35.499258" lon="138.79992"></trkpt>
      <trkpt lat="35.499192" lon="138.799915"></trkpt>
      <trkpt lat="35.499178" lon="138.799911"></trkpt>
      <trkpt lat="35.499158" lon="138.799894"></trkpt>
      <trkpt lat="35.499131" lon="138.799857"></trkpt>
      <trkpt lat="35.499088" lon="138.799765"></trkpt>
      <trkpt lat="35.499059" lon="138.7997"></trkpt>
      <trkpt lat="35.499012" lon="138.799677"></trkpt>
      <trkpt lat="35.498896" lon="138.799679"></trkpt>
      <trkpt lat="35.498729" lon="138.799714"></trkpt>
      <trkpt lat="35.498797" lon="138.79941"></trkpt>
      <trkpt lat="35.498845" lon="138.799172"></trkpt>
      <trkpt lat="35.498862" lon="138.798992"></trkpt>
      <trkpt lat="35.498848" lon="138.798842"></trkpt>
      <trkpt lat="35.498838" lon="138.798725"></trkpt>
      <trkpt lat="35.498769" lon="138.798497"></trkpt>
      <trkpt lat="35.498728" lon="138.798361"></trkpt>
      <trkpt lat="35.498755" lon="138.79826"></trkpt>
      <trkpt lat="35.498937" lon="138.798163"></trkpt>
      <trkpt lat="35.499129" lon="138.798114"></trkpt>
      <trkpt lat="35.49925" lon="138.798002"></trkpt>
      <trkpt lat="35.499334" lon="138.79783"></trkpt>
      <trkpt lat="35.499468" lon="138.79776"></trkpt>
      <trkpt lat="35.499467" lon="138.797744"></trkpt>
      <trkpt lat="35.499461" lon="138.797664"></trkpt>
      <trkpt lat="35.499443" lon="138.797391"></trkpt>
      <trkpt lat="35.499438" lon="138.797372"></trkpt>
      <trkpt lat="35.499323" lon="138.796934"></trkpt>
      <trkpt lat="35.499072" lon="138.796533"></trkpt>
      <trkpt lat="35.498709" lon="138.795426"></trkpt>
      <trkpt lat="35.498698" lon="138.795372"></trkpt>
      <trkpt lat="35.498433" lon="138.794104"></trkpt>
      <trkpt lat="35.498372" lon="138.79381"></trkpt>
      <trkpt lat="35.498325" lon="138.793586"></trkpt>
      <trkpt lat="35.4982" lon="138.793093"></trkpt>
      <trkpt lat="35.498082" lon="138.792693"></trkpt>
      <trkpt lat="35.49776" lon="138.791716"></trkpt>
      <trkpt lat="35.498321" lon="138.791533"></trkpt>
      <trkpt lat="35.498771" lon="138.791356"></trkpt>
      <trkpt lat="35.499243" lon="138.791132"></trkpt>
      <trkpt lat="35.500065" lon="138.79068"></trkpt>
      <trkpt lat="35.502672" lon="138.789299"></trkpt>
      <trkpt lat="35.505276" lon="138.78787"></trkpt>
      <trkpt lat="35.514348" lon="138.782932"></trkpt>
      <trkpt lat="35.515794" lon="138.782155"></trkpt>
      <trkpt lat="35.517256" lon="138.781232"></trkpt>
      <trkpt lat="35.518204" lon="138.780356"></trkpt>
      <trkpt lat="35.519044" lon="138.779406"></trkpt>
      <trkpt lat="35.519745" lon="138.778314"></trkpt>
      <trkpt lat="35.520165" lon="138.777576"></trkpt>
      <trkpt lat="35.520223" lon="138.777444"></trkpt>
      <trkpt lat="35.52036" lon="138.777103"></trkpt>
      <trkpt lat="35.520521" lon="138.776705"></trkpt>
      <trkpt lat="35.520578" lon="138.77657"></trkpt>
      <trkpt lat="35.520629" lon="138.776435"></trkpt>
      <trkpt lat="35.520788" lon="138.775978"></trkpt>
      <trkpt lat="35.5209" lon="138.775607"></trkpt>
      <trkpt lat="35.520928" lon="138.775498"></trkpt>
      <trkpt lat="35.520989" lon="138.775262"></trkpt>
      <trkpt lat="35.521557" lon="138.773081"></trkpt>
      <trkpt lat="35.521574" lon="138.773015"></trkpt>
      <trkpt lat="35.521666" lon="138.772663"></trkpt>
      <trkpt lat="35.521743" lon="138.772364"></trkpt>
      <trkpt lat="35.521831" lon="138.771991"></trkpt>
      <trkpt lat="35.521856" lon="138.771862"></trkpt>
      <trkpt lat="35.521871" lon="138.771746"></trkpt>
      <trkpt lat="35.52188" lon="138.771597"></trkpt>
      <trkpt lat="35.521878" lon="138.771479"></trkpt>
      <trkpt lat="35.521872" lon="138.771364"></trkpt>
      <trkpt lat="35.521858" lon="138.771244"></trkpt>
      <trkpt lat="35.521847" lon="138.771183"></trkpt>
      <trkpt lat="35.521838" lon="138.77113"></trkpt>
      <trkpt lat="35.521803" lon="138.770997"></trkpt>
      <trkpt lat="35.521746" lon="138.770831"></trkpt>
      <trkpt lat="35.521658" lon="138.770621"></trkpt>
      <trkpt lat="35.52158" lon="138.770457"></trkpt>
      <trkpt lat="35.521567" lon="138.770434"></trkpt>
      <trkpt lat="35.521504" lon="138.770316"></trkpt>
      <trkpt lat="35.521592" lon="138.770237"></trkpt>
      <trkpt lat="35.521689" lon="138.770149"></trkpt>
      <trkpt lat="35.521727" lon="138.770115"></trkpt>
      <trkpt lat="35.521827" lon="138.770026"></trkpt>
      <trkpt lat="35.52185" lon="138.770007"></trkpt>
      <trkpt lat="35.521892" lon="138.769967"></trkpt>
      <trkpt lat="35.522059" lon="138.769806"></trkpt>
      <trkpt lat="35.522114" lon="138.769755"></trkpt>
      <trkpt lat="35.522173" lon="138.769696"></trkpt>
      <trkpt lat="35.522344" lon="138.769527"></trkpt>
      <trkpt lat="35.522397" lon="138.769477"></trkpt>
      <trkpt lat="35.522597" lon="138.769283"></trkpt>
      <trkpt lat="35.522872" lon="138.769016"></trkpt>
      <trkpt lat="35.52305" lon="138.768838"></trkpt>
      <trkpt lat="35.523129" lon="138.768749"></trkpt>
      <trkpt lat="35.523212" lon="138.768655"></trkpt>
      <trkpt lat="35.523241" lon="138.76862"></trkpt>
      <trkpt lat="35.523274" lon="138.76858"></trkpt>
      <trkpt lat="35.523378" lon="138.768434"></trkpt>
      <trkpt lat="35.523393" lon="138.76841"></trkpt>
      <trkpt lat="35.523464" lon="138.768287"></trkpt>
      <trkpt lat="35.523493" lon="138.768235"></trkpt>
      <trkpt lat="35.523521" lon="138.768161"></trkpt>
      <trkpt lat="35.523566" lon="138.768036"></trkpt>
      <trkpt lat="35.52361" lon="138.767898"></trkpt>
      <trkpt lat="35.523644" lon="138.767778"></trkpt>
      <trkpt lat="35.523655" lon="138.767735"></trkpt>
      <trkpt lat="35.523802" lon="138.767194"></trkpt>
      <trkpt lat="35.52391" lon="138.766815"></trkpt>
      <trkpt lat="35.523932" lon="138.766742"></trkpt>
      <trkpt lat="35.523987" lon="138.766593"></trkpt>
      <trkpt lat="35.524121" lon="138.766259"></trkpt>
      <trkpt lat="35.524261" lon="138.765984"></trkpt>
      <trkpt lat="35.524312" lon="138.765893"></trkpt>
      <trkpt lat="35.524327" lon="138.765864"></trkpt>
      <trkpt lat="35.524412" lon="138.765723"></trkpt>
      <trkpt lat="35.524434" lon="138.765688"></trkpt>
      <trkpt lat="35.5246" lon="138.765374"></trkpt>
      <trkpt lat="35.524652" lon="138.765279"></trkpt>
      <trkpt lat="35.524804" lon="138.764896"></trkpt>
      <trkpt lat="35.524839" lon="138.764742"></trkpt>
      <trkpt lat="35.524879" lon="138.764569"></trkpt>
      <trkpt lat="35.524985" lon="138.763647"></trkpt>
      <trkpt lat="35.524992" lon="138.763578"></trkpt>
      <trkpt lat="35.525027" lon="138.763241"></trkpt>
      <trkpt lat="35.525083" lon="138.762858"></trkpt>
      <trkpt lat="35.525107" lon="138.76274"></trkpt>
      <trkpt lat="35.525127" lon="138.762671"></trkpt>
      <trkpt lat="35.525148" lon="138.762595"></trkpt>
      <trkpt lat="35.525182" lon="138.7625"></trkpt>
      <trkpt lat="35.525228" lon="138.762387"></trkpt>
      <trkpt lat="35.525281" lon="138.76228"></trkpt>
      <trkpt lat="35.525333" lon="138.762192"></trkpt>
      <trkpt lat="35.525399" lon="138.762084"></trkpt>
      <trkpt lat="35.525439" lon="138.76202"></trkpt>
      <trkpt lat="35.525605" lon="138.761789"></trkpt>
      <trkpt lat="35.525635" lon="138.761734"></trkpt>
      <trkpt lat="35.525675" lon="138.761652"></trkpt>
      <trkpt lat="35.525701" lon="138.761577"></trkpt>
      <trkpt lat="35.525724" lon="138.761488"></trkpt>
      <trkpt lat="35.525741" lon="138.761404"></trkpt>
      <trkpt lat="35.525748" lon="138.761312"></trkpt>
      <trkpt lat="35.525821" lon="138.761316"></trkpt>
      <trkpt lat="35.52588" lon="138.761322"></trkpt>
      <trkpt lat="35.52594" lon="138.761336"></trkpt>
      <trkpt lat="35.525979" lon="138.761361"></trkpt>
      <trkpt lat="35.526026" lon="138.761407"></trkpt>
      <trkpt lat="35.526201" lon="138.761592"></trkpt>
      <trkpt lat="35.526258" lon="138.761662"></trkpt>
      <trkpt lat="35.526334" lon="138.761754"></trkpt>
      <trkpt lat="35.52671" lon="138.762168"></trkpt>
      <trkpt lat="35.527033" lon="138.761878"></trkpt>
      <trkpt lat="35.527071" lon="138.761827"></trkpt>
      <trkpt lat="35.527124" lon="138.76175"></trkpt>
      <trkpt lat="35.527169" lon="138.761684"></trkpt>
      <trkpt lat="35.527251" lon="138.761603"></trkpt>
      <trkpt lat="35.527325" lon="138.761551"></trkpt>
      <trkpt lat="35.527388" lon="138.761512"></trkpt>
      <trkpt lat="35.527445" lon="138.761471"></trkpt>
      <trkpt lat="35.527484" lon="138.761429"></trkpt>
      <trkpt lat="35.52751" lon="138.761377"></trkpt>
      <trkpt lat="35.527552" lon="138.761281"></trkpt>
      <trkpt lat="35.527612" lon="138.761115"></trkpt>
      <trkpt lat="35.527659" lon="138.761021"></trkpt>
      <trkpt lat="35.527718" lon="138.760959"></trkpt>
      <trkpt lat="35.527779" lon="138.760903"></trkpt>
      <trkpt lat="35.527817" lon="138.760869"></trkpt>
      <trkpt lat="35.527847" lon="138.760829"></trkpt>
    </trkseg>
  </trk>
</gpx>