<?xml version="1.0" encoding="UTF-8"?>
<gpx version="1.1" creator="TokyoCycling2026" xmlns="http://www.topografix.com/GPX/1/1">
  <metadata>
    <name>Day 9: 海景篇：修善寺 ➔ 避開天城峠 (走冷川峠) ➔ 一碧湖 ➔ 城崎海岸 ➔ 伊東川奈</name>
    <desc>47.9 km | +871m / -931m</desc>
  </metadata>
  <trk>
    <name>Day 9: 海景篇：修善寺 ➔ 避開天城峠 (走冷川峠) ➔ 一碧湖 ➔ 城崎海岸 ➔ 伊東川奈</name>
    <trkseg>
      <trkpt lat="34.970591" lon="138.925881"></trkpt>
      <trkpt lat="34.9706" lon="138.925933"></trkpt>
      <trkpt lat="34.970652" lon="138.926234"></trkpt>
      <trkpt lat="34.970664" lon="138.926343"></trkpt>
      <trkpt lat="34.970666" lon="138.926397"></trkpt>
      <trkpt lat="34.970661" lon="138.926454"></trkpt>
      <trkpt lat="34.970643" lon="138.926573"></trkpt>
      <trkpt lat="34.970627" lon="138.926692"></trkpt>
      <trkpt lat="34.970573" lon="138.927129"></trkpt>
      <trkpt lat="34.970562" lon="138.927219"></trkpt>
      <trkpt lat="34.970545" lon="138.927352"></trkpt>
      <trkpt lat="34.970541" lon="138.927409"></trkpt>
      <trkpt lat="34.970546" lon="138.927467"></trkpt>
      <trkpt lat="34.970664" lon="138.927645"></trkpt>
      <trkpt lat="34.970734" lon="138.92777"></trkpt>
      <trkpt lat="34.970674" lon="138.927816"></trkpt>
      <trkpt lat="34.97056" lon="138.927906"></trkpt>
      <trkpt lat="34.970549" lon="138.927915"></trkpt>
      <trkpt lat="34.970485" lon="138.927969"></trkpt>
      <trkpt lat="34.970425" lon="138.928028"></trkpt>
      <trkpt lat="34.970335" lon="138.928072"></trkpt>
      <trkpt lat="34.970081" lon="138.928093"></trkpt>
      <trkpt lat="34.970109" lon="138.928358"></trkpt>
      <trkpt lat="34.97019" lon="138.928638"></trkpt>
      <trkpt lat="34.970284" lon="138.928831"></trkpt>
      <trkpt lat="34.970362" lon="138.92903"></trkpt>
      <trkpt lat="34.970422" lon="138.929376"></trkpt>
      <trkpt lat="34.970444" lon="138.929572"></trkpt>
      <trkpt lat="34.970512" lon="138.930051"></trkpt>
      <trkpt lat="34.970515" lon="138.930069"></trkpt>
      <trkpt lat="34.97054" lon="138.930183"></trkpt>
      <trkpt lat="34.970624" lon="138.930366"></trkpt>
      <trkpt lat="34.970747" lon="138.930606"></trkpt>
      <trkpt lat="34.970871" lon="138.930875"></trkpt>
      <trkpt lat="34.970901" lon="138.931038"></trkpt>
      <trkpt lat="34.970968" lon="138.931475"></trkpt>
      <trkpt lat="34.971002" lon="138.931537"></trkpt>
      <trkpt lat="34.971009" lon="138.93159"></trkpt>
      <trkpt lat="34.971022" lon="138.93164"></trkpt>
      <trkpt lat="34.971066" lon="138.931808"></trkpt>
      <trkpt lat="34.971098" lon="138.931877"></trkpt>
      <trkpt lat="34.971225" lon="138.932105"></trkpt>
      <trkpt lat="34.971283" lon="138.932247"></trkpt>
      <trkpt lat="34.971324" lon="138.932416"></trkpt>
      <trkpt lat="34.971381" lon="138.932645"></trkpt>
      <trkpt lat="34.971507" lon="138.932933"></trkpt>
      <trkpt lat="34.971589" lon="138.933069"></trkpt>
      <trkpt lat="34.971667" lon="138.933265"></trkpt>
      <trkpt lat="34.971719" lon="138.933424"></trkpt>
      <trkpt lat="34.97173" lon="138.933458"></trkpt>
      <trkpt lat="34.971855" lon="138.933934"></trkpt>
      <trkpt lat="34.971918" lon="138.934078"></trkpt>
      <trkpt lat="34.971991" lon="138.934213"></trkpt>
      <trkpt lat="34.97227" lon="138.934621"></trkpt>
      <trkpt lat="34.972491" lon="138.93495"></trkpt>
      <trkpt lat="34.972591" lon="138.935123"></trkpt>
      <trkpt lat="34.972654" lon="138.935296"></trkpt>
      <trkpt lat="34.972685" lon="138.935397"></trkpt>
      <trkpt lat="34.972712" lon="138.935517"></trkpt>
      <trkpt lat="34.97274" lon="138.935905"></trkpt>
      <trkpt lat="34.972772" lon="138.936103"></trkpt>
      <trkpt lat="34.972812" lon="138.936252"></trkpt>
      <trkpt lat="34.972916" lon="138.93648"></trkpt>
      <trkpt lat="34.973046" lon="138.93678"></trkpt>
      <trkpt lat="34.973148" lon="138.936999"></trkpt>
      <trkpt lat="34.973173" lon="138.937054"></trkpt>
      <trkpt lat="34.973203" lon="138.937148"></trkpt>
      <trkpt lat="34.973202" lon="138.937226"></trkpt>
      <trkpt lat="34.973184" lon="138.937304"></trkpt>
      <trkpt lat="34.973144" lon="138.937391"></trkpt>
      <trkpt lat="34.973082" lon="138.937505"></trkpt>
      <trkpt lat="34.97301" lon="138.937581"></trkpt>
      <trkpt lat="34.972947" lon="138.937605"></trkpt>
      <trkpt lat="34.972865" lon="138.937609"></trkpt>
      <trkpt lat="34.972834" lon="138.93764"></trkpt>
      <trkpt lat="34.972821" lon="138.937685"></trkpt>
      <trkpt lat="34.972822" lon="138.937755"></trkpt>
      <trkpt lat="34.97284" lon="138.937814"></trkpt>
      <trkpt lat="34.97229" lon="138.938246"></trkpt>
      <trkpt lat="34.97128" lon="138.939007"></trkpt>
      <trkpt lat="34.971108" lon="138.939132"></trkpt>
      <trkpt lat="34.970991" lon="138.939195"></trkpt>
      <trkpt lat="34.970883" lon="138.93923"></trkpt>
      <trkpt lat="34.970654" lon="138.93929"></trkpt>
      <trkpt lat="34.9706" lon="138.939382"></trkpt>
      <trkpt lat="34.970482" lon="138.939497"></trkpt>
      <trkpt lat="34.970294" lon="138.939648"></trkpt>
      <trkpt lat="34.970204" lon="138.939703"></trkpt>
      <trkpt lat="34.970141" lon="138.939743"></trkpt>
      <trkpt lat="34.970119" lon="138.93977"></trkpt>
      <trkpt lat="34.970067" lon="138.939896"></trkpt>
      <trkpt lat="34.969997" lon="138.940082"></trkpt>
      <trkpt lat="34.969941" lon="138.940296"></trkpt>
      <trkpt lat="34.969911" lon="138.940434"></trkpt>
      <trkpt lat="34.969766" lon="138.940877"></trkpt>
      <trkpt lat="34.9696" lon="138.941277"></trkpt>
      <trkpt lat="34.969416" lon="138.941686"></trkpt>
      <trkpt lat="34.968937" lon="138.942672"></trkpt>
      <trkpt lat="34.968756" lon="138.942932"></trkpt>
      <trkpt lat="34.968694" lon="138.943079"></trkpt>
      <trkpt lat="34.968651" lon="138.943214"></trkpt>
      <trkpt lat="34.968973" lon="138.943355"></trkpt>
      <trkpt lat="34.969105" lon="138.943435"></trkpt>
      <trkpt lat="34.969209" lon="138.94351"></trkpt>
      <trkpt lat="34.969324" lon="138.943627"></trkpt>
      <trkpt lat="34.970069" lon="138.944808"></trkpt>
      <trkpt lat="34.970154" lon="138.944927"></trkpt>
      <trkpt lat="34.970261" lon="138.945004"></trkpt>
      <trkpt lat="34.970379" lon="138.94506"></trkpt>
      <trkpt lat="34.970591" lon="138.945139"></trkpt>
      <trkpt lat="34.970787" lon="138.945199"></trkpt>
      <trkpt lat="34.971053" lon="138.945237"></trkpt>
      <trkpt lat="34.971158" lon="138.945254"></trkpt>
      <trkpt lat="34.971248" lon="138.94529"></trkpt>
      <trkpt lat="34.971847" lon="138.945555"></trkpt>
      <trkpt lat="34.971681" lon="138.946154"></trkpt>
      <trkpt lat="34.971463" lon="138.946951"></trkpt>
      <trkpt lat="34.971343" lon="138.947426"></trkpt>
      <trkpt lat="34.97126" lon="138.947856"></trkpt>
      <trkpt lat="34.971078" lon="138.949201"></trkpt>
      <trkpt lat="34.97106" lon="138.949328"></trkpt>
      <trkpt lat="34.97101" lon="138.949621"></trkpt>
      <trkpt lat="34.970986" lon="138.949757"></trkpt>
      <trkpt lat="34.970933" lon="138.950127"></trkpt>
      <trkpt lat="34.97089" lon="138.950474"></trkpt>
      <trkpt lat="34.970888" lon="138.950492"></trkpt>
      <trkpt lat="34.970864" lon="138.950759"></trkpt>
      <trkpt lat="34.970863" lon="138.95084"></trkpt>
      <trkpt lat="34.970859" lon="138.951088"></trkpt>
      <trkpt lat="34.970867" lon="138.951443"></trkpt>
      <trkpt lat="34.970894" lon="138.951751"></trkpt>
      <trkpt lat="34.970955" lon="138.952183"></trkpt>
      <trkpt lat="34.971004" lon="138.952484"></trkpt>
      <trkpt lat="34.971043" lon="138.952724"></trkpt>
      <trkpt lat="34.971064" lon="138.952865"></trkpt>
      <trkpt lat="34.971077" lon="138.95308"></trkpt>
      <trkpt lat="34.971074" lon="138.953328"></trkpt>
      <trkpt lat="34.971064" lon="138.953465"></trkpt>
      <trkpt lat="34.971054" lon="138.953599"></trkpt>
      <trkpt lat="34.971049" lon="138.953649"></trkpt>
      <trkpt lat="34.971038" lon="138.953769"></trkpt>
      <trkpt lat="34.971034" lon="138.953812"></trkpt>
      <trkpt lat="34.97101" lon="138.954194"></trkpt>
      <trkpt lat="34.971009" lon="138.954394"></trkpt>
      <trkpt lat="34.971011" lon="138.954584"></trkpt>
      <trkpt lat="34.971014" lon="138.954772"></trkpt>
      <trkpt lat="34.971018" lon="138.95504"></trkpt>
      <trkpt lat="34.971031" lon="138.95557"></trkpt>
      <trkpt lat="34.971029" lon="138.955583"></trkpt>
      <trkpt lat="34.971006" lon="138.955822"></trkpt>
      <trkpt lat="34.970875" lon="138.956821"></trkpt>
      <trkpt lat="34.970873" lon="138.957154"></trkpt>
      <trkpt lat="34.970892" lon="138.957526"></trkpt>
      <trkpt lat="34.970899" lon="138.957648"></trkpt>
      <trkpt lat="34.970937" lon="138.958097"></trkpt>
      <trkpt lat="34.970958" lon="138.958279"></trkpt>
      <trkpt lat="34.970959" lon="138.958298"></trkpt>
      <trkpt lat="34.97096" lon="138.958327"></trkpt>
      <trkpt lat="34.970958" lon="138.958436"></trkpt>
      <trkpt lat="34.970952" lon="138.958569"></trkpt>
      <trkpt lat="34.970934" lon="138.958704"></trkpt>
      <trkpt lat="34.970894" lon="138.959152"></trkpt>
      <trkpt lat="34.970885" lon="138.959254"></trkpt>
      <trkpt lat="34.970886" lon="138.959348"></trkpt>
      <trkpt lat="34.970906" lon="138.959531"></trkpt>
      <trkpt lat="34.970942" lon="138.95986"></trkpt>
      <trkpt lat="34.970945" lon="138.959884"></trkpt>
      <trkpt lat="34.970979" lon="138.960173"></trkpt>
      <trkpt lat="34.970987" lon="138.960279"></trkpt>
      <trkpt lat="34.970989" lon="138.960368"></trkpt>
      <trkpt lat="34.970975" lon="138.960585"></trkpt>
      <trkpt lat="34.97094" lon="138.960869"></trkpt>
      <trkpt lat="34.970923" lon="138.961006"></trkpt>
      <trkpt lat="34.970797" lon="138.962036"></trkpt>
      <trkpt lat="34.970764" lon="138.962397"></trkpt>
      <trkpt lat="34.970752" lon="138.962542"></trkpt>
      <trkpt lat="34.970736" lon="138.962671"></trkpt>
      <trkpt lat="34.970708" lon="138.962779"></trkpt>
      <trkpt lat="34.970647" lon="138.96293"></trkpt>
      <trkpt lat="34.970482" lon="138.963256"></trkpt>
      <trkpt lat="34.970401" lon="138.963402"></trkpt>
      <trkpt lat="34.970231" lon="138.963708"></trkpt>
      <trkpt lat="34.96956" lon="138.964772"></trkpt>
      <trkpt lat="34.969298" lon="138.965167"></trkpt>
      <trkpt lat="34.969141" lon="138.965415"></trkpt>
      <trkpt lat="34.968781" lon="138.965969"></trkpt>
      <trkpt lat="34.96866" lon="138.966154"></trkpt>
      <trkpt lat="34.968623" lon="138.966223"></trkpt>
      <trkpt lat="34.968589" lon="138.96631"></trkpt>
      <trkpt lat="34.968567" lon="138.966384"></trkpt>
      <trkpt lat="34.968406" lon="138.96696"></trkpt>
      <trkpt lat="34.968317" lon="138.967205"></trkpt>
      <trkpt lat="34.968221" lon="138.967467"></trkpt>
      <trkpt lat="34.968512" lon="138.96759"></trkpt>
      <trkpt lat="34.969795" lon="138.968097"></trkpt>
      <trkpt lat="34.970242" lon="138.968276"></trkpt>
      <trkpt lat="34.970335" lon="138.968331"></trkpt>
      <trkpt lat="34.970442" lon="138.968483"></trkpt>
      <trkpt lat="34.970496" lon="138.968593"></trkpt>
      <trkpt lat="34.97059" lon="138.968843"></trkpt>
      <trkpt lat="34.970622" lon="138.968951"></trkpt>
      <trkpt lat="34.970639" lon="138.969065"></trkpt>
      <trkpt lat="34.970636" lon="138.969234"></trkpt>
      <trkpt lat="34.970613" lon="138.969501"></trkpt>
      <trkpt lat="34.970555" lon="138.970419"></trkpt>
      <trkpt lat="34.970523" lon="138.970646"></trkpt>
      <trkpt lat="34.970423" lon="138.97099"></trkpt>
      <trkpt lat="34.970367" lon="138.971142"></trkpt>
      <trkpt lat="34.970318" lon="138.971225"></trkpt>
      <trkpt lat="34.970074" lon="138.971531"></trkpt>
      <trkpt lat="34.969816" lon="138.971792"></trkpt>
      <trkpt lat="34.970242" lon="138.972321"></trkpt>
      <trkpt lat="34.970022" lon="138.972545"></trkpt>
      <trkpt lat="34.969757" lon="138.972762"></trkpt>
      <trkpt lat="34.969506" lon="138.972938"></trkpt>
      <trkpt lat="34.969222" lon="138.973132"></trkpt>
      <trkpt lat="34.968477" lon="138.973641"></trkpt>
      <trkpt lat="34.968426" lon="138.973676"></trkpt>
      <trkpt lat="34.967692" lon="138.974168"></trkpt>
      <trkpt lat="34.967432" lon="138.974359"></trkpt>
      <trkpt lat="34.967257" lon="138.974508"></trkpt>
      <trkpt lat="34.967153" lon="138.97463"></trkpt>
      <trkpt lat="34.967082" lon="138.974757"></trkpt>
      <trkpt lat="34.966935" lon="138.975013"></trkpt>
      <trkpt lat="34.966856" lon="138.975255"></trkpt>
      <trkpt lat="34.966555" lon="138.97688"></trkpt>
      <trkpt lat="34.966386" lon="138.977521"></trkpt>
      <trkpt lat="34.96524" lon="138.981226"></trkpt>
      <trkpt lat="34.964999" lon="138.982007"></trkpt>
      <trkpt lat="34.96492" lon="138.982228"></trkpt>
      <trkpt lat="34.964909" lon="138.982261"></trkpt>
      <trkpt lat="34.964901" lon="138.982282"></trkpt>
      <trkpt lat="34.964709" lon="138.982688"></trkpt>
      <trkpt lat="34.964425" lon="138.98319"></trkpt>
      <trkpt lat="34.964183" lon="138.983616"></trkpt>
      <trkpt lat="34.963884" lon="138.984234"></trkpt>
      <trkpt lat="34.963621" lon="138.984685"></trkpt>
      <trkpt lat="34.963529" lon="138.984886"></trkpt>
      <trkpt lat="34.963467" lon="138.985064"></trkpt>
      <trkpt lat="34.963448" lon="138.98513"></trkpt>
      <trkpt lat="34.963433" lon="138.985184"></trkpt>
      <trkpt lat="34.963315" lon="138.985651"></trkpt>
      <trkpt lat="34.96327" lon="138.985867"></trkpt>
      <trkpt lat="34.963037" lon="138.98689"></trkpt>
      <trkpt lat="34.962972" lon="138.987169"></trkpt>
      <trkpt lat="34.962879" lon="138.987635"></trkpt>
      <trkpt lat="34.962879" lon="138.987666"></trkpt>
      <trkpt lat="34.962878" lon="138.987845"></trkpt>
      <trkpt lat="34.962984" lon="138.989224"></trkpt>
      <trkpt lat="34.962994" lon="138.989327"></trkpt>
      <trkpt lat="34.96303" lon="138.98973"></trkpt>
      <trkpt lat="34.963038" lon="138.989947"></trkpt>
      <trkpt lat="34.963032" lon="138.990196"></trkpt>
      <trkpt lat="34.963029" lon="138.990355"></trkpt>
      <trkpt lat="34.963" lon="138.990481"></trkpt>
      <trkpt lat="34.962936" lon="138.990631"></trkpt>
      <trkpt lat="34.962891" lon="138.990733"></trkpt>
      <trkpt lat="34.96255" lon="138.991497"></trkpt>
      <trkpt lat="34.961828" lon="138.993102"></trkpt>
      <trkpt lat="34.961765" lon="138.993238"></trkpt>
      <trkpt lat="34.961594" lon="138.99361"></trkpt>
      <trkpt lat="34.961528" lon="138.99376"></trkpt>
      <trkpt lat="34.961508" lon="138.993804"></trkpt>
      <trkpt lat="34.96132" lon="138.994233"></trkpt>
      <trkpt lat="34.961073" lon="138.994777"></trkpt>
      <trkpt lat="34.960967" lon="138.994955"></trkpt>
      <trkpt lat="34.960866" lon="138.9951"></trkpt>
      <trkpt lat="34.960761" lon="138.995216"></trkpt>
      <trkpt lat="34.96057" lon="138.995395"></trkpt>
      <trkpt lat="34.960475" lon="138.99548"></trkpt>
      <trkpt lat="34.959856" lon="138.99603"></trkpt>
      <trkpt lat="34.959885" lon="138.996065"></trkpt>
      <trkpt lat="34.959929" lon="138.99612"></trkpt>
      <trkpt lat="34.960045" lon="138.996262"></trkpt>
      <trkpt lat="34.96007" lon="138.996293"></trkpt>
      <trkpt lat="34.96019" lon="138.996372"></trkpt>
      <trkpt lat="34.960265" lon="138.996393"></trkpt>
      <trkpt lat="34.960381" lon="138.996423"></trkpt>
      <trkpt lat="34.960459" lon="138.99645"></trkpt>
      <trkpt lat="34.960528" lon="138.996497"></trkpt>
      <trkpt lat="34.960577" lon="138.996547"></trkpt>
      <trkpt lat="34.960634" lon="138.996632"></trkpt>
      <trkpt lat="34.960701" lon="138.996758"></trkpt>
      <trkpt lat="34.96064" lon="138.996891"></trkpt>
      <trkpt lat="34.960581" lon="138.996999"></trkpt>
      <trkpt lat="34.960493" lon="138.997126"></trkpt>
      <trkpt lat="34.960472" lon="138.997157"></trkpt>
      <trkpt lat="34.960355" lon="138.997355"></trkpt>
      <trkpt lat="34.960303" lon="138.997463"></trkpt>
      <trkpt lat="34.960285" lon="138.997572"></trkpt>
      <trkpt lat="34.96029" lon="138.997682"></trkpt>
      <trkpt lat="34.960311" lon="138.997807"></trkpt>
      <trkpt lat="34.960403" lon="138.998106"></trkpt>
      <trkpt lat="34.960671" lon="138.999018"></trkpt>
      <trkpt lat="34.960867" lon="138.999753"></trkpt>
      <trkpt lat="34.960875" lon="138.999852"></trkpt>
      <trkpt lat="34.960859" lon="138.999971"></trkpt>
      <trkpt lat="34.96081" lon="139.000078"></trkpt>
      <trkpt lat="34.960713" lon="139.000233"></trkpt>
      <trkpt lat="34.960667" lon="139.000288"></trkpt>
      <trkpt lat="34.960607" lon="139.000357"></trkpt>
      <trkpt lat="34.960481" lon="139.000445"></trkpt>
      <trkpt lat="34.959843" lon="139.000833"></trkpt>
      <trkpt lat="34.95881" lon="139.001522"></trkpt>
      <trkpt lat="34.958341" lon="139.001835"></trkpt>
      <trkpt lat="34.958117" lon="139.001991"></trkpt>
      <trkpt lat="34.958027" lon="139.002087"></trkpt>
      <trkpt lat="34.95796" lon="139.002183"></trkpt>
      <trkpt lat="34.957903" lon="139.002301"></trkpt>
      <trkpt lat="34.957818" lon="139.002609"></trkpt>
      <trkpt lat="34.957973" lon="139.002815"></trkpt>
      <trkpt lat="34.957885" lon="139.003216"></trkpt>
      <trkpt lat="34.957797" lon="139.003636"></trkpt>
      <trkpt lat="34.957752" lon="139.003823"></trkpt>
      <trkpt lat="34.957706" lon="139.00394"></trkpt>
      <trkpt lat="34.957677" lon="139.003995"></trkpt>
      <trkpt lat="34.957656" lon="139.004035"></trkpt>
      <trkpt lat="34.957598" lon="139.004115"></trkpt>
      <trkpt lat="34.957509" lon="139.004225"></trkpt>
      <trkpt lat="34.957445" lon="139.004327"></trkpt>
      <trkpt lat="34.957358" lon="139.004516"></trkpt>
      <trkpt lat="34.95728" lon="139.004684"></trkpt>
      <trkpt lat="34.957111" lon="139.005061"></trkpt>
      <trkpt lat="34.957036" lon="139.005219"></trkpt>
      <trkpt lat="34.956958" lon="139.005336"></trkpt>
      <trkpt lat="34.957016" lon="139.005481"></trkpt>
      <trkpt lat="34.957049" lon="139.005551"></trkpt>
      <trkpt lat="34.957049" lon="139.00559"></trkpt>
      <trkpt lat="34.957031" lon="139.005653"></trkpt>
      <trkpt lat="34.956953" lon="139.005924"></trkpt>
      <trkpt lat="34.956919" lon="139.006054"></trkpt>
      <trkpt lat="34.956848" lon="139.006303"></trkpt>
      <trkpt lat="34.956784" lon="139.006693"></trkpt>
      <trkpt lat="34.956774" lon="139.006783"></trkpt>
      <trkpt lat="34.95673" lon="139.007148"></trkpt>
      <trkpt lat="34.95668" lon="139.00748"></trkpt>
      <trkpt lat="34.956648" lon="139.007686"></trkpt>
      <trkpt lat="34.956634" lon="139.007782"></trkpt>
      <trkpt lat="34.956633" lon="139.007937"></trkpt>
      <trkpt lat="34.956654" lon="139.008128"></trkpt>
      <trkpt lat="34.956692" lon="139.008376"></trkpt>
      <trkpt lat="34.956736" lon="139.008534"></trkpt>
      <trkpt lat="34.95679" lon="139.008669"></trkpt>
      <trkpt lat="34.956848" lon="139.008821"></trkpt>
      <trkpt lat="34.956874" lon="139.00894"></trkpt>
      <trkpt lat="34.956878" lon="139.009078"></trkpt>
      <trkpt lat="34.956873" lon="139.009337"></trkpt>
      <trkpt lat="34.956876" lon="139.009406"></trkpt>
      <trkpt lat="34.956899" lon="139.00953"></trkpt>
      <trkpt lat="34.956969" lon="139.009751"></trkpt>
      <trkpt lat="34.957016" lon="139.009844"></trkpt>
      <trkpt lat="34.957122" lon="139.009977"></trkpt>
      <trkpt lat="34.957164" lon="139.010068"></trkpt>
      <trkpt lat="34.957173" lon="139.010132"></trkpt>
      <trkpt lat="34.957152" lon="139.010246"></trkpt>
      <trkpt lat="34.957092" lon="139.01038"></trkpt>
      <trkpt lat="34.957019" lon="139.010524"></trkpt>
      <trkpt lat="34.956979" lon="139.010603"></trkpt>
      <trkpt lat="34.956965" lon="139.010694"></trkpt>
      <trkpt lat="34.956978" lon="139.010792"></trkpt>
      <trkpt lat="34.957013" lon="139.010892"></trkpt>
      <trkpt lat="34.95705" lon="139.01103"></trkpt>
      <trkpt lat="34.957064" lon="139.011285"></trkpt>
      <trkpt lat="34.957101" lon="139.011459"></trkpt>
      <trkpt lat="34.95729" lon="139.011638"></trkpt>
      <trkpt lat="34.957329" lon="139.011748"></trkpt>
      <trkpt lat="34.95741" lon="139.012153"></trkpt>
      <trkpt lat="34.957481" lon="139.012265"></trkpt>
      <trkpt lat="34.95765" lon="139.012514"></trkpt>
      <trkpt lat="34.957803" lon="139.012748"></trkpt>
      <trkpt lat="34.957863" lon="139.01284"></trkpt>
      <trkpt lat="34.958029" lon="139.013048"></trkpt>
      <trkpt lat="34.958161" lon="139.013178"></trkpt>
      <trkpt lat="34.958218" lon="139.013216"></trkpt>
      <trkpt lat="34.958429" lon="139.013349"></trkpt>
      <trkpt lat="34.958688" lon="139.013469"></trkpt>
      <trkpt lat="34.959021" lon="139.013596"></trkpt>
      <trkpt lat="34.959251" lon="139.013708"></trkpt>
      <trkpt lat="34.959359" lon="139.013743"></trkpt>
      <trkpt lat="34.959463" lon="139.013743"></trkpt>
      <trkpt lat="34.95955" lon="139.013712"></trkpt>
      <trkpt lat="34.959609" lon="139.013661"></trkpt>
      <trkpt lat="34.959754" lon="139.013522"></trkpt>
      <trkpt lat="34.960197" lon="139.013255"></trkpt>
      <trkpt lat="34.960298" lon="139.013261"></trkpt>
      <trkpt lat="34.960388" lon="139.013349"></trkpt>
      <trkpt lat="34.960501" lon="139.0137"></trkpt>
      <trkpt lat="34.960538" lon="139.013983"></trkpt>
      <trkpt lat="34.960519" lon="139.014175"></trkpt>
      <trkpt lat="34.960512" lon="139.014389"></trkpt>
      <trkpt lat="34.960576" lon="139.01464"></trkpt>
      <trkpt lat="34.960701" lon="139.014915"></trkpt>
      <trkpt lat="34.960768" lon="139.015092"></trkpt>
      <trkpt lat="34.960771" lon="139.015362"></trkpt>
      <trkpt lat="34.960885" lon="139.015632"></trkpt>
      <trkpt lat="34.960962" lon="139.015871"></trkpt>
      <trkpt lat="34.961013" lon="139.015938"></trkpt>
      <trkpt lat="34.961134" lon="139.016327"></trkpt>
      <trkpt lat="34.961116" lon="139.016407"></trkpt>
      <trkpt lat="34.960998" lon="139.01669"></trkpt>
      <trkpt lat="34.961001" lon="139.016853"></trkpt>
      <trkpt lat="34.961059" lon="139.017574"></trkpt>
      <trkpt lat="34.961041" lon="139.017662"></trkpt>
      <trkpt lat="34.960988" lon="139.017666"></trkpt>
      <trkpt lat="34.960897" lon="139.017618"></trkpt>
      <trkpt lat="34.960814" lon="139.01761"></trkpt>
      <trkpt lat="34.960714" lon="139.017606"></trkpt>
      <trkpt lat="34.960626" lon="139.017606"></trkpt>
      <trkpt lat="34.960249" lon="139.017483"></trkpt>
      <trkpt lat="34.959948" lon="139.017484"></trkpt>
      <trkpt lat="34.959811" lon="139.017519"></trkpt>
      <trkpt lat="34.959668" lon="139.017607"></trkpt>
      <trkpt lat="34.959776" lon="139.017666"></trkpt>
      <trkpt lat="34.960122" lon="139.017838"></trkpt>
      <trkpt lat="34.960178" lon="139.017893"></trkpt>
      <trkpt lat="34.960212" lon="139.017968"></trkpt>
      <trkpt lat="34.960269" lon="139.01818"></trkpt>
      <trkpt lat="34.960353" lon="139.018317"></trkpt>
      <trkpt lat="34.960393" lon="139.018413"></trkpt>
      <trkpt lat="34.960433" lon="139.018549"></trkpt>
      <trkpt lat="34.960379" lon="139.018732"></trkpt>
      <trkpt lat="34.960288" lon="139.019154"></trkpt>
      <trkpt lat="34.960249" lon="139.019336"></trkpt>
      <trkpt lat="34.960241" lon="139.019558"></trkpt>
      <trkpt lat="34.960235" lon="139.019731"></trkpt>
      <trkpt lat="34.960255" lon="139.01993"></trkpt>
      <trkpt lat="34.960255" lon="139.01993"></trkpt>
      <trkpt lat="34.960316" lon="139.020093"></trkpt>
      <trkpt lat="34.960488" lon="139.020559"></trkpt>
      <trkpt lat="34.960543" lon="139.020648"></trkpt>
      <trkpt lat="34.960664" lon="139.020672"></trkpt>
      <trkpt lat="34.960798" lon="139.020691"></trkpt>
      <trkpt lat="34.960854" lon="139.020732"></trkpt>
      <trkpt lat="34.960929" lon="139.020882"></trkpt>
      <trkpt lat="34.961143" lon="139.02122"></trkpt>
      <trkpt lat="34.961407" lon="139.021701"></trkpt>
      <trkpt lat="34.961591" lon="139.022167"></trkpt>
      <trkpt lat="34.961595" lon="139.022255"></trkpt>
      <trkpt lat="34.961544" lon="139.022303"></trkpt>
      <trkpt lat="34.961461" lon="139.022324"></trkpt>
      <trkpt lat="34.961414" lon="139.022292"></trkpt>
      <trkpt lat="34.961341" lon="139.02229"></trkpt>
      <trkpt lat="34.961002" lon="139.022464"></trkpt>
      <trkpt lat="34.960807" lon="139.022497"></trkpt>
      <trkpt lat="34.960776" lon="139.022607"></trkpt>
      <trkpt lat="34.960702" lon="139.022846"></trkpt>
      <trkpt lat="34.960609" lon="139.022871"></trkpt>
      <trkpt lat="34.960511" lon="139.022856"></trkpt>
      <trkpt lat="34.960404" lon="139.022792"></trkpt>
      <trkpt lat="34.960223" lon="139.022894"></trkpt>
      <trkpt lat="34.96006" lon="139.023038"></trkpt>
      <trkpt lat="34.959965" lon="139.023313"></trkpt>
      <trkpt lat="34.959785" lon="139.023655"></trkpt>
      <trkpt lat="34.959639" lon="139.023776"></trkpt>
      <trkpt lat="34.959091" lon="139.023912"></trkpt>
      <trkpt lat="34.958997" lon="139.023958"></trkpt>
      <trkpt lat="34.958916" lon="139.024157"></trkpt>
      <trkpt lat="34.958766" lon="139.024151"></trkpt>
      <trkpt lat="34.958657" lon="139.024225"></trkpt>
      <trkpt lat="34.95858" lon="139.02439"></trkpt>
      <trkpt lat="34.95851" lon="139.02453"></trkpt>
      <trkpt lat="34.958441" lon="139.024573"></trkpt>
      <trkpt lat="34.95834" lon="139.024569"></trkpt>
      <trkpt lat="34.958149" lon="139.02434"></trkpt>
      <trkpt lat="34.958087" lon="139.024286"></trkpt>
      <trkpt lat="34.958033" lon="139.024314"></trkpt>
      <trkpt lat="34.958012" lon="139.024394"></trkpt>
      <trkpt lat="34.958013" lon="139.024662"></trkpt>
      <trkpt lat="34.957993" lon="139.024811"></trkpt>
      <trkpt lat="34.957959" lon="139.024988"></trkpt>
      <trkpt lat="34.957993" lon="139.024811"></trkpt>
      <trkpt lat="34.958013" lon="139.024662"></trkpt>
      <trkpt lat="34.958012" lon="139.024394"></trkpt>
      <trkpt lat="34.958033" lon="139.024314"></trkpt>
      <trkpt lat="34.958087" lon="139.024286"></trkpt>
      <trkpt lat="34.958149" lon="139.02434"></trkpt>
      <trkpt lat="34.95834" lon="139.024569"></trkpt>
      <trkpt lat="34.958441" lon="139.024573"></trkpt>
      <trkpt lat="34.95851" lon="139.02453"></trkpt>
      <trkpt lat="34.95858" lon="139.02439"></trkpt>
      <trkpt lat="34.958657" lon="139.024225"></trkpt>
      <trkpt lat="34.958766" lon="139.024151"></trkpt>
      <trkpt lat="34.958916" lon="139.024157"></trkpt>
      <trkpt lat="34.958997" lon="139.023958"></trkpt>
      <trkpt lat="34.959091" lon="139.023912"></trkpt>
      <trkpt lat="34.959639" lon="139.023776"></trkpt>
      <trkpt lat="34.959785" lon="139.023655"></trkpt>
      <trkpt lat="34.959965" lon="139.023313"></trkpt>
      <trkpt lat="34.96006" lon="139.023038"></trkpt>
      <trkpt lat="34.960223" lon="139.022894"></trkpt>
      <trkpt lat="34.960404" lon="139.022792"></trkpt>
      <trkpt lat="34.960511" lon="139.022856"></trkpt>
      <trkpt lat="34.960609" lon="139.022871"></trkpt>
      <trkpt lat="34.960702" lon="139.022846"></trkpt>
      <trkpt lat="34.960776" lon="139.022607"></trkpt>
      <trkpt lat="34.960807" lon="139.022497"></trkpt>
      <trkpt lat="34.961002" lon="139.022464"></trkpt>
      <trkpt lat="34.961341" lon="139.02229"></trkpt>
      <trkpt lat="34.961414" lon="139.022292"></trkpt>
      <trkpt lat="34.961461" lon="139.022324"></trkpt>
      <trkpt lat="34.961544" lon="139.022303"></trkpt>
      <trkpt lat="34.961595" lon="139.022255"></trkpt>
      <trkpt lat="34.961591" lon="139.022167"></trkpt>
      <trkpt lat="34.961407" lon="139.021701"></trkpt>
      <trkpt lat="34.961143" lon="139.02122"></trkpt>
      <trkpt lat="34.960929" lon="139.020882"></trkpt>
      <trkpt lat="34.960854" lon="139.020732"></trkpt>
      <trkpt lat="34.960798" lon="139.020691"></trkpt>
      <trkpt lat="34.960664" lon="139.020672"></trkpt>
      <trkpt lat="34.960543" lon="139.020648"></trkpt>
      <trkpt lat="34.960488" lon="139.020559"></trkpt>
      <trkpt lat="34.960316" lon="139.020093"></trkpt>
      <trkpt lat="34.960255" lon="139.01993"></trkpt>
      <trkpt lat="34.960235" lon="139.019731"></trkpt>
      <trkpt lat="34.960241" lon="139.019558"></trkpt>
      <trkpt lat="34.960249" lon="139.019336"></trkpt>
      <trkpt lat="34.960288" lon="139.019154"></trkpt>
      <trkpt lat="34.960379" lon="139.018732"></trkpt>
      <trkpt lat="34.960433" lon="139.018549"></trkpt>
      <trkpt lat="34.960393" lon="139.018413"></trkpt>
      <trkpt lat="34.960353" lon="139.018317"></trkpt>
      <trkpt lat="34.960269" lon="139.01818"></trkpt>
      <trkpt lat="34.960212" lon="139.017968"></trkpt>
      <trkpt lat="34.960178" lon="139.017893"></trkpt>
      <trkpt lat="34.960122" lon="139.017838"></trkpt>
      <trkpt lat="34.959776" lon="139.017666"></trkpt>
      <trkpt lat="34.959668" lon="139.017607"></trkpt>
      <trkpt lat="34.959125" lon="139.017599"></trkpt>
      <trkpt lat="34.958883" lon="139.017558"></trkpt>
      <trkpt lat="34.958694" lon="139.017593"></trkpt>
      <trkpt lat="34.958504" lon="139.017642"></trkpt>
      <trkpt lat="34.958369" lon="139.017751"></trkpt>
      <trkpt lat="34.958336" lon="139.017879"></trkpt>
      <trkpt lat="34.958276" lon="139.017956"></trkpt>
      <trkpt lat="34.958179" lon="139.017939"></trkpt>
      <trkpt lat="34.958067" lon="139.017894"></trkpt>
      <trkpt lat="34.957927" lon="139.01784"></trkpt>
      <trkpt lat="34.957833" lon="139.017793"></trkpt>
      <trkpt lat="34.957735" lon="139.017415"></trkpt>
      <trkpt lat="34.957668" lon="139.017268"></trkpt>
      <trkpt lat="34.957391" lon="139.016891"></trkpt>
      <trkpt lat="34.957353" lon="139.016814"></trkpt>
      <trkpt lat="34.957379" lon="139.0166"></trkpt>
      <trkpt lat="34.957356" lon="139.016451"></trkpt>
      <trkpt lat="34.957219" lon="139.016056"></trkpt>
      <trkpt lat="34.957139" lon="139.015936"></trkpt>
      <trkpt lat="34.957051" lon="139.015829"></trkpt>
      <trkpt lat="34.956904" lon="139.015639"></trkpt>
      <trkpt lat="34.956797" lon="139.015426"></trkpt>
      <trkpt lat="34.956729" lon="139.015277"></trkpt>
      <trkpt lat="34.956642" lon="139.015038"></trkpt>
      <trkpt lat="34.956556" lon="139.014827"></trkpt>
      <trkpt lat="34.956516" lon="139.014485"></trkpt>
      <trkpt lat="34.956435" lon="139.014051"></trkpt>
      <trkpt lat="34.956427" lon="139.013919"></trkpt>
      <trkpt lat="34.95646" lon="139.013878"></trkpt>
      <trkpt lat="34.956509" lon="139.01386"></trkpt>
      <trkpt lat="34.956549" lon="139.013895"></trkpt>
      <trkpt lat="34.956678" lon="139.014154"></trkpt>
      <trkpt lat="34.956739" lon="139.014193"></trkpt>
      <trkpt lat="34.956854" lon="139.014193"></trkpt>
      <trkpt lat="34.957003" lon="139.014093"></trkpt>
      <trkpt lat="34.957052" lon="139.014"></trkpt>
      <trkpt lat="34.957044" lon="139.013886"></trkpt>
      <trkpt lat="34.957002" lon="139.013766"></trkpt>
      <trkpt lat="34.956939" lon="139.013474"></trkpt>
      <trkpt lat="34.956861" lon="139.012953"></trkpt>
      <trkpt lat="34.95682" lon="139.01283"></trkpt>
      <trkpt lat="34.956716" lon="139.012648"></trkpt>
      <trkpt lat="34.95667" lon="139.012517"></trkpt>
      <trkpt lat="34.956654" lon="139.012255"></trkpt>
      <trkpt lat="34.956635" lon="139.011917"></trkpt>
      <trkpt lat="34.956591" lon="139.011668"></trkpt>
      <trkpt lat="34.956493" lon="139.011369"></trkpt>
      <trkpt lat="34.956374" lon="139.010954"></trkpt>
      <trkpt lat="34.956271" lon="139.010596"></trkpt>
      <trkpt lat="34.956219" lon="139.010477"></trkpt>
      <trkpt lat="34.956152" lon="139.010394"></trkpt>
      <trkpt lat="34.955955" lon="139.010263"></trkpt>
      <trkpt lat="34.955886" lon="139.010249"></trkpt>
      <trkpt lat="34.955791" lon="139.010252"></trkpt>
      <trkpt lat="34.955439" lon="139.010391"></trkpt>
      <trkpt lat="34.955326" lon="139.010415"></trkpt>
      <trkpt lat="34.955236" lon="139.010401"></trkpt>
      <trkpt lat="34.955078" lon="139.010309"></trkpt>
      <trkpt lat="34.954992" lon="139.010244"></trkpt>
      <trkpt lat="34.954877" lon="139.010036"></trkpt>
      <trkpt lat="34.954629" lon="139.009524"></trkpt>
      <trkpt lat="34.954441" lon="139.009233"></trkpt>
      <trkpt lat="34.954367" lon="139.009091"></trkpt>
      <trkpt lat="34.954304" lon="139.009031"></trkpt>
      <trkpt lat="34.954218" lon="139.008975"></trkpt>
      <trkpt lat="34.954139" lon="139.008948"></trkpt>
      <trkpt lat="34.954107" lon="139.008889"></trkpt>
      <trkpt lat="34.953906" lon="139.008512"></trkpt>
      <trkpt lat="34.953733" lon="139.008159"></trkpt>
      <trkpt lat="34.953658" lon="139.008001"></trkpt>
      <trkpt lat="34.9536" lon="139.007908"></trkpt>
      <trkpt lat="34.953245" lon="139.007654"></trkpt>
      <trkpt lat="34.953111" lon="139.007842"></trkpt>
      <trkpt lat="34.952965" lon="139.007972"></trkpt>
      <trkpt lat="34.952864" lon="139.008003"></trkpt>
      <trkpt lat="34.952774" lon="139.00803"></trkpt>
      <trkpt lat="34.95265" lon="139.008003"></trkpt>
      <trkpt lat="34.952323" lon="139.007939"></trkpt>
      <trkpt lat="34.952121" lon="139.007781"></trkpt>
      <trkpt lat="34.952065" lon="139.007765"></trkpt>
      <trkpt lat="34.952012" lon="139.007783"></trkpt>
      <trkpt lat="34.95169" lon="139.008037"></trkpt>
      <trkpt lat="34.951499" lon="139.008172"></trkpt>
      <trkpt lat="34.951404" lon="139.008186"></trkpt>
      <trkpt lat="34.951401" lon="139.008392"></trkpt>
      <trkpt lat="34.951444" lon="139.008689"></trkpt>
      <trkpt lat="34.951509" lon="139.00895"></trkpt>
      <trkpt lat="34.951614" lon="139.009363"></trkpt>
      <trkpt lat="34.951617" lon="139.009416"></trkpt>
      <trkpt lat="34.951609" lon="139.009465"></trkpt>
      <trkpt lat="34.951592" lon="139.0095"></trkpt>
      <trkpt lat="34.951559" lon="139.009543"></trkpt>
      <trkpt lat="34.951508" lon="139.009557"></trkpt>
      <trkpt lat="34.951469" lon="139.00955"></trkpt>
      <trkpt lat="34.951317" lon="139.009521"></trkpt>
      <trkpt lat="34.951211" lon="139.010186"></trkpt>
      <trkpt lat="34.951129" lon="139.010717"></trkpt>
      <trkpt lat="34.951043" lon="139.011295"></trkpt>
      <trkpt lat="34.950988" lon="139.011526"></trkpt>
      <trkpt lat="34.950961" lon="139.011629"></trkpt>
      <trkpt lat="34.950914" lon="139.01175"></trkpt>
      <trkpt lat="34.950576" lon="139.012426"></trkpt>
      <trkpt lat="34.950417" lon="139.012744"></trkpt>
      <trkpt lat="34.950242" lon="139.013081"></trkpt>
      <trkpt lat="34.950131" lon="139.013318"></trkpt>
      <trkpt lat="34.950004" lon="139.013621"></trkpt>
      <trkpt lat="34.94988" lon="139.01393"></trkpt>
      <trkpt lat="34.949811" lon="139.014128"></trkpt>
      <trkpt lat="34.949692" lon="139.01452"></trkpt>
      <trkpt lat="34.948939" lon="139.017487"></trkpt>
      <trkpt lat="34.9489" lon="139.017649"></trkpt>
      <trkpt lat="34.948855" lon="139.017804"></trkpt>
      <trkpt lat="34.948805" lon="139.017936"></trkpt>
      <trkpt lat="34.948754" lon="139.01804"></trkpt>
      <trkpt lat="34.948605" lon="139.018313"></trkpt>
      <trkpt lat="34.948419" lon="139.018637"></trkpt>
      <trkpt lat="34.948313" lon="139.018832"></trkpt>
      <trkpt lat="34.948265" lon="139.018933"></trkpt>
      <trkpt lat="34.948231" lon="139.019031"></trkpt>
      <trkpt lat="34.948195" lon="139.019194"></trkpt>
      <trkpt lat="34.948185" lon="139.019369"></trkpt>
      <trkpt lat="34.948183" lon="139.020196"></trkpt>
      <trkpt lat="34.948169" lon="139.020332"></trkpt>
      <trkpt lat="34.948153" lon="139.020411"></trkpt>
      <trkpt lat="34.948136" lon="139.020469"></trkpt>
      <trkpt lat="34.947595" lon="139.02189"></trkpt>
      <trkpt lat="34.947532" lon="139.022068"></trkpt>
      <trkpt lat="34.947488" lon="139.022262"></trkpt>
      <trkpt lat="34.94747" lon="139.022422"></trkpt>
      <trkpt lat="34.947458" lon="139.022626"></trkpt>
      <trkpt lat="34.94746" lon="139.022755"></trkpt>
      <trkpt lat="34.947467" lon="139.0229"></trkpt>
      <trkpt lat="34.947516" lon="139.023122"></trkpt>
      <trkpt lat="34.9477" lon="139.023804"></trkpt>
      <trkpt lat="34.947743" lon="139.024052"></trkpt>
      <trkpt lat="34.94776" lon="139.024274"></trkpt>
      <trkpt lat="34.947745" lon="139.024531"></trkpt>
      <trkpt lat="34.947724" lon="139.024627"></trkpt>
      <trkpt lat="34.947711" lon="139.024669"></trkpt>
      <trkpt lat="34.947695" lon="139.024722"></trkpt>
      <trkpt lat="34.947517" lon="139.025058"></trkpt>
      <trkpt lat="34.947352" lon="139.025368"></trkpt>
      <trkpt lat="34.947073" lon="139.025863"></trkpt>
      <trkpt lat="34.946786" lon="139.0264"></trkpt>
      <trkpt lat="34.946537" lon="139.026864"></trkpt>
      <trkpt lat="34.946381" lon="139.027223"></trkpt>
      <trkpt lat="34.946279" lon="139.027532"></trkpt>
      <trkpt lat="34.946245" lon="139.027632"></trkpt>
      <trkpt lat="34.946221" lon="139.027714"></trkpt>
      <trkpt lat="34.946065" lon="139.028197"></trkpt>
      <trkpt lat="34.945999" lon="139.028403"></trkpt>
      <trkpt lat="34.945958" lon="139.028532"></trkpt>
      <trkpt lat="34.945946" lon="139.028647"></trkpt>
      <trkpt lat="34.945947" lon="139.028691"></trkpt>
      <trkpt lat="34.945958" lon="139.028729"></trkpt>
      <trkpt lat="34.945969" lon="139.028766"></trkpt>
      <trkpt lat="34.945984" lon="139.028792"></trkpt>
      <trkpt lat="34.946021" lon="139.028844"></trkpt>
      <trkpt lat="34.946052" lon="139.028879"></trkpt>
      <trkpt lat="34.946154" lon="139.028978"></trkpt>
      <trkpt lat="34.946365" lon="139.029165"></trkpt>
      <trkpt lat="34.946423" lon="139.029225"></trkpt>
      <trkpt lat="34.9465" lon="139.02932"></trkpt>
      <trkpt lat="34.946555" lon="139.029426"></trkpt>
      <trkpt lat="34.946689" lon="139.029668"></trkpt>
      <trkpt lat="34.946809" lon="139.029892"></trkpt>
      <trkpt lat="34.946869" lon="139.02997"></trkpt>
      <trkpt lat="34.946917" lon="139.030006"></trkpt>
      <trkpt lat="34.947051" lon="139.030083"></trkpt>
      <trkpt lat="34.947287" lon="139.030193"></trkpt>
      <trkpt lat="34.947391" lon="139.030244"></trkpt>
      <trkpt lat="34.947477" lon="139.030296"></trkpt>
      <trkpt lat="34.947556" lon="139.030369"></trkpt>
      <trkpt lat="34.947639" lon="139.030464"></trkpt>
      <trkpt lat="34.947729" lon="139.030591"></trkpt>
      <trkpt lat="34.947876" lon="139.030798"></trkpt>
      <trkpt lat="34.948031" lon="139.030993"></trkpt>
      <trkpt lat="34.948318" lon="139.031374"></trkpt>
      <trkpt lat="34.948365" lon="139.03146"></trkpt>
      <trkpt lat="34.948399" lon="139.031552"></trkpt>
      <trkpt lat="34.948413" lon="139.031611"></trkpt>
      <trkpt lat="34.948507" lon="139.031974"></trkpt>
      <trkpt lat="34.948589" lon="139.032278"></trkpt>
      <trkpt lat="34.948625" lon="139.032409"></trkpt>
      <trkpt lat="34.948659" lon="139.032501"></trkpt>
      <trkpt lat="34.948727" lon="139.032618"></trkpt>
      <trkpt lat="34.948804" lon="139.03271"></trkpt>
      <trkpt lat="34.948965" lon="139.032929"></trkpt>
      <trkpt lat="34.94907" lon="139.033107"></trkpt>
      <trkpt lat="34.949175" lon="139.03333"></trkpt>
      <trkpt lat="34.949269" lon="139.033515"></trkpt>
      <trkpt lat="34.949337" lon="139.033673"></trkpt>
      <trkpt lat="34.949365" lon="139.033768"></trkpt>
      <trkpt lat="34.949393" lon="139.033927"></trkpt>
      <trkpt lat="34.949418" lon="139.034161"></trkpt>
      <trkpt lat="34.949445" lon="139.034317"></trkpt>
      <trkpt lat="34.949513" lon="139.034606"></trkpt>
      <trkpt lat="34.949589" lon="139.034891"></trkpt>
      <trkpt lat="34.94963" lon="139.035027"></trkpt>
      <trkpt lat="34.949659" lon="139.035108"></trkpt>
      <trkpt lat="34.949696" lon="139.035167"></trkpt>
      <trkpt lat="34.949741" lon="139.035223"></trkpt>
      <trkpt lat="34.949968" lon="139.03544"></trkpt>
      <trkpt lat="34.950142" lon="139.035606"></trkpt>
      <trkpt lat="34.950195" lon="139.035649"></trkpt>
      <trkpt lat="34.950265" lon="139.03569"></trkpt>
      <trkpt lat="34.950453" lon="139.035762"></trkpt>
      <trkpt lat="34.950533" lon="139.035789"></trkpt>
      <trkpt lat="34.950794" lon="139.035848"></trkpt>
      <trkpt lat="34.951174" lon="139.035936"></trkpt>
      <trkpt lat="34.951436" lon="139.036001"></trkpt>
      <trkpt lat="34.951576" lon="139.036048"></trkpt>
      <trkpt lat="34.95172" lon="139.036106"></trkpt>
      <trkpt lat="34.951788" lon="139.036145"></trkpt>
      <trkpt lat="34.95187" lon="139.036217"></trkpt>
      <trkpt lat="34.95192" lon="139.036268"></trkpt>
      <trkpt lat="34.951975" lon="139.036378"></trkpt>
      <trkpt lat="34.952012" lon="139.036496"></trkpt>
      <trkpt lat="34.952069" lon="139.036681"></trkpt>
      <trkpt lat="34.952108" lon="139.036826"></trkpt>
      <trkpt lat="34.952146" lon="139.036974"></trkpt>
      <trkpt lat="34.952184" lon="139.037074"></trkpt>
      <trkpt lat="34.952253" lon="139.037184"></trkpt>
      <trkpt lat="34.952366" lon="139.03732"></trkpt>
      <trkpt lat="34.952448" lon="139.037411"></trkpt>
      <trkpt lat="34.952516" lon="139.037527"></trkpt>
      <trkpt lat="34.952549" lon="139.03761"></trkpt>
      <trkpt lat="34.952612" lon="139.037818"></trkpt>
      <trkpt lat="34.952737" lon="139.038298"></trkpt>
      <trkpt lat="34.952806" lon="139.038576"></trkpt>
      <trkpt lat="34.952849" lon="139.038725"></trkpt>
      <trkpt lat="34.952927" lon="139.038991"></trkpt>
      <trkpt lat="34.952995" lon="139.039232"></trkpt>
      <trkpt lat="34.953013" lon="139.039315"></trkpt>
      <trkpt lat="34.953031" lon="139.039499"></trkpt>
      <trkpt lat="34.953042" lon="139.039632"></trkpt>
      <trkpt lat="34.953056" lon="139.039707"></trkpt>
      <trkpt lat="34.95309" lon="139.039781"></trkpt>
      <trkpt lat="34.953124" lon="139.039849"></trkpt>
      <trkpt lat="34.95314" lon="139.039908"></trkpt>
      <trkpt lat="34.95315" lon="139.039989"></trkpt>
      <trkpt lat="34.953145" lon="139.040075"></trkpt>
      <trkpt lat="34.95314" lon="139.040168"></trkpt>
      <trkpt lat="34.953145" lon="139.040216"></trkpt>
      <trkpt lat="34.953165" lon="139.040265"></trkpt>
      <trkpt lat="34.953207" lon="139.040349"></trkpt>
      <trkpt lat="34.953258" lon="139.040443"></trkpt>
      <trkpt lat="34.953312" lon="139.040547"></trkpt>
      <trkpt lat="34.95338" lon="139.040703"></trkpt>
      <trkpt lat="34.953424" lon="139.040817"></trkpt>
      <trkpt lat="34.95344" lon="139.040862"></trkpt>
      <trkpt lat="34.953459" lon="139.040901"></trkpt>
      <trkpt lat="34.953477" lon="139.040917"></trkpt>
      <trkpt lat="34.953501" lon="139.040926"></trkpt>
      <trkpt lat="34.953626" lon="139.04095"></trkpt>
      <trkpt lat="34.953787" lon="139.040984"></trkpt>
      <trkpt lat="34.95381" lon="139.040998"></trkpt>
      <trkpt lat="34.953825" lon="139.041016"></trkpt>
      <trkpt lat="34.953833" lon="139.041052"></trkpt>
      <trkpt lat="34.953827" lon="139.041117"></trkpt>
      <trkpt lat="34.953816" lon="139.041155"></trkpt>
      <trkpt lat="34.953801" lon="139.041176"></trkpt>
      <trkpt lat="34.953783" lon="139.04119"></trkpt>
      <trkpt lat="34.953758" lon="139.041196"></trkpt>
      <trkpt lat="34.953716" lon="139.041205"></trkpt>
      <trkpt lat="34.95363" lon="139.04121"></trkpt>
      <trkpt lat="34.953543" lon="139.041215"></trkpt>
      <trkpt lat="34.953504" lon="139.04122"></trkpt>
      <trkpt lat="34.953477" lon="139.04123"></trkpt>
      <trkpt lat="34.953456" lon="139.041243"></trkpt>
      <trkpt lat="34.953449" lon="139.041259"></trkpt>
      <trkpt lat="34.953443" lon="139.041288"></trkpt>
      <trkpt lat="34.953424" lon="139.041403"></trkpt>
      <trkpt lat="34.953403" lon="139.041556"></trkpt>
      <trkpt lat="34.953401" lon="139.041642"></trkpt>
      <trkpt lat="34.953411" lon="139.041724"></trkpt>
      <trkpt lat="34.953446" lon="139.041865"></trkpt>
      <trkpt lat="34.953459" lon="139.041961"></trkpt>
      <trkpt lat="34.953458" lon="139.042061"></trkpt>
      <trkpt lat="34.953449" lon="139.042144"></trkpt>
      <trkpt lat="34.953436" lon="139.042212"></trkpt>
      <trkpt lat="34.953413" lon="139.042283"></trkpt>
      <trkpt lat="34.953382" lon="139.042376"></trkpt>
      <trkpt lat="34.953329" lon="139.042591"></trkpt>
      <trkpt lat="34.95331" lon="139.042693"></trkpt>
      <trkpt lat="34.95331" lon="139.042805"></trkpt>
      <trkpt lat="34.953323" lon="139.042917"></trkpt>
      <trkpt lat="34.953356" lon="139.043074"></trkpt>
      <trkpt lat="34.95338" lon="139.043116"></trkpt>
      <trkpt lat="34.95341" lon="139.043135"></trkpt>
      <trkpt lat="34.953462" lon="139.043144"></trkpt>
      <trkpt lat="34.953558" lon="139.043153"></trkpt>
      <trkpt lat="34.954122" lon="139.043189"></trkpt>
      <trkpt lat="34.954188" lon="139.0432"></trkpt>
      <trkpt lat="34.954225" lon="139.043215"></trkpt>
      <trkpt lat="34.95425" lon="139.043238"></trkpt>
      <trkpt lat="34.954269" lon="139.043286"></trkpt>
      <trkpt lat="34.95427" lon="139.043336"></trkpt>
      <trkpt lat="34.954252" lon="139.043382"></trkpt>
      <trkpt lat="34.954228" lon="139.043423"></trkpt>
      <trkpt lat="34.954196" lon="139.043458"></trkpt>
      <trkpt lat="34.954151" lon="139.043477"></trkpt>
      <trkpt lat="34.954079" lon="139.043506"></trkpt>
      <trkpt lat="34.953744" lon="139.043612"></trkpt>
      <trkpt lat="34.953704" lon="139.043637"></trkpt>
      <trkpt lat="34.953674" lon="139.043682"></trkpt>
      <trkpt lat="34.953663" lon="139.043736"></trkpt>
      <trkpt lat="34.953665" lon="139.043796"></trkpt>
      <trkpt lat="34.953695" lon="139.043883"></trkpt>
      <trkpt lat="34.953778" lon="139.044119"></trkpt>
      <trkpt lat="34.953849" lon="139.044351"></trkpt>
      <trkpt lat="34.953894" lon="139.04453"></trkpt>
      <trkpt lat="34.953905" lon="139.044628"></trkpt>
      <trkpt lat="34.953927" lon="139.04482"></trkpt>
      <trkpt lat="34.953953" lon="139.044988"></trkpt>
      <trkpt lat="34.953979" lon="139.045113"></trkpt>
      <trkpt lat="34.953989" lon="139.045172"></trkpt>
      <trkpt lat="34.954007" lon="139.045238"></trkpt>
      <trkpt lat="34.954012" lon="139.045273"></trkpt>
      <trkpt lat="34.954007" lon="139.045315"></trkpt>
      <trkpt lat="34.953986" lon="139.045373"></trkpt>
      <trkpt lat="34.953947" lon="139.045495"></trkpt>
      <trkpt lat="34.953941" lon="139.045546"></trkpt>
      <trkpt lat="34.95395" lon="139.045645"></trkpt>
      <trkpt lat="34.953987" lon="139.045752"></trkpt>
      <trkpt lat="34.954026" lon="139.045845"></trkpt>
      <trkpt lat="34.954089" lon="139.045971"></trkpt>
      <trkpt lat="34.954152" lon="139.046094"></trkpt>
      <trkpt lat="34.954202" lon="139.046162"></trkpt>
      <trkpt lat="34.954263" lon="139.046233"></trkpt>
      <trkpt lat="34.954319" lon="139.04629"></trkpt>
      <trkpt lat="34.954403" lon="139.046352"></trkpt>
      <trkpt lat="34.954482" lon="139.046393"></trkpt>
      <trkpt lat="34.954619" lon="139.046445"></trkpt>
      <trkpt lat="34.954657" lon="139.046466"></trkpt>
      <trkpt lat="34.954692" lon="139.046498"></trkpt>
      <trkpt lat="34.954708" lon="139.04652"></trkpt>
      <trkpt lat="34.954722" lon="139.046543"></trkpt>
      <trkpt lat="34.954723" lon="139.046589"></trkpt>
      <trkpt lat="34.954713" lon="139.04664"></trkpt>
      <trkpt lat="34.954683" lon="139.046708"></trkpt>
      <trkpt lat="34.954643" lon="139.046781"></trkpt>
      <trkpt lat="34.954617" lon="139.046845"></trkpt>
      <trkpt lat="34.954609" lon="139.046895"></trkpt>
      <trkpt lat="34.95461" lon="139.047036"></trkpt>
      <trkpt lat="34.954617" lon="139.047185"></trkpt>
      <trkpt lat="34.954634" lon="139.04734"></trkpt>
      <trkpt lat="34.954668" lon="139.047601"></trkpt>
      <trkpt lat="34.95468" lon="139.047702"></trkpt>
      <trkpt lat="34.954688" lon="139.047877"></trkpt>
      <trkpt lat="34.954695" lon="139.048"></trkpt>
      <trkpt lat="34.95471" lon="139.048107"></trkpt>
      <trkpt lat="34.954732" lon="139.048171"></trkpt>
      <trkpt lat="34.954766" lon="139.048231"></trkpt>
      <trkpt lat="34.95484" lon="139.048316"></trkpt>
      <trkpt lat="34.954923" lon="139.04839"></trkpt>
      <trkpt lat="34.95496" lon="139.048441"></trkpt>
      <trkpt lat="34.954971" lon="139.048498"></trkpt>
      <trkpt lat="34.954957" lon="139.048559"></trkpt>
      <trkpt lat="34.954926" lon="139.048643"></trkpt>
      <trkpt lat="34.954909" lon="139.048731"></trkpt>
      <trkpt lat="34.954912" lon="139.048797"></trkpt>
      <trkpt lat="34.954918" lon="139.04893"></trkpt>
      <trkpt lat="34.95493" lon="139.049086"></trkpt>
      <trkpt lat="34.954925" lon="139.049176"></trkpt>
      <trkpt lat="34.954915" lon="139.049244"></trkpt>
      <trkpt lat="34.954901" lon="139.0493"></trkpt>
      <trkpt lat="34.954887" lon="139.049404"></trkpt>
      <trkpt lat="34.954889" lon="139.049486"></trkpt>
      <trkpt lat="34.954901" lon="139.049545"></trkpt>
      <trkpt lat="34.954923" lon="139.049597"></trkpt>
      <trkpt lat="34.954955" lon="139.04965"></trkpt>
      <trkpt lat="34.955005" lon="139.049715"></trkpt>
      <trkpt lat="34.955134" lon="139.049854"></trkpt>
      <trkpt lat="34.955292" lon="139.049986"></trkpt>
      <trkpt lat="34.955418" lon="139.050104"></trkpt>
      <trkpt lat="34.955472" lon="139.050172"></trkpt>
      <trkpt lat="34.955598" lon="139.050362"></trkpt>
      <trkpt lat="34.955684" lon="139.050513"></trkpt>
      <trkpt lat="34.955749" lon="139.050602"></trkpt>
      <trkpt lat="34.955809" lon="139.050676"></trkpt>
      <trkpt lat="34.955855" lon="139.050725"></trkpt>
      <trkpt lat="34.956056" lon="139.05086"></trkpt>
      <trkpt lat="34.956108" lon="139.050888"></trkpt>
      <trkpt lat="34.95616" lon="139.05094"></trkpt>
      <trkpt lat="34.956185" lon="139.050997"></trkpt>
      <trkpt lat="34.956189" lon="139.051029"></trkpt>
      <trkpt lat="34.956185" lon="139.051068"></trkpt>
      <trkpt lat="34.95616" lon="139.05112"></trkpt>
      <trkpt lat="34.956128" lon="139.051149"></trkpt>
      <trkpt lat="34.956112" lon="139.051161"></trkpt>
      <trkpt lat="34.956088" lon="139.05117"></trkpt>
      <trkpt lat="34.956019" lon="139.051176"></trkpt>
      <trkpt lat="34.95597" lon="139.051177"></trkpt>
      <trkpt lat="34.955804" lon="139.051157"></trkpt>
      <trkpt lat="34.95572" lon="139.05115"></trkpt>
      <trkpt lat="34.955668" lon="139.051163"></trkpt>
      <trkpt lat="34.955628" lon="139.051182"></trkpt>
      <trkpt lat="34.955599" lon="139.051216"></trkpt>
      <trkpt lat="34.955581" lon="139.05128"></trkpt>
      <trkpt lat="34.95554" lon="139.051444"></trkpt>
      <trkpt lat="34.955512" lon="139.051545"></trkpt>
      <trkpt lat="34.955487" lon="139.051583"></trkpt>
      <trkpt lat="34.955454" lon="139.051597"></trkpt>
      <trkpt lat="34.955413" lon="139.051602"></trkpt>
      <trkpt lat="34.955391" lon="139.051597"></trkpt>
      <trkpt lat="34.955364" lon="139.051585"></trkpt>
      <trkpt lat="34.955333" lon="139.051543"></trkpt>
      <trkpt lat="34.955324" lon="139.0515"></trkpt>
      <trkpt lat="34.955321" lon="139.051382"></trkpt>
      <trkpt lat="34.955315" lon="139.051243"></trkpt>
      <trkpt lat="34.955282" lon="139.051107"></trkpt>
      <trkpt lat="34.955243" lon="139.051021"></trkpt>
      <trkpt lat="34.955208" lon="139.050968"></trkpt>
      <trkpt lat="34.955175" lon="139.050941"></trkpt>
      <trkpt lat="34.955148" lon="139.050937"></trkpt>
      <trkpt lat="34.955123" lon="139.050933"></trkpt>
      <trkpt lat="34.955075" lon="139.050939"></trkpt>
      <trkpt lat="34.955036" lon="139.05096"></trkpt>
      <trkpt lat="34.955018" lon="139.050982"></trkpt>
      <trkpt lat="34.95496" lon="139.051073"></trkpt>
      <trkpt lat="34.954838" lon="139.051285"></trkpt>
      <trkpt lat="34.954785" lon="139.051372"></trkpt>
      <trkpt lat="34.954711" lon="139.051463"></trkpt>
      <trkpt lat="34.9546" lon="139.051599"></trkpt>
      <trkpt lat="34.95454" lon="139.051662"></trkpt>
      <trkpt lat="34.954507" lon="139.051686"></trkpt>
      <trkpt lat="34.954466" lon="139.051693"></trkpt>
      <trkpt lat="34.95445" lon="139.051689"></trkpt>
      <trkpt lat="34.954434" lon="139.051681"></trkpt>
      <trkpt lat="34.954412" lon="139.05166"></trkpt>
      <trkpt lat="34.954402" lon="139.051623"></trkpt>
      <trkpt lat="34.954405" lon="139.051576"></trkpt>
      <trkpt lat="34.954432" lon="139.05144"></trkpt>
      <trkpt lat="34.954452" lon="139.051338"></trkpt>
      <trkpt lat="34.954457" lon="139.051291"></trkpt>
      <trkpt lat="34.954455" lon="139.051258"></trkpt>
      <trkpt lat="34.954448" lon="139.051228"></trkpt>
      <trkpt lat="34.954428" lon="139.051169"></trkpt>
      <trkpt lat="34.954387" lon="139.05111"></trkpt>
      <trkpt lat="34.954354" lon="139.051077"></trkpt>
      <trkpt lat="34.954328" lon="139.051064"></trkpt>
      <trkpt lat="34.95431" lon="139.051065"></trkpt>
      <trkpt lat="34.95427" lon="139.051076"></trkpt>
      <trkpt lat="34.954167" lon="139.051132"></trkpt>
      <trkpt lat="34.954073" lon="139.0512"></trkpt>
      <trkpt lat="34.953985" lon="139.051275"></trkpt>
      <trkpt lat="34.95394" lon="139.051328"></trkpt>
      <trkpt lat="34.953896" lon="139.051406"></trkpt>
      <trkpt lat="34.953885" lon="139.051457"></trkpt>
      <trkpt lat="34.953884" lon="139.051542"></trkpt>
      <trkpt lat="34.953894" lon="139.051618"></trkpt>
      <trkpt lat="34.953917" lon="139.051722"></trkpt>
      <trkpt lat="34.953956" lon="139.051857"></trkpt>
      <trkpt lat="34.953988" lon="139.05197"></trkpt>
      <trkpt lat="34.954011" lon="139.052042"></trkpt>
      <trkpt lat="34.954017" lon="139.052097"></trkpt>
      <trkpt lat="34.954008" lon="139.052124"></trkpt>
      <trkpt lat="34.953996" lon="139.05214"></trkpt>
      <trkpt lat="34.953981" lon="139.052147"></trkpt>
      <trkpt lat="34.953926" lon="139.052145"></trkpt>
      <trkpt lat="34.953849" lon="139.052133"></trkpt>
      <trkpt lat="34.953772" lon="139.052114"></trkpt>
      <trkpt lat="34.953733" lon="139.052109"></trkpt>
      <trkpt lat="34.953687" lon="139.052116"></trkpt>
      <trkpt lat="34.953652" lon="139.052151"></trkpt>
      <trkpt lat="34.953616" lon="139.052211"></trkpt>
      <trkpt lat="34.953583" lon="139.052275"></trkpt>
      <trkpt lat="34.953559" lon="139.052346"></trkpt>
      <trkpt lat="34.953556" lon="139.05241"></trkpt>
      <trkpt lat="34.953592" lon="139.052562"></trkpt>
      <trkpt lat="34.953677" lon="139.052813"></trkpt>
      <trkpt lat="34.953754" lon="139.053053"></trkpt>
      <trkpt lat="34.953797" lon="139.05316"></trkpt>
      <trkpt lat="34.953847" lon="139.053241"></trkpt>
      <trkpt lat="34.953886" lon="139.053317"></trkpt>
      <trkpt lat="34.953889" lon="139.053367"></trkpt>
      <trkpt lat="34.953877" lon="139.053413"></trkpt>
      <trkpt lat="34.953847" lon="139.053452"></trkpt>
      <trkpt lat="34.953814" lon="139.053476"></trkpt>
      <trkpt lat="34.953717" lon="139.053541"></trkpt>
      <trkpt lat="34.953684" lon="139.053564"></trkpt>
      <trkpt lat="34.953652" lon="139.053583"></trkpt>
      <trkpt lat="34.953614" lon="139.053595"></trkpt>
      <trkpt lat="34.953552" lon="139.053587"></trkpt>
      <trkpt lat="34.953504" lon="139.053557"></trkpt>
      <trkpt lat="34.953465" lon="139.053503"></trkpt>
      <trkpt lat="34.953431" lon="139.053429"></trkpt>
      <trkpt lat="34.953387" lon="139.053358"></trkpt>
      <trkpt lat="34.953331" lon="139.053306"></trkpt>
      <trkpt lat="34.953242" lon="139.053273"></trkpt>
      <trkpt lat="34.953154" lon="139.053267"></trkpt>
      <trkpt lat="34.953096" lon="139.053296"></trkpt>
      <trkpt lat="34.953036" lon="139.053354"></trkpt>
      <trkpt lat="34.952963" lon="139.053435"></trkpt>
      <trkpt lat="34.952916" lon="139.053496"></trkpt>
      <trkpt lat="34.95289" lon="139.053521"></trkpt>
      <trkpt lat="34.952863" lon="139.053535"></trkpt>
      <trkpt lat="34.952837" lon="139.053536"></trkpt>
      <trkpt lat="34.952813" lon="139.05353"></trkpt>
      <trkpt lat="34.952796" lon="139.053515"></trkpt>
      <trkpt lat="34.95274" lon="139.053427"></trkpt>
      <trkpt lat="34.952694" lon="139.053359"></trkpt>
      <trkpt lat="34.952654" lon="139.053272"></trkpt>
      <trkpt lat="34.952611" lon="139.053179"></trkpt>
      <trkpt lat="34.952587" lon="139.053136"></trkpt>
      <trkpt lat="34.952554" lon="139.053104"></trkpt>
      <trkpt lat="34.952517" lon="139.05308"></trkpt>
      <trkpt lat="34.952492" lon="139.053072"></trkpt>
      <trkpt lat="34.952469" lon="139.053071"></trkpt>
      <trkpt lat="34.952438" lon="139.053074"></trkpt>
      <trkpt lat="34.952403" lon="139.053094"></trkpt>
      <trkpt lat="34.952379" lon="139.053116"></trkpt>
      <trkpt lat="34.952334" lon="139.053163"></trkpt>
      <trkpt lat="34.95228" lon="139.053199"></trkpt>
      <trkpt lat="34.95223" lon="139.053228"></trkpt>
      <trkpt lat="34.952133" lon="139.053286"></trkpt>
      <trkpt lat="34.952033" lon="139.053356"></trkpt>
      <trkpt lat="34.952011" lon="139.053378"></trkpt>
      <trkpt lat="34.951995" lon="139.053405"></trkpt>
      <trkpt lat="34.951981" lon="139.053435"></trkpt>
      <trkpt lat="34.951973" lon="139.053465"></trkpt>
      <trkpt lat="34.95197" lon="139.053525"></trkpt>
      <trkpt lat="34.951962" lon="139.053601"></trkpt>
      <trkpt lat="34.951945" lon="139.053674"></trkpt>
      <trkpt lat="34.951913" lon="139.053755"></trkpt>
      <trkpt lat="34.951885" lon="139.053811"></trkpt>
      <trkpt lat="34.951868" lon="139.053872"></trkpt>
      <trkpt lat="34.951818" lon="139.054036"></trkpt>
      <trkpt lat="34.951792" lon="139.054107"></trkpt>
      <trkpt lat="34.951699" lon="139.054353"></trkpt>
      <trkpt lat="34.951683" lon="139.054442"></trkpt>
      <trkpt lat="34.951691" lon="139.05454"></trkpt>
      <trkpt lat="34.951787" lon="139.054813"></trkpt>
      <trkpt lat="34.951791" lon="139.054993"></trkpt>
      <trkpt lat="34.951833" lon="139.055111"></trkpt>
      <trkpt lat="34.95189" lon="139.055217"></trkpt>
      <trkpt lat="34.951894" lon="139.055308"></trkpt>
      <trkpt lat="34.951714" lon="139.05566"></trkpt>
      <trkpt lat="34.951658" lon="139.055706"></trkpt>
      <trkpt lat="34.951581" lon="139.055745"></trkpt>
      <trkpt lat="34.951522" lon="139.055764"></trkpt>
      <trkpt lat="34.951452" lon="139.055773"></trkpt>
      <trkpt lat="34.951352" lon="139.055788"></trkpt>
      <trkpt lat="34.951267" lon="139.055857"></trkpt>
      <trkpt lat="34.951161" lon="139.056057"></trkpt>
      <trkpt lat="34.951092" lon="139.056148"></trkpt>
      <trkpt lat="34.950912" lon="139.056314"></trkpt>
      <trkpt lat="34.950856" lon="139.056413"></trkpt>
      <trkpt lat="34.950771" lon="139.056628"></trkpt>
      <trkpt lat="34.950748" lon="139.056696"></trkpt>
      <trkpt lat="34.950735" lon="139.056772"></trkpt>
      <trkpt lat="34.950732" lon="139.056831"></trkpt>
      <trkpt lat="34.950738" lon="139.056889"></trkpt>
      <trkpt lat="34.950771" lon="139.056998"></trkpt>
      <trkpt lat="34.950838" lon="139.057135"></trkpt>
      <trkpt lat="34.950906" lon="139.057248"></trkpt>
      <trkpt lat="34.950956" lon="139.057309"></trkpt>
      <trkpt lat="34.951016" lon="139.057367"></trkpt>
      <trkpt lat="34.951065" lon="139.057389"></trkpt>
      <trkpt lat="34.951112" lon="139.057399"></trkpt>
      <trkpt lat="34.95118" lon="139.057402"></trkpt>
      <trkpt lat="34.951235" lon="139.057401"></trkpt>
      <trkpt lat="34.951289" lon="139.05739"></trkpt>
      <trkpt lat="34.951383" lon="139.057354"></trkpt>
      <trkpt lat="34.951482" lon="139.057286"></trkpt>
      <trkpt lat="34.951769" lon="139.057052"></trkpt>
      <trkpt lat="34.95207" lon="139.056805"></trkpt>
      <trkpt lat="34.952439" lon="139.056582"></trkpt>
      <trkpt lat="34.952484" lon="139.056566"></trkpt>
      <trkpt lat="34.952514" lon="139.05656"></trkpt>
      <trkpt lat="34.95254" lon="139.056562"></trkpt>
      <trkpt lat="34.952564" lon="139.056576"></trkpt>
      <trkpt lat="34.952583" lon="139.056599"></trkpt>
      <trkpt lat="34.952595" lon="139.056624"></trkpt>
      <trkpt lat="34.952601" lon="139.056661"></trkpt>
      <trkpt lat="34.952604" lon="139.05671"></trkpt>
      <trkpt lat="34.952597" lon="139.056757"></trkpt>
      <trkpt lat="34.952509" lon="139.05714"></trkpt>
      <trkpt lat="34.952491" lon="139.057213"></trkpt>
      <trkpt lat="34.952465" lon="139.057272"></trkpt>
      <trkpt lat="34.952435" lon="139.057309"></trkpt>
      <trkpt lat="34.952218" lon="139.05754"></trkpt>
      <trkpt lat="34.952192" lon="139.057578"></trkpt>
      <trkpt lat="34.952174" lon="139.057632"></trkpt>
      <trkpt lat="34.952167" lon="139.057672"></trkpt>
      <trkpt lat="34.952169" lon="139.05771"></trkpt>
      <trkpt lat="34.952179" lon="139.057757"></trkpt>
      <trkpt lat="34.952193" lon="139.057801"></trkpt>
      <trkpt lat="34.952214" lon="139.057834"></trkpt>
      <trkpt lat="34.952252" lon="139.057876"></trkpt>
      <trkpt lat="34.952301" lon="139.057911"></trkpt>
      <trkpt lat="34.952517" lon="139.058041"></trkpt>
      <trkpt lat="34.952569" lon="139.058065"></trkpt>
      <trkpt lat="34.952626" lon="139.058077"></trkpt>
      <trkpt lat="34.952702" lon="139.058083"></trkpt>
      <trkpt lat="34.952785" lon="139.058079"></trkpt>
      <trkpt lat="34.953011" lon="139.058043"></trkpt>
      <trkpt lat="34.953246" lon="139.057985"></trkpt>
      <trkpt lat="34.953343" lon="139.057965"></trkpt>
      <trkpt lat="34.953445" lon="139.057957"></trkpt>
      <trkpt lat="34.953492" lon="139.057962"></trkpt>
      <trkpt lat="34.95353" lon="139.057978"></trkpt>
      <trkpt lat="34.953559" lon="139.058"></trkpt>
      <trkpt lat="34.953585" lon="139.058033"></trkpt>
      <trkpt lat="34.953603" lon="139.058068"></trkpt>
      <trkpt lat="34.953615" lon="139.058109"></trkpt>
      <trkpt lat="34.953621" lon="139.058155"></trkpt>
      <trkpt lat="34.953619" lon="139.058204"></trkpt>
      <trkpt lat="34.953614" lon="139.058251"></trkpt>
      <trkpt lat="34.953604" lon="139.058287"></trkpt>
      <trkpt lat="34.953592" lon="139.058314"></trkpt>
      <trkpt lat="34.953572" lon="139.058351"></trkpt>
      <trkpt lat="34.953551" lon="139.05838"></trkpt>
      <trkpt lat="34.953527" lon="139.058404"></trkpt>
      <trkpt lat="34.953354" lon="139.058552"></trkpt>
      <trkpt lat="34.953167" lon="139.058736"></trkpt>
      <trkpt lat="34.953092" lon="139.058823"></trkpt>
      <trkpt lat="34.953015" lon="139.058895"></trkpt>
      <trkpt lat="34.952896" lon="139.058965"></trkpt>
      <trkpt lat="34.952711" lon="139.059006"></trkpt>
      <trkpt lat="34.952641" lon="139.059022"></trkpt>
      <trkpt lat="34.952549" lon="139.059059"></trkpt>
      <trkpt lat="34.952504" lon="139.05909"></trkpt>
      <trkpt lat="34.952467" lon="139.059116"></trkpt>
      <trkpt lat="34.952421" lon="139.059166"></trkpt>
      <trkpt lat="34.952368" lon="139.059239"></trkpt>
      <trkpt lat="34.952337" lon="139.0593"></trkpt>
      <trkpt lat="34.952308" lon="139.059383"></trkpt>
      <trkpt lat="34.952146" lon="139.060075"></trkpt>
      <trkpt lat="34.952099" lon="139.060246"></trkpt>
      <trkpt lat="34.952008" lon="139.060579"></trkpt>
      <trkpt lat="34.951955" lon="139.060717"></trkpt>
      <trkpt lat="34.951864" lon="139.060828"></trkpt>
      <trkpt lat="34.951748" lon="139.060854"></trkpt>
      <trkpt lat="34.951358" lon="139.060747"></trkpt>
      <trkpt lat="34.951056" lon="139.06077"></trkpt>
      <trkpt lat="34.950404" lon="139.060931"></trkpt>
      <trkpt lat="34.950162" lon="139.06102"></trkpt>
      <trkpt lat="34.950056" lon="139.061077"></trkpt>
      <trkpt lat="34.949941" lon="139.061194"></trkpt>
      <trkpt lat="34.949664" lon="139.061562"></trkpt>
      <trkpt lat="34.949632" lon="139.061606"></trkpt>
      <trkpt lat="34.949605" lon="139.061706"></trkpt>
      <trkpt lat="34.949616" lon="139.061819"></trkpt>
      <trkpt lat="34.949674" lon="139.061895"></trkpt>
      <trkpt lat="34.950146" lon="139.062249"></trkpt>
      <trkpt lat="34.950201" lon="139.062319"></trkpt>
      <trkpt lat="34.950231" lon="139.062408"></trkpt>
      <trkpt lat="34.950227" lon="139.062499"></trkpt>
      <trkpt lat="34.950179" lon="139.062568"></trkpt>
      <trkpt lat="34.950093" lon="139.06261"></trkpt>
      <trkpt lat="34.949714" lon="139.062743"></trkpt>
      <trkpt lat="34.949645" lon="139.062797"></trkpt>
      <trkpt lat="34.949611" lon="139.062896"></trkpt>
      <trkpt lat="34.949607" lon="139.062981"></trkpt>
      <trkpt lat="34.949623" lon="139.063069"></trkpt>
      <trkpt lat="34.949646" lon="139.063146"></trkpt>
      <trkpt lat="34.949695" lon="139.063248"></trkpt>
      <trkpt lat="34.949853" lon="139.063447"></trkpt>
      <trkpt lat="34.94992" lon="139.063597"></trkpt>
      <trkpt lat="34.949948" lon="139.063755"></trkpt>
      <trkpt lat="34.950003" lon="139.064056"></trkpt>
      <trkpt lat="34.950051" lon="139.064333"></trkpt>
      <trkpt lat="34.950077" lon="139.064388"></trkpt>
      <trkpt lat="34.950108" lon="139.064425"></trkpt>
      <trkpt lat="34.950134" lon="139.064444"></trkpt>
      <trkpt lat="34.950169" lon="139.064461"></trkpt>
      <trkpt lat="34.950197" lon="139.064468"></trkpt>
      <trkpt lat="34.950239" lon="139.064475"></trkpt>
      <trkpt lat="34.95032" lon="139.064469"></trkpt>
      <trkpt lat="34.950355" lon="139.064475"></trkpt>
      <trkpt lat="34.950392" lon="139.064481"></trkpt>
      <trkpt lat="34.950433" lon="139.064505"></trkpt>
      <trkpt lat="34.950463" lon="139.064544"></trkpt>
      <trkpt lat="34.950481" lon="139.064594"></trkpt>
      <trkpt lat="34.950485" lon="139.064645"></trkpt>
      <trkpt lat="34.950484" lon="139.064713"></trkpt>
      <trkpt lat="34.950473" lon="139.064762"></trkpt>
      <trkpt lat="34.950453" lon="139.064813"></trkpt>
      <trkpt lat="34.950424" lon="139.064847"></trkpt>
      <trkpt lat="34.950375" lon="139.064888"></trkpt>
      <trkpt lat="34.950247" lon="139.064999"></trkpt>
      <trkpt lat="34.950215" lon="139.065039"></trkpt>
      <trkpt lat="34.950196" lon="139.065088"></trkpt>
      <trkpt lat="34.950183" lon="139.065148"></trkpt>
      <trkpt lat="34.950178" lon="139.065203"></trkpt>
      <trkpt lat="34.950153" lon="139.065966"></trkpt>
      <trkpt lat="34.950148" lon="139.066373"></trkpt>
      <trkpt lat="34.950146" lon="139.066556"></trkpt>
      <trkpt lat="34.950139" lon="139.066597"></trkpt>
      <trkpt lat="34.950126" lon="139.066628"></trkpt>
      <trkpt lat="34.950092" lon="139.06668"></trkpt>
      <trkpt lat="34.949863" lon="139.066984"></trkpt>
      <trkpt lat="34.949734" lon="139.06714"></trkpt>
      <trkpt lat="34.949637" lon="139.067241"></trkpt>
      <trkpt lat="34.949547" lon="139.067299"></trkpt>
      <trkpt lat="34.949338" lon="139.067352"></trkpt>
      <trkpt lat="34.949359" lon="139.067166"></trkpt>
      <trkpt lat="34.949419" lon="139.065642"></trkpt>
      <trkpt lat="34.949453" lon="139.064725"></trkpt>
      <trkpt lat="34.949394" lon="139.064283"></trkpt>
      <trkpt lat="34.949287" lon="139.064007"></trkpt>
      <trkpt lat="34.949171" lon="139.063777"></trkpt>
      <trkpt lat="34.948908" lon="139.063428"></trkpt>
      <trkpt lat="34.948814" lon="139.063331"></trkpt>
      <trkpt lat="34.94866" lon="139.063218"></trkpt>
      <trkpt lat="34.948341" lon="139.063108"></trkpt>
      <trkpt lat="34.947826" lon="139.062952"></trkpt>
      <trkpt lat="34.947463" lon="139.062819"></trkpt>
      <trkpt lat="34.947403" lon="139.062794"></trkpt>
      <trkpt lat="34.94733" lon="139.062735"></trkpt>
      <trkpt lat="34.947233" lon="139.062634"></trkpt>
      <trkpt lat="34.946793" lon="139.062041"></trkpt>
      <trkpt lat="34.94665" lon="139.061867"></trkpt>
      <trkpt lat="34.946488" lon="139.061724"></trkpt>
      <trkpt lat="34.946263" lon="139.061601"></trkpt>
      <trkpt lat="34.945125" lon="139.061098"></trkpt>
      <trkpt lat="34.944823" lon="139.060989"></trkpt>
      <trkpt lat="34.94461" lon="139.060973"></trkpt>
      <trkpt lat="34.944338" lon="139.061022"></trkpt>
      <trkpt lat="34.944102" lon="139.061137"></trkpt>
      <trkpt lat="34.943839" lon="139.061306"></trkpt>
      <trkpt lat="34.943676" lon="139.061403"></trkpt>
      <trkpt lat="34.943553" lon="139.061479"></trkpt>
      <trkpt lat="34.943434" lon="139.061517"></trkpt>
      <trkpt lat="34.943276" lon="139.06153"></trkpt>
      <trkpt lat="34.943126" lon="139.061496"></trkpt>
      <trkpt lat="34.942882" lon="139.061393"></trkpt>
      <trkpt lat="34.942658" lon="139.061266"></trkpt>
      <trkpt lat="34.942527" lon="139.061163"></trkpt>
      <trkpt lat="34.942384" lon="139.061018"></trkpt>
      <trkpt lat="34.942151" lon="139.060725"></trkpt>
      <trkpt lat="34.942063" lon="139.060619"></trkpt>
      <trkpt lat="34.941948" lon="139.060543"></trkpt>
      <trkpt lat="34.941796" lon="139.060493"></trkpt>
      <trkpt lat="34.941714" lon="139.060489"></trkpt>
      <trkpt lat="34.941617" lon="139.060507"></trkpt>
      <trkpt lat="34.941423" lon="139.060571"></trkpt>
      <trkpt lat="34.940891" lon="139.060756"></trkpt>
      <trkpt lat="34.940335" lon="139.060946"></trkpt>
      <trkpt lat="34.940089" lon="139.061036"></trkpt>
      <trkpt lat="34.939858" lon="139.061143"></trkpt>
      <trkpt lat="34.939754" lon="139.06121"></trkpt>
      <trkpt lat="34.939649" lon="139.0613"></trkpt>
      <trkpt lat="34.939455" lon="139.061545"></trkpt>
      <trkpt lat="34.93922" lon="139.061853"></trkpt>
      <trkpt lat="34.938929" lon="139.06224"></trkpt>
      <trkpt lat="34.938798" lon="139.062398"></trkpt>
      <trkpt lat="34.938675" lon="139.062529"></trkpt>
      <trkpt lat="34.938516" lon="139.062637"></trkpt>
      <trkpt lat="34.938367" lon="139.062691"></trkpt>
      <trkpt lat="34.938257" lon="139.062696"></trkpt>
      <trkpt lat="34.938157" lon="139.062846"></trkpt>
      <trkpt lat="34.938048" lon="139.06298"></trkpt>
      <trkpt lat="34.937788" lon="139.063236"></trkpt>
      <trkpt lat="34.937489" lon="139.063492"></trkpt>
      <trkpt lat="34.936995" lon="139.063915"></trkpt>
      <trkpt lat="34.936852" lon="139.064041"></trkpt>
      <trkpt lat="34.93675" lon="139.064159"></trkpt>
      <trkpt lat="34.93672" lon="139.0642"></trkpt>
      <trkpt lat="34.936694" lon="139.064258"></trkpt>
      <trkpt lat="34.936664" lon="139.064395"></trkpt>
      <trkpt lat="34.93666" lon="139.064484"></trkpt>
      <trkpt lat="34.936677" lon="139.064572"></trkpt>
      <trkpt lat="34.936727" lon="139.064674"></trkpt>
      <trkpt lat="34.936809" lon="139.064768"></trkpt>
      <trkpt lat="34.936963" lon="139.064875"></trkpt>
      <trkpt lat="34.938078" lon="139.065497"></trkpt>
      <trkpt lat="34.938302" lon="139.065674"></trkpt>
      <trkpt lat="34.938488" lon="139.065873"></trkpt>
      <trkpt lat="34.938616" lon="139.066043"></trkpt>
      <trkpt lat="34.938731" lon="139.066256"></trkpt>
      <trkpt lat="34.938902" lon="139.066655"></trkpt>
      <trkpt lat="34.939399" lon="139.070706"></trkpt>
      <trkpt lat="34.939442" lon="139.07124"></trkpt>
      <trkpt lat="34.939444" lon="139.071306"></trkpt>
      <trkpt lat="34.939452" lon="139.071654"></trkpt>
      <trkpt lat="34.939396" lon="139.072022"></trkpt>
      <trkpt lat="34.939302" lon="139.072361"></trkpt>
      <trkpt lat="34.939164" lon="139.072661"></trkpt>
      <trkpt lat="34.93889" lon="139.073086"></trkpt>
      <trkpt lat="34.938204" lon="139.074052"></trkpt>
      <trkpt lat="34.937406" lon="139.075191"></trkpt>
      <trkpt lat="34.937253" lon="139.075453"></trkpt>
      <trkpt lat="34.937124" lon="139.075712"></trkpt>
      <trkpt lat="34.937039" lon="139.076028"></trkpt>
      <trkpt lat="34.936906" lon="139.076804"></trkpt>
      <trkpt lat="34.936864" lon="139.077101"></trkpt>
      <trkpt lat="34.936815" lon="139.077478"></trkpt>
      <trkpt lat="34.936765" lon="139.077722"></trkpt>
      <trkpt lat="34.936625" lon="139.078172"></trkpt>
      <trkpt lat="34.936487" lon="139.078627"></trkpt>
      <trkpt lat="34.936416" lon="139.078867"></trkpt>
      <trkpt lat="34.936083" lon="139.079978"></trkpt>
      <trkpt lat="34.935988" lon="139.080248"></trkpt>
      <trkpt lat="34.935919" lon="139.08048"></trkpt>
      <trkpt lat="34.935878" lon="139.080652"></trkpt>
      <trkpt lat="34.935857" lon="139.080838"></trkpt>
      <trkpt lat="34.935843" lon="139.081019"></trkpt>
      <trkpt lat="34.935852" lon="139.08119"></trkpt>
      <trkpt lat="34.935869" lon="139.081354"></trkpt>
      <trkpt lat="34.935906" lon="139.081674"></trkpt>
      <trkpt lat="34.935955" lon="139.082298"></trkpt>
      <trkpt lat="34.935964" lon="139.082655"></trkpt>
      <trkpt lat="34.935983" lon="139.082989"></trkpt>
      <trkpt lat="34.936012" lon="139.084158"></trkpt>
      <trkpt lat="34.936037" lon="139.084377"></trkpt>
      <trkpt lat="34.936052" lon="139.084674"></trkpt>
      <trkpt lat="34.936043" lon="139.084894"></trkpt>
      <trkpt lat="34.936015" lon="139.085042"></trkpt>
      <trkpt lat="34.935983" lon="139.085154"></trkpt>
      <trkpt lat="34.935962" lon="139.085256"></trkpt>
      <trkpt lat="34.935963" lon="139.085348"></trkpt>
      <trkpt lat="34.936014" lon="139.085525"></trkpt>
      <trkpt lat="34.936234" lon="139.085956"></trkpt>
      <trkpt lat="34.936288" lon="139.086139"></trkpt>
      <trkpt lat="34.936291" lon="139.086249"></trkpt>
      <trkpt lat="34.93629" lon="139.086391"></trkpt>
      <trkpt lat="34.936322" lon="139.086645"></trkpt>
      <trkpt lat="34.93642" lon="139.08712"></trkpt>
      <trkpt lat="34.936463" lon="139.08728"></trkpt>
      <trkpt lat="34.936477" lon="139.087462"></trkpt>
      <trkpt lat="34.936461" lon="139.087681"></trkpt>
      <trkpt lat="34.936413" lon="139.088054"></trkpt>
      <trkpt lat="34.936399" lon="139.08812"></trkpt>
      <trkpt lat="34.936338" lon="139.088392"></trkpt>
      <trkpt lat="34.936331" lon="139.088421"></trkpt>
      <trkpt lat="34.936233" lon="139.088735"></trkpt>
      <trkpt lat="34.936079" lon="139.089158"></trkpt>
      <trkpt lat="34.936049" lon="139.089239"></trkpt>
      <trkpt lat="34.935835" lon="139.089692"></trkpt>
      <trkpt lat="34.935812" lon="139.089763"></trkpt>
      <trkpt lat="34.935789" lon="139.089834"></trkpt>
      <trkpt lat="34.935771" lon="139.08993"></trkpt>
      <trkpt lat="34.935783" lon="139.090165"></trkpt>
      <trkpt lat="34.935897" lon="139.090617"></trkpt>
      <trkpt lat="34.935941" lon="139.090936"></trkpt>
      <trkpt lat="34.935928" lon="139.09127"></trkpt>
      <trkpt lat="34.935881" lon="139.091396"></trkpt>
      <trkpt lat="34.935823" lon="139.0915"></trkpt>
      <trkpt lat="34.935719" lon="139.091641"></trkpt>
      <trkpt lat="34.935617" lon="139.091724"></trkpt>
      <trkpt lat="34.935585" lon="139.091743"></trkpt>
      <trkpt lat="34.935532" lon="139.091763"></trkpt>
      <trkpt lat="34.935441" lon="139.091786"></trkpt>
      <trkpt lat="34.935333" lon="139.091798"></trkpt>
      <trkpt lat="34.935184" lon="139.091829"></trkpt>
      <trkpt lat="34.935108" lon="139.091852"></trkpt>
      <trkpt lat="34.935041" lon="139.091895"></trkpt>
      <trkpt lat="34.934864" lon="139.092022"></trkpt>
      <trkpt lat="34.934672" lon="139.092181"></trkpt>
      <trkpt lat="34.934515" lon="139.092286"></trkpt>
      <trkpt lat="34.934433" lon="139.09232"></trkpt>
      <trkpt lat="34.934348" lon="139.092345"></trkpt>
      <trkpt lat="34.934172" lon="139.092309"></trkpt>
      <trkpt lat="34.934071" lon="139.092275"></trkpt>
      <trkpt lat="34.933856" lon="139.092212"></trkpt>
      <trkpt lat="34.933753" lon="139.092157"></trkpt>
      <trkpt lat="34.933711" lon="139.092074"></trkpt>
      <trkpt lat="34.933662" lon="139.091899"></trkpt>
      <trkpt lat="34.933613" lon="139.091739"></trkpt>
      <trkpt lat="34.933548" lon="139.09154"></trkpt>
      <trkpt lat="34.933473" lon="139.091347"></trkpt>
      <trkpt lat="34.933413" lon="139.091264"></trkpt>
      <trkpt lat="34.93337" lon="139.09121"></trkpt>
      <trkpt lat="34.93331" lon="139.091162"></trkpt>
      <trkpt lat="34.933213" lon="139.091114"></trkpt>
      <trkpt lat="34.93313" lon="139.091104"></trkpt>
      <trkpt lat="34.933064" lon="139.091107"></trkpt>
      <trkpt lat="34.932973" lon="139.091114"></trkpt>
      <trkpt lat="34.932877" lon="139.091162"></trkpt>
      <trkpt lat="34.932778" lon="139.091243"></trkpt>
      <trkpt lat="34.932664" lon="139.091342"></trkpt>
      <trkpt lat="34.932614" lon="139.091376"></trkpt>
      <trkpt lat="34.932276" lon="139.091506"></trkpt>
      <trkpt lat="34.932027" lon="139.091606"></trkpt>
      <trkpt lat="34.931823" lon="139.09171"></trkpt>
      <trkpt lat="34.931436" lon="139.091958"></trkpt>
      <trkpt lat="34.931305" lon="139.092075"></trkpt>
      <trkpt lat="34.931069" lon="139.092311"></trkpt>
      <trkpt lat="34.9309" lon="139.092441"></trkpt>
      <trkpt lat="34.930684" lon="139.092583"></trkpt>
      <trkpt lat="34.93046" lon="139.092711"></trkpt>
      <trkpt lat="34.930388" lon="139.092739"></trkpt>
      <trkpt lat="34.93011" lon="139.092854"></trkpt>
      <trkpt lat="34.929973" lon="139.092901"></trkpt>
      <trkpt lat="34.929903" lon="139.092914"></trkpt>
      <trkpt lat="34.929545" lon="139.09291"></trkpt>
      <trkpt lat="34.929392" lon="139.092917"></trkpt>
      <trkpt lat="34.929351" lon="139.092934"></trkpt>
      <trkpt lat="34.929136" lon="139.093057"></trkpt>
      <trkpt lat="34.928944" lon="139.093186"></trkpt>
      <trkpt lat="34.928786" lon="139.093297"></trkpt>
      <trkpt lat="34.928691" lon="139.09334"></trkpt>
      <trkpt lat="34.928416" lon="139.093415"></trkpt>
      <trkpt lat="34.928324" lon="139.09344"></trkpt>
      <trkpt lat="34.928119" lon="139.093492"></trkpt>
      <trkpt lat="34.928049" lon="139.093517"></trkpt>
      <trkpt lat="34.927998" lon="139.093522"></trkpt>
      <trkpt lat="34.927966" lon="139.093525"></trkpt>
      <trkpt lat="34.927764" lon="139.093481"></trkpt>
      <trkpt lat="34.927555" lon="139.093461"></trkpt>
      <trkpt lat="34.927276" lon="139.093473"></trkpt>
      <trkpt lat="34.927242" lon="139.093613"></trkpt>
      <trkpt lat="34.927187" lon="139.093801"></trkpt>
      <trkpt lat="34.927199" lon="139.094224"></trkpt>
      <trkpt lat="34.927142" lon="139.094681"></trkpt>
      <trkpt lat="34.927134" lon="139.094804"></trkpt>
      <trkpt lat="34.927032" lon="139.094961"></trkpt>
      <trkpt lat="34.926917" lon="139.095037"></trkpt>
      <trkpt lat="34.926732" lon="139.095013"></trkpt>
      <trkpt lat="34.926656" lon="139.095039"></trkpt>
      <trkpt lat="34.926485" lon="139.095199"></trkpt>
      <trkpt lat="34.926295" lon="139.095441"></trkpt>
      <trkpt lat="34.926204" lon="139.095528"></trkpt>
      <trkpt lat="34.925996" lon="139.095737"></trkpt>
      <trkpt lat="34.92573" lon="139.096219"></trkpt>
      <trkpt lat="34.925695" lon="139.096218"></trkpt>
      <trkpt lat="34.925613" lon="139.096214"></trkpt>
      <trkpt lat="34.925559" lon="139.096258"></trkpt>
      <trkpt lat="34.925525" lon="139.096346"></trkpt>
      <trkpt lat="34.925506" lon="139.096436"></trkpt>
      <trkpt lat="34.925367" lon="139.096626"></trkpt>
      <trkpt lat="34.925066" lon="139.097034"></trkpt>
      <trkpt lat="34.925051" lon="139.097054"></trkpt>
      <trkpt lat="34.925011" lon="139.097109"></trkpt>
      <trkpt lat="34.92464" lon="139.096985"></trkpt>
      <trkpt lat="34.924616" lon="139.097011"></trkpt>
      <trkpt lat="34.924482" lon="139.097151"></trkpt>
      <trkpt lat="34.924311" lon="139.097268"></trkpt>
      <trkpt lat="34.924141" lon="139.097225"></trkpt>
      <trkpt lat="34.924034" lon="139.097308"></trkpt>
      <trkpt lat="34.923826" lon="139.097463"></trkpt>
      <trkpt lat="34.923761" lon="139.097505"></trkpt>
      <trkpt lat="34.923595" lon="139.097582"></trkpt>
      <trkpt lat="34.923392" lon="139.097617"></trkpt>
      <trkpt lat="34.923143" lon="139.097695"></trkpt>
      <trkpt lat="34.923039" lon="139.09784"></trkpt>
      <trkpt lat="34.922821" lon="139.098"></trkpt>
      <trkpt lat="34.922562" lon="139.098117"></trkpt>
      <trkpt lat="34.922415" lon="139.098272"></trkpt>
      <trkpt lat="34.922319" lon="139.098378"></trkpt>
      <trkpt lat="34.922221" lon="139.09858"></trkpt>
      <trkpt lat="34.922117" lon="139.098689"></trkpt>
      <trkpt lat="34.921926" lon="139.098839"></trkpt>
      <trkpt lat="34.921865" lon="139.098854"></trkpt>
      <trkpt lat="34.921668" lon="139.098859"></trkpt>
      <trkpt lat="34.921631" lon="139.098882"></trkpt>
      <trkpt lat="34.921093" lon="139.100174"></trkpt>
      <trkpt lat="34.920949" lon="139.100544"></trkpt>
      <trkpt lat="34.920584" lon="139.100445"></trkpt>
      <trkpt lat="34.920499" lon="139.100395"></trkpt>
      <trkpt lat="34.920432" lon="139.100322"></trkpt>
      <trkpt lat="34.920285" lon="139.100034"></trkpt>
      <trkpt lat="34.920141" lon="139.100053"></trkpt>
      <trkpt lat="34.920092" lon="139.100084"></trkpt>
      <trkpt lat="34.920092" lon="139.100084"></trkpt>
      <trkpt lat="34.920025" lon="139.100268"></trkpt>
      <trkpt lat="34.91999" lon="139.100325"></trkpt>
      <trkpt lat="34.919829" lon="139.100416"></trkpt>
      <trkpt lat="34.91969" lon="139.100524"></trkpt>
      <trkpt lat="34.919634" lon="139.100538"></trkpt>
      <trkpt lat="34.919023" lon="139.100522"></trkpt>
      <trkpt lat="34.91894" lon="139.10049"></trkpt>
      <trkpt lat="34.91885" lon="139.100425"></trkpt>
      <trkpt lat="34.918728" lon="139.100321"></trkpt>
      <trkpt lat="34.918691" lon="139.100306"></trkpt>
      <trkpt lat="34.918634" lon="139.100356"></trkpt>
      <trkpt lat="34.918394" lon="139.100702"></trkpt>
      <trkpt lat="34.918329" lon="139.100788"></trkpt>
      <trkpt lat="34.918285" lon="139.100825"></trkpt>
      <trkpt lat="34.91824" lon="139.100805"></trkpt>
      <trkpt lat="34.918093" lon="139.10059"></trkpt>
      <trkpt lat="34.918083" lon="139.100946"></trkpt>
      <trkpt lat="34.918135" lon="139.10117"></trkpt>
      <trkpt lat="34.918095" lon="139.101267"></trkpt>
      <trkpt lat="34.917914" lon="139.101562"></trkpt>
      <trkpt lat="34.91785" lon="139.101656"></trkpt>
      <trkpt lat="34.917561" lon="139.101906"></trkpt>
      <trkpt lat="34.917493" lon="139.102031"></trkpt>
      <trkpt lat="34.917478" lon="139.102354"></trkpt>
      <trkpt lat="34.917434" lon="139.102494"></trkpt>
      <trkpt lat="34.91743" lon="139.102917"></trkpt>
      <trkpt lat="34.917318" lon="139.103548"></trkpt>
      <trkpt lat="34.917302" lon="139.103729"></trkpt>
      <trkpt lat="34.917346" lon="139.103975"></trkpt>
      <trkpt lat="34.917478" lon="139.104435"></trkpt>
      <trkpt lat="34.916836" lon="139.104733"></trkpt>
      <trkpt lat="34.916147" lon="139.105225"></trkpt>
      <trkpt lat="34.915623" lon="139.105516"></trkpt>
      <trkpt lat="34.915296" lon="139.105638"></trkpt>
      <trkpt lat="34.915214" lon="139.105673"></trkpt>
      <trkpt lat="34.914992" lon="139.105728"></trkpt>
      <trkpt lat="34.91486" lon="139.105686"></trkpt>
      <trkpt lat="34.914621" lon="139.105861"></trkpt>
      <trkpt lat="34.914569" lon="139.106102"></trkpt>
      <trkpt lat="34.914533" lon="139.106349"></trkpt>
      <trkpt lat="34.91459" lon="139.107249"></trkpt>
      <trkpt lat="34.914575" lon="139.107435"></trkpt>
      <trkpt lat="34.9145" lon="139.107643"></trkpt>
      <trkpt lat="34.914451" lon="139.107755"></trkpt>
      <trkpt lat="34.914355" lon="139.107828"></trkpt>
      <trkpt lat="34.914006" lon="139.1081"></trkpt>
      <trkpt lat="34.913275" lon="139.108626"></trkpt>
      <trkpt lat="34.913052" lon="139.108781"></trkpt>
      <trkpt lat="34.912925" lon="139.108883"></trkpt>
      <trkpt lat="34.912639" lon="139.109105"></trkpt>
      <trkpt lat="34.912554" lon="139.109166"></trkpt>
      <trkpt lat="34.912427" lon="139.109304"></trkpt>
      <trkpt lat="34.912207" lon="139.109747"></trkpt>
      <trkpt lat="34.912128" lon="139.109862"></trkpt>
      <trkpt lat="34.911983" lon="139.11001"></trkpt>
      <trkpt lat="34.911947" lon="139.110062"></trkpt>
      <trkpt lat="34.911663" lon="139.110436"></trkpt>
      <trkpt lat="34.910774" lon="139.111159"></trkpt>
      <trkpt lat="34.910292" lon="139.111712"></trkpt>
      <trkpt lat="34.910157" lon="139.112048"></trkpt>
      <trkpt lat="34.909665" lon="139.112984"></trkpt>
      <trkpt lat="34.909755" lon="139.113193"></trkpt>
      <trkpt lat="34.909836" lon="139.113411"></trkpt>
      <trkpt lat="34.909921" lon="139.113672"></trkpt>
      <trkpt lat="34.909943" lon="139.113745"></trkpt>
      <trkpt lat="34.910046" lon="139.114031"></trkpt>
      <trkpt lat="34.910147" lon="139.114355"></trkpt>
      <trkpt lat="34.910178" lon="139.114581"></trkpt>
      <trkpt lat="34.9102" lon="139.114841"></trkpt>
      <trkpt lat="34.910219" lon="139.115006"></trkpt>
      <trkpt lat="34.91021" lon="139.115273"></trkpt>
      <trkpt lat="34.910101" lon="139.11579"></trkpt>
      <trkpt lat="34.910094" lon="139.115948"></trkpt>
      <trkpt lat="34.910178" lon="139.116114"></trkpt>
      <trkpt lat="34.910375" lon="139.11642"></trkpt>
      <trkpt lat="34.910284" lon="139.116432"></trkpt>
      <trkpt lat="34.910159" lon="139.116423"></trkpt>
      <trkpt lat="34.91016" lon="139.116539"></trkpt>
      <trkpt lat="34.910182" lon="139.117079"></trkpt>
      <trkpt lat="34.910194" lon="139.117176"></trkpt>
      <trkpt lat="34.910316" lon="139.117391"></trkpt>
      <trkpt lat="34.910349" lon="139.117479"></trkpt>
      <trkpt lat="34.910366" lon="139.117576"></trkpt>
      <trkpt lat="34.910377" lon="139.117716"></trkpt>
      <trkpt lat="34.910775" lon="139.117709"></trkpt>
      <trkpt lat="34.910891" lon="139.117688"></trkpt>
      <trkpt lat="34.911009" lon="139.117715"></trkpt>
      <trkpt lat="34.911203" lon="139.117772"></trkpt>
      <trkpt lat="34.911352" lon="139.117845"></trkpt>
      <trkpt lat="34.911383" lon="139.117912"></trkpt>
      <trkpt lat="34.911427" lon="139.118145"></trkpt>
      <trkpt lat="34.911239" lon="139.118631"></trkpt>
      <trkpt lat="34.911183" lon="139.118864"></trkpt>
      <trkpt lat="34.911022" lon="139.119045"></trkpt>
      <trkpt lat="34.91096" lon="139.119283"></trkpt>
      <trkpt lat="34.910949" lon="139.119329"></trkpt>
      <trkpt lat="34.910866" lon="139.119628"></trkpt>
      <trkpt lat="34.910681" lon="139.12"></trkpt>
      <trkpt lat="34.910557" lon="139.120228"></trkpt>
      <trkpt lat="34.910186" lon="139.120378"></trkpt>
      <trkpt lat="34.909484" lon="139.120565"></trkpt>
      <trkpt lat="34.909302" lon="139.120598"></trkpt>
      <trkpt lat="34.909159" lon="139.120595"></trkpt>
      <trkpt lat="34.90896" lon="139.120566"></trkpt>
      <trkpt lat="34.908687" lon="139.120452"></trkpt>
      <trkpt lat="34.908053" lon="139.12017"></trkpt>
      <trkpt lat="34.907727" lon="139.120034"></trkpt>
      <trkpt lat="34.907657" lon="139.120006"></trkpt>
      <trkpt lat="34.907414" lon="139.119917"></trkpt>
      <trkpt lat="34.907131" lon="139.119873"></trkpt>
      <trkpt lat="34.906809" lon="139.119879"></trkpt>
      <trkpt lat="34.905301" lon="139.119882"></trkpt>
      <trkpt lat="34.904616" lon="139.119862"></trkpt>
      <trkpt lat="34.903953" lon="139.119894"></trkpt>
      <trkpt lat="34.903473" lon="139.12002"></trkpt>
      <trkpt lat="34.903258" lon="139.120126"></trkpt>
      <trkpt lat="34.903089" lon="139.120198"></trkpt>
      <trkpt lat="34.902115" lon="139.120806"></trkpt>
      <trkpt lat="34.900954" lon="139.121468"></trkpt>
      <trkpt lat="34.900121" lon="139.121822"></trkpt>
      <trkpt lat="34.899855" lon="139.121868"></trkpt>
      <trkpt lat="34.899547" lon="139.121841"></trkpt>
      <trkpt lat="34.899196" lon="139.121723"></trkpt>
      <trkpt lat="34.898779" lon="139.121456"></trkpt>
      <trkpt lat="34.898407" lon="139.12122"></trkpt>
      <trkpt lat="34.897855" lon="139.120863"></trkpt>
      <trkpt lat="34.896907" lon="139.120249"></trkpt>
      <trkpt lat="34.89566" lon="139.119536"></trkpt>
      <trkpt lat="34.894833" lon="139.119019"></trkpt>
      <trkpt lat="34.894096" lon="139.11854"></trkpt>
      <trkpt lat="34.892755" lon="139.117757"></trkpt>
      <trkpt lat="34.89265" lon="139.117683"></trkpt>
      <trkpt lat="34.891965" lon="139.117333"></trkpt>
      <trkpt lat="34.891258" lon="139.116919"></trkpt>
      <trkpt lat="34.890808" lon="139.116655"></trkpt>
      <trkpt lat="34.890572" lon="139.11644"></trkpt>
      <trkpt lat="34.890161" lon="139.115956"></trkpt>
      <trkpt lat="34.889619" lon="139.116294"></trkpt>
      <trkpt lat="34.889475" lon="139.116428"></trkpt>
      <trkpt lat="34.889211" lon="139.116752"></trkpt>
      <trkpt lat="34.888865" lon="139.117247"></trkpt>
      <trkpt lat="34.888463" lon="139.117824"></trkpt>
      <trkpt lat="34.888089" lon="139.118202"></trkpt>
      <trkpt lat="34.887696" lon="139.118622"></trkpt>
      <trkpt lat="34.887347" lon="139.119174"></trkpt>
      <trkpt lat="34.887316" lon="139.119225"></trkpt>
      <trkpt lat="34.887193" lon="139.119458"></trkpt>
      <trkpt lat="34.887176" lon="139.119498"></trkpt>
      <trkpt lat="34.887048" lon="139.119809"></trkpt>
      <trkpt lat="34.886957" lon="139.12"></trkpt>
      <trkpt lat="34.886856" lon="139.120226"></trkpt>
      <trkpt lat="34.886827" lon="139.120297"></trkpt>
      <trkpt lat="34.886807" lon="139.120411"></trkpt>
      <trkpt lat="34.886804" lon="139.120482"></trkpt>
      <trkpt lat="34.886798" lon="139.120606"></trkpt>
      <trkpt lat="34.886783" lon="139.120922"></trkpt>
      <trkpt lat="34.887324" lon="139.121372"></trkpt>
      <trkpt lat="34.887582" lon="139.12162"></trkpt>
      <trkpt lat="34.887729" lon="139.121776"></trkpt>
      <trkpt lat="34.887841" lon="139.121955"></trkpt>
      <trkpt lat="34.888087" lon="139.12238"></trkpt>
      <trkpt lat="34.888175" lon="139.122532"></trkpt>
      <trkpt lat="34.888402" lon="139.122948"></trkpt>
      <trkpt lat="34.888255" lon="139.123086"></trkpt>
      <trkpt lat="34.888048" lon="139.123254"></trkpt>
      <trkpt lat="34.88798" lon="139.12335"></trkpt>
      <trkpt lat="34.887963" lon="139.123435"></trkpt>
      <trkpt lat="34.887999" lon="139.12359"></trkpt>
      <trkpt lat="34.88806" lon="139.123867"></trkpt>
      <trkpt lat="34.888242" lon="139.124746"></trkpt>
      <trkpt lat="34.888352" lon="139.1252"></trkpt>
      <trkpt lat="34.888462" lon="139.125584"></trkpt>
      <trkpt lat="34.888585" lon="139.125864"></trkpt>
      <trkpt lat="34.888992" lon="139.126727"></trkpt>
      <trkpt lat="34.889035" lon="139.126811"></trkpt>
      <trkpt lat="34.889178" lon="139.127156"></trkpt>
      <trkpt lat="34.889199" lon="139.127269"></trkpt>
      <trkpt lat="34.889252" lon="139.12769"></trkpt>
      <trkpt lat="34.88926" lon="139.128179"></trkpt>
      <trkpt lat="34.88928" lon="139.12878"></trkpt>
      <trkpt lat="34.889311" lon="139.12991"></trkpt>
      <trkpt lat="34.889754" lon="139.129897"></trkpt>
      <trkpt lat="34.889772" lon="139.12994"></trkpt>
      <trkpt lat="34.889789" lon="139.129995"></trkpt>
      <trkpt lat="34.889804" lon="139.130063"></trkpt>
      <trkpt lat="34.889848" lon="139.13027"></trkpt>
      <trkpt lat="34.889885" lon="139.130425"></trkpt>
      <trkpt lat="34.88994" lon="139.130646"></trkpt>
      <trkpt lat="34.889834" lon="139.13068"></trkpt>
      <trkpt lat="34.889744" lon="139.13076"></trkpt>
      <trkpt lat="34.889715" lon="139.130932"></trkpt>
      <trkpt lat="34.889735" lon="139.131068"></trkpt>
      <trkpt lat="34.889775" lon="139.131273"></trkpt>
      <trkpt lat="34.88946" lon="139.131387"></trkpt>
      <trkpt lat="34.889429" lon="139.1313"></trkpt>
      <trkpt lat="34.889378" lon="139.131054"></trkpt>
      <trkpt lat="34.889311" lon="139.12991"></trkpt>
      <trkpt lat="34.88928" lon="139.12878"></trkpt>
      <trkpt lat="34.88926" lon="139.128179"></trkpt>
      <trkpt lat="34.889252" lon="139.12769"></trkpt>
      <trkpt lat="34.889199" lon="139.127269"></trkpt>
      <trkpt lat="34.889178" lon="139.127156"></trkpt>
      <trkpt lat="34.889035" lon="139.126811"></trkpt>
      <trkpt lat="34.888992" lon="139.126727"></trkpt>
      <trkpt lat="34.888585" lon="139.125864"></trkpt>
      <trkpt lat="34.888462" lon="139.125584"></trkpt>
      <trkpt lat="34.888352" lon="139.1252"></trkpt>
      <trkpt lat="34.888242" lon="139.124746"></trkpt>
      <trkpt lat="34.88806" lon="139.123867"></trkpt>
      <trkpt lat="34.887999" lon="139.12359"></trkpt>
      <trkpt lat="34.887963" lon="139.123435"></trkpt>
      <trkpt lat="34.88798" lon="139.12335"></trkpt>
      <trkpt lat="34.888048" lon="139.123254"></trkpt>
      <trkpt lat="34.888255" lon="139.123086"></trkpt>
      <trkpt lat="34.888402" lon="139.122948"></trkpt>
      <trkpt lat="34.888175" lon="139.122532"></trkpt>
      <trkpt lat="34.888087" lon="139.12238"></trkpt>
      <trkpt lat="34.887841" lon="139.121955"></trkpt>
      <trkpt lat="34.887729" lon="139.121776"></trkpt>
      <trkpt lat="34.887582" lon="139.12162"></trkpt>
      <trkpt lat="34.887324" lon="139.121372"></trkpt>
      <trkpt lat="34.886783" lon="139.120922"></trkpt>
      <trkpt lat="34.886798" lon="139.120606"></trkpt>
      <trkpt lat="34.886804" lon="139.120482"></trkpt>
      <trkpt lat="34.886807" lon="139.120411"></trkpt>
      <trkpt lat="34.886827" lon="139.120297"></trkpt>
      <trkpt lat="34.886856" lon="139.120226"></trkpt>
      <trkpt lat="34.886957" lon="139.12"></trkpt>
      <trkpt lat="34.887048" lon="139.119809"></trkpt>
      <trkpt lat="34.887176" lon="139.119498"></trkpt>
      <trkpt lat="34.887193" lon="139.119458"></trkpt>
      <trkpt lat="34.887316" lon="139.119225"></trkpt>
      <trkpt lat="34.887347" lon="139.119174"></trkpt>
      <trkpt lat="34.887696" lon="139.118622"></trkpt>
      <trkpt lat="34.888089" lon="139.118202"></trkpt>
      <trkpt lat="34.888463" lon="139.117824"></trkpt>
      <trkpt lat="34.888865" lon="139.117247"></trkpt>
      <trkpt lat="34.889211" lon="139.116752"></trkpt>
      <trkpt lat="34.889475" lon="139.116428"></trkpt>
      <trkpt lat="34.889619" lon="139.116294"></trkpt>
      <trkpt lat="34.890161" lon="139.115956"></trkpt>
      <trkpt lat="34.890572" lon="139.11644"></trkpt>
      <trkpt lat="34.890808" lon="139.116655"></trkpt>
      <trkpt lat="34.891258" lon="139.116919"></trkpt>
      <trkpt lat="34.891965" lon="139.117333"></trkpt>
      <trkpt lat="34.89265" lon="139.117683"></trkpt>
      <trkpt lat="34.892755" lon="139.117757"></trkpt>
      <trkpt lat="34.894096" lon="139.11854"></trkpt>
      <trkpt lat="34.894833" lon="139.119019"></trkpt>
      <trkpt lat="34.89566" lon="139.119536"></trkpt>
      <trkpt lat="34.896907" lon="139.120249"></trkpt>
      <trkpt lat="34.897855" lon="139.120863"></trkpt>
      <trkpt lat="34.898407" lon="139.12122"></trkpt>
      <trkpt lat="34.898779" lon="139.121456"></trkpt>
      <trkpt lat="34.899196" lon="139.121723"></trkpt>
      <trkpt lat="34.899547" lon="139.121841"></trkpt>
      <trkpt lat="34.899855" lon="139.121868"></trkpt>
      <trkpt lat="34.900121" lon="139.121822"></trkpt>
      <trkpt lat="34.900954" lon="139.121468"></trkpt>
      <trkpt lat="34.902115" lon="139.120806"></trkpt>
      <trkpt lat="34.903089" lon="139.120198"></trkpt>
      <trkpt lat="34.903258" lon="139.120126"></trkpt>
      <trkpt lat="34.903473" lon="139.12002"></trkpt>
      <trkpt lat="34.903953" lon="139.119894"></trkpt>
      <trkpt lat="34.904616" lon="139.119862"></trkpt>
      <trkpt lat="34.905301" lon="139.119882"></trkpt>
      <trkpt lat="34.906809" lon="139.119879"></trkpt>
      <trkpt lat="34.907131" lon="139.119873"></trkpt>
      <trkpt lat="34.907414" lon="139.119917"></trkpt>
      <trkpt lat="34.907657" lon="139.120006"></trkpt>
      <trkpt lat="34.907727" lon="139.120034"></trkpt>
      <trkpt lat="34.908053" lon="139.12017"></trkpt>
      <trkpt lat="34.908687" lon="139.120452"></trkpt>
      <trkpt lat="34.90896" lon="139.120566"></trkpt>
      <trkpt lat="34.909159" lon="139.120595"></trkpt>
      <trkpt lat="34.909302" lon="139.120598"></trkpt>
      <trkpt lat="34.909484" lon="139.120565"></trkpt>
      <trkpt lat="34.910186" lon="139.120378"></trkpt>
      <trkpt lat="34.910557" lon="139.120228"></trkpt>
      <trkpt lat="34.911262" lon="139.120057"></trkpt>
      <trkpt lat="34.911759" lon="139.119885"></trkpt>
      <trkpt lat="34.912051" lon="139.119804"></trkpt>
      <trkpt lat="34.912246" lon="139.119735"></trkpt>
      <trkpt lat="34.912419" lon="139.119717"></trkpt>
      <trkpt lat="34.912763" lon="139.119736"></trkpt>
      <trkpt lat="34.913078" lon="139.119818"></trkpt>
      <trkpt lat="34.914665" lon="139.120267"></trkpt>
      <trkpt lat="34.915564" lon="139.120479"></trkpt>
      <trkpt lat="34.915656" lon="139.120523"></trkpt>
      <trkpt lat="34.915766" lon="139.120549"></trkpt>
      <trkpt lat="34.916158" lon="139.120652"></trkpt>
      <trkpt lat="34.916655" lon="139.120657"></trkpt>
      <trkpt lat="34.91734" lon="139.120493"></trkpt>
      <trkpt lat="34.917587" lon="139.120421"></trkpt>
      <trkpt lat="34.917878" lon="139.120337"></trkpt>
      <trkpt lat="34.921696" lon="139.119184"></trkpt>
      <trkpt lat="34.921765" lon="139.119163"></trkpt>
      <trkpt lat="34.922314" lon="139.118997"></trkpt>
      <trkpt lat="34.92253" lon="139.11892"></trkpt>
      <trkpt lat="34.92276" lon="139.118898"></trkpt>
      <trkpt lat="34.922903" lon="139.118941"></trkpt>
      <trkpt lat="34.923069" lon="139.119139"></trkpt>
      <trkpt lat="34.923146" lon="139.119337"></trkpt>
      <trkpt lat="34.92318" lon="139.119495"></trkpt>
      <trkpt lat="34.92329" lon="139.119547"></trkpt>
      <trkpt lat="34.923602" lon="139.119746"></trkpt>
      <trkpt lat="34.923915" lon="139.119876"></trkpt>
      <trkpt lat="34.924225" lon="139.119954"></trkpt>
      <trkpt lat="34.924495" lon="139.120043"></trkpt>
      <trkpt lat="34.925124" lon="139.120143"></trkpt>
      <trkpt lat="34.925217" lon="139.120115"></trkpt>
      <trkpt lat="34.925319" lon="139.120029"></trkpt>
      <trkpt lat="34.925519" lon="139.119834"></trkpt>
      <trkpt lat="34.925679" lon="139.119725"></trkpt>
      <trkpt lat="34.925792" lon="139.119687"></trkpt>
      <trkpt lat="34.925845" lon="139.119687"></trkpt>
      <trkpt lat="34.926009" lon="139.119725"></trkpt>
      <trkpt lat="34.926144" lon="139.119807"></trkpt>
      <trkpt lat="34.92637" lon="139.120077"></trkpt>
      <trkpt lat="34.926785" lon="139.120371"></trkpt>
      <trkpt lat="34.926932" lon="139.120539"></trkpt>
      <trkpt lat="34.927042" lon="139.120727"></trkpt>
      <trkpt lat="34.927099" lon="139.120795"></trkpt>
      <trkpt lat="34.927184" lon="139.120853"></trkpt>
      <trkpt lat="34.927372" lon="139.120938"></trkpt>
      <trkpt lat="34.927619" lon="139.120965"></trkpt>
      <trkpt lat="34.927774" lon="139.121006"></trkpt>
      <trkpt lat="34.928037" lon="139.121133"></trkpt>
      <trkpt lat="34.928212" lon="139.121184"></trkpt>
      <trkpt lat="34.92845" lon="139.121191"></trkpt>
      <trkpt lat="34.928805" lon="139.121144"></trkpt>
      <trkpt lat="34.929232" lon="139.121137"></trkpt>
      <trkpt lat="34.929387" lon="139.121112"></trkpt>
      <trkpt lat="34.929891" lon="139.121"></trkpt>
      <trkpt lat="34.93022" lon="139.120867"></trkpt>
      <trkpt lat="34.930437" lon="139.120802"></trkpt>
      <trkpt lat="34.930505" lon="139.120804"></trkpt>
      <trkpt lat="34.930879" lon="139.120949"></trkpt>
      <trkpt lat="34.931212" lon="139.121044"></trkpt>
      <trkpt lat="34.931469" lon="139.121159"></trkpt>
      <trkpt lat="34.931624" lon="139.121212"></trkpt>
      <trkpt lat="34.931852" lon="139.121274"></trkpt>
      <trkpt lat="34.931988" lon="139.121308"></trkpt>
      <trkpt lat="34.932063" lon="139.12133"></trkpt>
      <trkpt lat="34.932152" lon="139.121406"></trkpt>
      <trkpt lat="34.932276" lon="139.121518"></trkpt>
      <trkpt lat="34.93236" lon="139.12159"></trkpt>
      <trkpt lat="34.932379" lon="139.121606"></trkpt>
      <trkpt lat="34.932445" lon="139.121668"></trkpt>
      <trkpt lat="34.932552" lon="139.121784"></trkpt>
      <trkpt lat="34.932611" lon="139.121848"></trkpt>
      <trkpt lat="34.932645" lon="139.121877"></trkpt>
      <trkpt lat="34.932715" lon="139.121918"></trkpt>
      <trkpt lat="34.932851" lon="139.121999"></trkpt>
      <trkpt lat="34.932865" lon="139.122099"></trkpt>
      <trkpt lat="34.932999" lon="139.121953"></trkpt>
      <trkpt lat="34.93327" lon="139.121689"></trkpt>
      <trkpt lat="34.933432" lon="139.121576"></trkpt>
      <trkpt lat="34.934215" lon="139.121032"></trkpt>
      <trkpt lat="34.934879" lon="139.120584"></trkpt>
      <trkpt lat="34.935397" lon="139.120247"></trkpt>
      <trkpt lat="34.936899" lon="139.119193"></trkpt>
      <trkpt lat="34.937019" lon="139.119092"></trkpt>
      <trkpt lat="34.937146" lon="139.118994"></trkpt>
      <trkpt lat="34.937361" lon="139.118826"></trkpt>
      <trkpt lat="34.937513" lon="139.11873"></trkpt>
      <trkpt lat="34.937978" lon="139.118405"></trkpt>
      <trkpt lat="34.938123" lon="139.118304"></trkpt>
      <trkpt lat="34.938143" lon="139.118291"></trkpt>
      <trkpt lat="34.938419" lon="139.118091"></trkpt>
      <trkpt lat="34.938852" lon="139.117779"></trkpt>
      <trkpt lat="34.939064" lon="139.117649"></trkpt>
      <trkpt lat="34.939553" lon="139.117343"></trkpt>
      <trkpt lat="34.940005" lon="139.117052"></trkpt>
      <trkpt lat="34.940302" lon="139.116929"></trkpt>
      <trkpt lat="34.940668" lon="139.116892"></trkpt>
      <trkpt lat="34.940937" lon="139.116909"></trkpt>
      <trkpt lat="34.941184" lon="139.116955"></trkpt>
      <trkpt lat="34.943019" lon="139.117491"></trkpt>
      <trkpt lat="34.944235" lon="139.117846"></trkpt>
      <trkpt lat="34.944413" lon="139.117904"></trkpt>
      <trkpt lat="34.944655" lon="139.117932"></trkpt>
      <trkpt lat="34.944822" lon="139.117941"></trkpt>
      <trkpt lat="34.945075" lon="139.117921"></trkpt>
      <trkpt lat="34.945568" lon="139.11779"></trkpt>
      <trkpt lat="34.945877" lon="139.117693"></trkpt>
      <trkpt lat="34.946208" lon="139.117662"></trkpt>
      <trkpt lat="34.946405" lon="139.117723"></trkpt>
      <trkpt lat="34.946901" lon="139.117967"></trkpt>
      <trkpt lat="34.94752" lon="139.118342"></trkpt>
      <trkpt lat="34.947639" lon="139.118388"></trkpt>
      <trkpt lat="34.947844" lon="139.118513"></trkpt>
      <trkpt lat="34.948152" lon="139.118538"></trkpt>
      <trkpt lat="34.948886" lon="139.118516"></trkpt>
      <trkpt lat="34.949268" lon="139.118487"></trkpt>
      <trkpt lat="34.949456" lon="139.118472"></trkpt>
      <trkpt lat="34.950606" lon="139.118441"></trkpt>
      <trkpt lat="34.950793" lon="139.118481"></trkpt>
      <trkpt lat="34.951068" lon="139.11857"></trkpt>
      <trkpt lat="34.951366" lon="139.118642"></trkpt>
      <trkpt lat="34.951539" lon="139.118608"></trkpt>
      <trkpt lat="34.951669" lon="139.118545"></trkpt>
      <trkpt lat="34.951941" lon="139.118319"></trkpt>
      <trkpt lat="34.952159" lon="139.118123"></trkpt>
      <trkpt lat="34.952681" lon="139.117714"></trkpt>
      <trkpt lat="34.952756" lon="139.11766"></trkpt>
      <trkpt lat="34.953363" lon="139.117139"></trkpt>
      <trkpt lat="34.953596" lon="139.116976"></trkpt>
      <trkpt lat="34.954037" lon="139.116657"></trkpt>
      <trkpt lat="34.954379" lon="139.116519"></trkpt>
      <trkpt lat="34.954736" lon="139.116461"></trkpt>
      <trkpt lat="34.954952" lon="139.116481"></trkpt>
      <trkpt lat="34.95531" lon="139.116513"></trkpt>
      <trkpt lat="34.955387" lon="139.11652"></trkpt>
      <trkpt lat="34.955725" lon="139.116668"></trkpt>
      <trkpt lat="34.955826" lon="139.116749"></trkpt>
      <trkpt lat="34.955907" lon="139.116813"></trkpt>
      <trkpt lat="34.956284" lon="139.117272"></trkpt>
      <trkpt lat="34.956623" lon="139.117683"></trkpt>
      <trkpt lat="34.957584" lon="139.119073"></trkpt>
      <trkpt lat="34.957915" lon="139.119641"></trkpt>
      <trkpt lat="34.958075" lon="139.119917"></trkpt>
      <trkpt lat="34.958533" lon="139.120724"></trkpt>
      <trkpt lat="34.958578" lon="139.120804"></trkpt>
      <trkpt lat="34.958866" lon="139.121311"></trkpt>
      <trkpt lat="34.958946" lon="139.121452"></trkpt>
      <trkpt lat="34.959154" lon="139.121723"></trkpt>
      <trkpt lat="34.959218" lon="139.121777"></trkpt>
      <trkpt lat="34.959503" lon="139.122023"></trkpt>
      <trkpt lat="34.959974" lon="139.122429"></trkpt>
      <trkpt lat="34.960111" lon="139.122547"></trkpt>
      <trkpt lat="34.960321" lon="139.122716"></trkpt>
      <trkpt lat="34.960907" lon="139.123044"></trkpt>
      <trkpt lat="34.961773" lon="139.123475"></trkpt>
      <trkpt lat="34.961843" lon="139.123509"></trkpt>
      <trkpt lat="34.962275" lon="139.123722"></trkpt>
      <trkpt lat="34.963579" lon="139.124363"></trkpt>
      <trkpt lat="34.963711" lon="139.124414"></trkpt>
      <trkpt lat="34.963859" lon="139.124429"></trkpt>
      <trkpt lat="34.964011" lon="139.124414"></trkpt>
      <trkpt lat="34.964156" lon="139.12439"></trkpt>
      <trkpt lat="34.964333" lon="139.124343"></trkpt>
      <trkpt lat="34.964494" lon="139.124262"></trkpt>
      <trkpt lat="34.964696" lon="139.124144"></trkpt>
      <trkpt lat="34.96566" lon="139.12342"></trkpt>
      <trkpt lat="34.965923" lon="139.123261"></trkpt>
      <trkpt lat="34.966039" lon="139.123204"></trkpt>
      <trkpt lat="34.966158" lon="139.123165"></trkpt>
      <trkpt lat="34.966283" lon="139.123148"></trkpt>
      <trkpt lat="34.966397" lon="139.123148"></trkpt>
      <trkpt lat="34.966509" lon="139.123162"></trkpt>
      <trkpt lat="34.966633" lon="139.123202"></trkpt>
      <trkpt lat="34.967894" lon="139.123865"></trkpt>
      <trkpt lat="34.968086" lon="139.12395"></trkpt>
      <trkpt lat="34.968256" lon="139.123978"></trkpt>
      <trkpt lat="34.968418" lon="139.123968"></trkpt>
      <trkpt lat="34.968559" lon="139.123934"></trkpt>
      <trkpt lat="34.968729" lon="139.123866"></trkpt>
      <trkpt lat="34.96938" lon="139.123523"></trkpt>
      <trkpt lat="34.969817" lon="139.123286"></trkpt>
    </trkseg>
  </trk>
</gpx>